variant,seed,n_features,cust_n_cohorts,cust_Spearman,cust_MAE,cust_RMSE,cust_NDCG@10,cust_Top10_Inhib,cell_n_cohorts,cell_Spearman,cell_MAE,cell_RMSE,cell_NDCG@10,cell_Top10_Inhib
OLD,1,683,243,0.4745308092168718,20.219842964993884,24.36879860842123,0.7731638919625179,62.73497942386832,25,0.4227987562961338,20.219842964993884,24.36879860842123,0.811133112006645,71.884
OLD,2,683,243,0.4730094695126808,20.302535204256213,24.440023879632772,0.7711532407107279,62.51893004115226,25,0.4197760608585473,20.302535204256213,24.440023879632772,0.8228866257134334,72.304
OLD,3,683,243,0.4747244096233087,20.389971097523876,24.519541611850634,0.7669931985936456,62.40987654320987,25,0.4194097002261503,20.389971097523876,24.519541611850634,0.8175520105132081,71.54400000000001
NEW,1,698,243,0.48416544741364975,20.133349654306176,24.285557923793746,0.7817485743392076,63.169135802469135,25,0.43648000929993436,20.133349654306176,24.285557923793746,0.8224946965384536,72.064
NEW,2,698,243,0.4823809618042405,20.253142855501277,24.377464219589633,0.7819038142272768,63.620164609053504,25,0.43324331760156426,20.253142855501277,24.377464219589633,0.8274058150845351,72.72
NEW,3,698,243,0.4737268745549279,20.401792602706195,24.562057868509235,0.7732019885206289,62.89300411522634,25,0.4188795633477256,20.401792602706195,24.562057868509235,0.8149915808404637,70.3
