{
  "clean_exp_exp_med": {
    "variant": "clean_exp",
    "num_boost_round": 6239,
    "params": {
      "tree_method": "hist",
      "device": "cuda",
      "max_depth": 13,
      "learning_rate": 0.004998274438617547,
      "min_child_weight": 138,
      "subsample": 0.7515264828254578,
      "colsample_bytree": 0.4182276770391009,
      "gamma": 1.9369195974720954,
      "reg_lambda": 10.654538362400565,
      "reg_alpha": 2.9314301182576425
    },
    "cv_exp_med": 0.5503459783658935,
    "cv_gxc_med": 0.41274052071355527
  },
  "clean_exp_gxc_med": {
    "variant": "clean_exp",
    "num_boost_round": 5684,
    "params": {
      "tree_method": "hist",
      "device": "cuda",
      "max_depth": 12,
      "learning_rate": 0.0070117697420548864,
      "min_child_weight": 128,
      "subsample": 0.7934625082800734,
      "colsample_bytree": 0.40584567752603934,
      "gamma": 4.428889791038342,
      "reg_lambda": 12.379192790873187,
      "reg_alpha": 2.49708380382469
    },
    "cv_exp_med": 0.5476897787363348,
    "cv_gxc_med": 0.4275619858839182
  },
  "clean_gene_exp_med": {
    "variant": "clean_gene",
    "num_boost_round": 5941,
    "params": {
      "tree_method": "hist",
      "device": "cuda",
      "max_depth": 12,
      "learning_rate": 0.004804277794768826,
      "min_child_weight": 131,
      "subsample": 0.8490167887734463,
      "colsample_bytree": 0.5178869079192633,
      "gamma": 5.550106202879606,
      "reg_lambda": 11.739195412555834,
      "reg_alpha": 0.7978672235057911
    },
    "cv_exp_med": 0.5508666583162236,
    "cv_gxc_med": 0.4216414778364017
  },
  "clean_gene_gxc_med": {
    "variant": "clean_gene",
    "num_boost_round": 6537,
    "params": {
      "tree_method": "hist",
      "device": "cuda",
      "max_depth": 14,
      "learning_rate": 0.004213552841413954,
      "min_child_weight": 130,
      "subsample": 0.8488755408159513,
      "colsample_bytree": 0.41251148610000143,
      "gamma": 5.243740580551425,
      "reg_lambda": 12.67076730219519,
      "reg_alpha": 1.7883859558155508
    },
    "cv_exp_med": 0.549281358457337,
    "cv_gxc_med": 0.4297783809840596
  },
  "reg_exp_med": {
    "variant": "reg",
    "num_boost_round": 5662,
    "params": {
      "tree_method": "hist",
      "device": "cuda",
      "max_depth": 12,
      "learning_rate": 0.007304785337826039,
      "min_child_weight": 178,
      "subsample": 0.9260494038493405,
      "colsample_bytree": 0.3052108502794771,
      "gamma": 0.5964538891394238,
      "reg_lambda": 9.785168390391412,
      "reg_alpha": 0.9331332671603934
    },
    "cv_exp_med": 0.540880014126899,
    "cv_gxc_med": 0.40264624758033535
  },
  "reg_gxc_med": {
    "variant": "reg",
    "num_boost_round": 6902,
    "params": {
      "tree_method": "hist",
      "device": "cuda",
      "max_depth": 11,
      "learning_rate": 0.008702752339883183,
      "min_child_weight": 27,
      "subsample": 0.8121111581278974,
      "colsample_bytree": 0.5870216308037386,
      "gamma": 1.4310102483633413,
      "reg_lambda": 3.3923816009322296,
      "reg_alpha": 1.2496558456771425
    },
    "cv_exp_med": 0.516440860289358,
    "cv_gxc_med": 0.4083995283792484
  }
}
