label,exp_med
OligoAI,0.4455692056413345
OligoWalk·intra,0.16895074979597569
OligoWalk·Tm,-0.15105027572593183
OligoWalk·duplex,0.1398633435491015
OligoWalk,0.0822795921927019
miRanda·E,0.12816902183477646
miRanda,0.12654228173979643
sfold,0.10485517507125786
PFRED,0.0151216593738857
PFRED·SVM,-0.005487109703176693
