{
    "Train": {
        "MAE": 15.903016203842087,
        "RMSD": 19.8207919323009,
        "Spearman": 0.5756808949612612,
        "Median_Top1_Inhib": 81.0,
        "Median_Top5_Inhib": 76.0
    },
    "Validation": {
        "MAE": 14.718217324451922,
        "RMSD": 18.438911775429663,
        "Spearman": 0.6187374731127752,
        "Median_Top1_Inhib": 74.5,
        "Median_Top5_Inhib": 71.0
    }
}