feature,n,pearson_r,spearman_rho,spearman_p,cohort_median_spearman,n_cohorts
access_120flank_13access_13-26-39seed_sizes,118808,-0.09119217407477521,-0.09488390721740726,1.1837896466798507e-235,-0.15848312367401968,21
access_120flank_8access_4-6-8seed_sizes,118798,-0.08949477639270964,-0.09125171353366299,5.042167307477643e-218,-0.13548591757106176,21
access_120flank_10access_4-6-8seed_sizes,118798,-0.08979525514754758,-0.09210469188295979,4.2646373656671207e-222,-0.13316336450517013,21
access_120flank_6access_4-6seed_sizes,118798,-0.08698208434969709,-0.0875696730226779,6.955815125338613e-201,-0.13196347936646116,21
access_120flank_13access_4-6-8seed_sizes,118808,-0.08849741600649107,-0.09109347846409235,2.7277520265441893e-217,-0.12904639140464225,21
access_120flank_20access_4-6-8seed_sizes,118790,-0.07827020737360373,-0.07997219276248446,9.147051001570508e-168,-0.10523883575070458,21
