obs,stat,cell,group,sub,value,err,n_positions,n_duplexes,n_replicates
Buckle,mean,D:R@AAA,D:R,AAA,8.218193223333333,1.7688292928941411,80,16,5
Buckle,sd,D:R@AAA,D:R,AAA,11.806362922630191,,80,16,5
Buckle,mean,D:R@AAC,D:R,AAC,10.36397930524109,0.9446478945279884,159,32,5
Buckle,sd,D:R@AAC,D:R,AAC,10.557523500258748,,159,32,5
Buckle,mean,D:R@AAG,D:R,AAG,10.053418010666666,1.6283324190424682,100,20,5
Buckle,sd,D:R@AAG,D:R,AAG,11.201589285070286,,100,20,5
Buckle,mean,D:R@AAT,D:R,AAT,6.920162729855073,0.8431247342867252,115,23,5
Buckle,sd,D:R@AAT,D:R,AAT,10.596877004816841,,115,23,5
Buckle,mean,D:R@ACA,D:R,ACA,13.921996600409,0.7546466822121439,163,32,5
Buckle,sd,D:R@ACA,D:R,ACA,10.132091663836514,,163,32,5
Buckle,mean,D:R@ACC,D:R,ACC,8.005024804285712,0.5268006124228782,140,27,5
Buckle,sd,D:R@ACC,D:R,ACC,9.924931562307778,,140,27,5
Buckle,mean,D:R@ACG,D:R,ACG,15.214726752643676,0.9278059903092116,145,29,5
Buckle,sd,D:R@ACG,D:R,ACG,10.37816236919236,,145,29,5
Buckle,mean,D:R@ACT,D:R,ACT,6.300783601212121,0.6149788725533223,165,31,5
Buckle,sd,D:R@ACT,D:R,ACT,9.086567951132556,,165,31,5
Buckle,mean,D:R@AGA,D:R,AGA,6.629219080784314,0.91432880796956,85,17,5
Buckle,sd,D:R@AGA,D:R,AGA,10.918474781381088,,85,17,5
Buckle,mean,D:R@AGC,D:R,AGC,8.22036203911111,0.6733667223535824,150,29,5
Buckle,sd,D:R@AGC,D:R,AGC,9.850251273091514,,150,29,5
Buckle,mean,D:R@AGG,D:R,AGG,7.467816255833332,0.43188601861886866,80,16,5
Buckle,sd,D:R@AGG,D:R,AGG,9.716438276323897,,80,16,5
Buckle,mean,D:R@AGT,D:R,AGT,6.985413087272728,0.6463846049152335,165,33,5
Buckle,sd,D:R@AGT,D:R,AGT,9.992117993607167,,165,33,5
Buckle,mean,D:R@ATA,D:R,ATA,13.068184126666669,0.7242974481421567,110,21,5
Buckle,sd,D:R@ATA,D:R,ATA,10.368735834514302,,110,21,5
Buckle,mean,D:R@ATC,D:R,ATC,9.109142244444445,0.6441410849013405,183,37,5
Buckle,sd,D:R@ATC,D:R,ATC,9.996202966567036,,183,37,5
Buckle,mean,D:R@ATG,D:R,ATG,10.699594672435897,0.8874726250341852,104,21,5
Buckle,sd,D:R@ATG,D:R,ATG,10.563348116095854,,104,21,5
Buckle,mean,D:R@ATT,D:R,ATT,6.13482459090909,0.6142028530233514,110,22,5
Buckle,sd,D:R@ATT,D:R,ATT,9.855418423580966,,110,22,5
Buckle,mean,D:R@CAA,D:R,CAA,8.547739185599998,1.1311307304790053,125,25,5
Buckle,sd,D:R@CAA,D:R,CAA,11.384731831017506,,125,25,5
Buckle,mean,D:R@CAC,D:R,CAC,8.828741987472037,0.6843191538472321,149,30,5
Buckle,sd,D:R@CAC,D:R,CAC,10.478925153735045,,149,30,5
Buckle,mean,D:R@CAG,D:R,CAG,9.991027904086023,0.708502341860063,155,31,5
Buckle,sd,D:R@CAG,D:R,CAG,10.503791775261961,,155,31,5
Buckle,mean,D:R@CAT,D:R,CAT,6.697749198095238,0.8734035472683421,105,20,5
Buckle,sd,D:R@CAT,D:R,CAT,10.379779803613385,,105,20,5
Buckle,mean,D:R@CCA,D:R,CCA,8.403390643459916,0.5126644094224678,158,32,5
Buckle,sd,D:R@CCA,D:R,CCA,9.811451356370178,,158,32,5
Buckle,mean,D:R@CCC,D:R,CCC,4.733770977777778,0.8507442197023672,60,12,5
Buckle,sd,D:R@CCC,D:R,CCC,9.2314711766532,,60,12,5
Buckle,mean,D:R@CCG,D:R,CCG,9.01273953050505,0.45023451256022046,165,33,5
Buckle,sd,D:R@CCG,D:R,CCG,10.457908145498504,,165,33,5
Buckle,mean,D:R@CCT,D:R,CCT,3.2788153930666666,0.3862980448324721,125,25,5
Buckle,sd,D:R@CCT,D:R,CCT,8.896068585933282,,125,25,5
Buckle,mean,D:R@CGA,D:R,CGA,3.9491797638888886,0.6676484702933755,120,24,5
Buckle,sd,D:R@CGA,D:R,CGA,11.21645396058617,,120,24,5
Buckle,mean,D:R@CGC,D:R,CGC,6.642860992222222,0.8958226030677113,120,24,5
Buckle,sd,D:R@CGC,D:R,CGC,10.177980627947845,,120,24,5
Buckle,mean,D:R@CGG,D:R,CGG,5.762730796470588,0.6070795279108411,170,34,5
Buckle,sd,D:R@CGG,D:R,CGG,10.265727626884619,,170,34,5
Buckle,mean,D:R@CGT,D:R,CGT,3.0579695375238103,0.5114376613758175,175,33,5
Buckle,sd,D:R@CGT,D:R,CGT,10.426224235960435,,175,33,5
Buckle,mean,D:R@CTA,D:R,CTA,7.71735332691358,0.5960558696129522,135,27,5
Buckle,sd,D:R@CTA,D:R,CTA,9.354084037834063,,135,27,5
Buckle,mean,D:R@CTC,D:R,CTC,5.541258931840796,0.4548008827795851,134,27,5
Buckle,sd,D:R@CTC,D:R,CTC,9.090785422872147,,134,27,5
Buckle,mean,D:R@CTG,D:R,CTG,7.078023788009592,0.5496236382332362,139,28,5
Buckle,sd,D:R@CTG,D:R,CTG,9.727746574023735,,139,28,5
Buckle,mean,D:R@CTT,D:R,CTT,3.8563971369105685,0.32457938092719196,205,40,5
Buckle,sd,D:R@CTT,D:R,CTT,8.973983288163673,,205,40,5
Buckle,mean,D:R@GAA,D:R,GAA,3.711717670370371,1.1147609150395883,144,29,5
Buckle,sd,D:R@GAA,D:R,GAA,12.467211383962686,,144,29,5
Buckle,mean,D:R@GAC,D:R,GAC,7.405586136574074,1.1738652049664555,144,28,5
Buckle,sd,D:R@GAC,D:R,GAC,10.73015954235148,,144,28,5
Buckle,mean,D:R@GAG,D:R,GAG,7.647503497777777,1.5100915507782424,75,15,5
Buckle,sd,D:R@GAG,D:R,GAG,11.56303598690172,,75,15,5
Buckle,mean,D:R@GAT,D:R,GAT,3.2703698010256406,1.0588246018496825,130,26,5
Buckle,sd,D:R@GAT,D:R,GAT,10.97346420071168,,130,26,5
Buckle,mean,D:R@GCA,D:R,GCA,11.678883715333335,1.1859468461727116,100,20,5
Buckle,sd,D:R@GCA,D:R,GCA,9.771055079475042,,100,20,5
Buckle,mean,D:R@GCC,D:R,GCC,6.409206350416667,0.5160642795177345,160,32,5
Buckle,sd,D:R@GCC,D:R,GCC,9.356642888910962,,160,32,5
Buckle,mean,D:R@GCG,D:R,GCG,11.355325554133337,0.8166266910546394,125,24,5
Buckle,sd,D:R@GCG,D:R,GCG,10.344738116898089,,125,24,5
Buckle,mean,D:R@GCT,D:R,GCT,4.448781068148148,0.4742408007727049,135,27,5
Buckle,sd,D:R@GCT,D:R,GCT,8.861137304063508,,135,27,5
Buckle,mean,D:R@GGA,D:R,GGA,1.5227634141414144,0.7689700588482169,165,33,5
Buckle,sd,D:R@GGA,D:R,GGA,11.021575028045259,,165,33,5
Buckle,mean,D:R@GGC,D:R,GGC,3.4353005287499996,0.6363122215320312,160,30,5
Buckle,sd,D:R@GGC,D:R,GGC,10.526888436533103,,160,30,5
Buckle,mean,D:R@GGG,D:R,GGG,3.6290853825641025,1.1873919814210359,65,13,5
Buckle,sd,D:R@GGG,D:R,GGG,9.901127107436642,,65,13,5
Buckle,mean,D:R@GGT,D:R,GGT,2.3183321860215056,0.7093537503339278,124,25,5
Buckle,sd,D:R@GGT,D:R,GGT,10.158515989450063,,124,25,5
Buckle,mean,D:R@GTA,D:R,GTA,9.096929911111111,0.6634126542955631,183,37,5
Buckle,sd,D:R@GTA,D:R,GTA,10.590918332562886,,183,37,5
Buckle,mean,D:R@GTC,D:R,GTC,4.520448325814536,0.6954849655861026,133,26,5
Buckle,sd,D:R@GTC,D:R,GTC,10.410174339909487,,133,26,5
Buckle,mean,D:R@GTG,D:R,GTG,7.841476453225806,1.0465009193009047,124,24,5
Buckle,sd,D:R@GTG,D:R,GTG,10.522220027465517,,124,24,5
Buckle,mean,D:R@GTT,D:R,GTT,3.0262843055999995,0.7381891592342739,125,25,5
Buckle,sd,D:R@GTT,D:R,GTT,10.348564841765024,,125,25,5
Buckle,mean,D:R@TAA,D:R,TAA,7.454215626031744,0.6638492434094316,105,21,5
Buckle,sd,D:R@TAA,D:R,TAA,11.195031092331497,,105,21,5
Buckle,mean,D:R@TAC,D:R,TAC,8.2530386300813,0.7693237927083428,164,33,5
Buckle,sd,D:R@TAC,D:R,TAC,10.284380951887014,,164,33,5
Buckle,mean,D:R@TAG,D:R,TAG,7.870468496551724,0.9310382480752751,145,28,5
Buckle,sd,D:R@TAG,D:R,TAG,10.652643280893733,,145,28,5
Buckle,mean,D:R@TAT,D:R,TAT,5.488819934623656,0.6325953203281992,155,30,5
Buckle,sd,D:R@TAT,D:R,TAT,10.391625578717631,,155,30,5
Buckle,mean,D:R@TCA,D:R,TCA,14.051878338181819,0.6390921233442982,110,22,5
Buckle,sd,D:R@TCA,D:R,TCA,10.077784578185527,,110,22,5
Buckle,mean,D:R@TCC,D:R,TCC,7.360024395268817,0.5668459723601001,155,31,5
Buckle,sd,D:R@TCC,D:R,TCC,9.703463967534033,,155,31,5
Buckle,mean,D:R@TCG,D:R,TCG,13.912314667916666,0.7117282413388214,160,32,5
Buckle,sd,D:R@TCG,D:R,TCG,10.485378792715284,,160,32,5
Buckle,mean,D:R@TCT,D:R,TCT,6.3459672803508775,0.46472858993696914,190,35,5
Buckle,sd,D:R@TCT,D:R,TCT,9.127142167705982,,190,35,5
Buckle,mean,D:R@TGA,D:R,TGA,2.4850637713333334,0.8459174909810154,100,20,5
Buckle,sd,D:R@TGA,D:R,TGA,10.877059685887419,,100,20,5
Buckle,mean,D:R@TGC,D:R,TGC,5.626049342028985,0.44715304260886374,115,22,5
Buckle,sd,D:R@TGC,D:R,TGC,9.745355533475927,,115,22,5
Buckle,mean,D:R@TGG,D:R,TGG,5.301627540350878,0.5528013588657038,190,36,5
Buckle,sd,D:R@TGG,D:R,TGG,9.827072608713136,,190,36,5
Buckle,mean,D:R@TGT,D:R,TGT,2.5556647162666666,0.5516217087518303,125,25,5
Buckle,sd,D:R@TGT,D:R,TGT,10.201857269528888,,125,25,5
Buckle,mean,D:R@TTA,D:R,TTA,10.627358657711444,0.7476969005653706,134,27,5
Buckle,sd,D:R@TTA,D:R,TTA,10.025852096971676,,134,27,5
Buckle,mean,D:R@TTC,D:R,TTC,8.734778894666666,0.5206123068050345,150,29,5
Buckle,sd,D:R@TTC,D:R,TTC,9.93025520621039,,150,29,5
Buckle,mean,D:R@TTG,D:R,TTG,9.829053766222223,0.9451509088640417,150,30,5
Buckle,sd,D:R@TTG,D:R,TTG,10.371939840181106,,150,30,5
Buckle,mean,D:R@TTT,D:R,TTT,6.7825840423529415,0.7352478306727777,85,17,5
Buckle,sd,D:R@TTT,D:R,TTT,9.460599083693024,,85,17,5
Buckle,mean,E:R@AAA,E:R,AAA,-2.4543895038095234,0.6603872124756998,70,13,5
Buckle,sd,E:R@AAA,E:R,AAA,9.81124380184967,,70,13,5
Buckle,mean,E:R@AAC,E:R,AAC,-4.069571520784314,0.3382444189742619,85,17,5
Buckle,sd,E:R@AAC,E:R,AAC,8.633540932309703,,85,17,5
Buckle,mean,E:R@AAG,E:R,AAG,-0.16062956235294118,0.6900596276193212,85,17,5
Buckle,sd,E:R@AAG,E:R,AAG,9.039072073007292,,85,17,5
Buckle,mean,E:R@AAT,E:R,AAT,-5.53463938962963,0.31912911203148087,90,18,5
Buckle,sd,E:R@AAT,E:R,AAT,8.954004770255453,,90,18,5
Buckle,mean,E:R@ACA,E:R,ACA,-1.5174765252173914,0.43085588039206685,115,23,5
Buckle,sd,E:R@ACA,E:R,ACA,7.941791001902025,,115,23,5
Buckle,mean,E:R@ACC,E:R,ACC,-3.2420156329824565,0.4931380701115944,95,19,5
Buckle,sd,E:R@ACC,E:R,ACC,7.264923481906695,,95,19,5
Buckle,mean,E:R@ACG,E:R,ACG,-1.1039246133333331,0.6284643093068163,70,14,5
Buckle,sd,E:R@ACG,E:R,ACG,7.998495354581868,,70,14,5
Buckle,mean,E:R@ACT,E:R,ACT,-5.663978288695652,0.4423203918099331,115,22,5
Buckle,sd,E:R@ACT,E:R,ACT,8.049337365926279,,115,22,5
Buckle,mean,E:R@AGA,E:R,AGA,-2.8852990266666665,0.7261539475534884,80,16,5
Buckle,sd,E:R@AGA,E:R,AGA,9.196833100956956,,80,16,5
Buckle,mean,E:R@AGC,E:R,AGC,-2.9335713816091955,0.25235863797246305,145,28,5
Buckle,sd,E:R@AGC,E:R,AGC,8.022195524784708,,145,28,5
Buckle,mean,E:R@AGG,E:R,AGG,-1.8887546020512824,0.5084880615719439,65,13,5
Buckle,sd,E:R@AGG,E:R,AGG,8.340164390591667,,65,13,5
Buckle,mean,E:R@AGT,E:R,AGT,-3.5821841397101446,0.21085139169092137,115,23,5
Buckle,sd,E:R@AGT,E:R,AGT,8.29131903084891,,115,23,5
Buckle,mean,E:R@ATA,E:R,ATA,-3.394131056565656,0.8829530091436499,99,19,5
Buckle,sd,E:R@ATA,E:R,ATA,8.613684225498108,,99,19,5
Buckle,mean,E:R@ATC,E:R,ATC,-4.880258236862746,0.41924121480384796,85,17,5
Buckle,sd,E:R@ATC,E:R,ATC,7.8178122007364825,,85,17,5
Buckle,mean,E:R@ATG,E:R,ATG,-4.57443777037037,0.7377642202222086,72,15,5
Buckle,sd,E:R@ATG,E:R,ATG,8.610272497517307,,72,15,5
Buckle,mean,E:R@ATT,E:R,ATT,-7.224479234166667,0.6192594409364843,80,16,5
Buckle,sd,E:R@ATT,E:R,ATT,8.12144615253174,,80,16,5
Buckle,mean,E:R@CAA,E:R,CAA,-5.820479832941177,0.8401239245434333,85,17,5
Buckle,sd,E:R@CAA,E:R,CAA,9.710147002689032,,85,17,5
Buckle,mean,E:R@CAC,E:R,CAC,-6.551400175438596,0.6381216163366743,95,18,5
Buckle,sd,E:R@CAC,E:R,CAC,8.822780806874254,,95,18,5
Buckle,mean,E:R@CAG,E:R,CAG,-2.259564501075269,0.6265386973926126,124,25,5
Buckle,sd,E:R@CAG,E:R,CAG,8.921517961915834,,124,25,5
Buckle,mean,E:R@CAT,E:R,CAT,-6.450530583589744,0.835132665088238,65,12,5
Buckle,sd,E:R@CAT,E:R,CAT,9.15412348542101,,65,12,5
Buckle,mean,E:R@CCA,E:R,CCA,-0.5041383568,0.37736752487475905,125,25,5
Buckle,sd,E:R@CCA,E:R,CCA,7.698940544768114,,125,25,5
Buckle,mean,E:R@CCC,E:R,CCC,-3.000706066666667,0.4801712115193215,35,7,5
Buckle,sd,E:R@CCC,E:R,CCC,7.034001327127572,,35,7,5
Buckle,mean,E:R@CCG,E:R,CCG,-1.2672460393333334,0.3846826729570592,100,20,5
Buckle,sd,E:R@CCG,E:R,CCG,7.71000812037814,,100,20,5
Buckle,mean,E:R@CCT,E:R,CCT,-4.824724872888889,0.329894883184242,75,15,5
Buckle,sd,E:R@CCT,E:R,CCT,7.029975714112566,,75,15,5
Buckle,mean,E:R@CGA,E:R,CGA,-7.168675873650793,0.7498007430574956,105,21,5
Buckle,sd,E:R@CGA,E:R,CGA,9.266157938266435,,105,21,5
Buckle,mean,E:R@CGC,E:R,CGC,-7.15581074222222,0.7162945036698114,75,14,5
Buckle,sd,E:R@CGC,E:R,CGC,8.316197201349103,,75,14,5
Buckle,mean,E:R@CGG,E:R,CGG,-7.488467939999998,0.5996760007375879,70,14,5
Buckle,sd,E:R@CGG,E:R,CGG,8.549556734450354,,70,14,5
Buckle,mean,E:R@CGT,E:R,CGT,-9.223862829473685,0.4975010084013313,95,19,5
Buckle,sd,E:R@CGT,E:R,CGT,8.213031480748443,,95,19,5
Buckle,mean,E:R@CTA,E:R,CTA,-1.4844992042105267,0.6630506529214282,95,19,5
Buckle,sd,E:R@CTA,E:R,CTA,7.960217086491478,,95,19,5
Buckle,mean,E:R@CTC,E:R,CTC,-4.381131539999999,0.3290315073565567,60,12,5
Buckle,sd,E:R@CTC,E:R,CTC,7.593135635346564,,60,12,5
Buckle,mean,E:R@CTG,E:R,CTG,-1.3238610019230768,0.55716313704099,104,21,5
Buckle,sd,E:R@CTG,E:R,CTG,7.990279292567773,,104,21,5
Buckle,mean,E:R@CTT,E:R,CTT,-6.610513043888888,0.2962187069577385,120,23,5
Buckle,sd,E:R@CTT,E:R,CTT,7.637165325850941,,120,23,5
Buckle,mean,E:R@GAA,E:R,GAA,-6.245791680996885,0.5629126183233951,107,22,5
Buckle,sd,E:R@GAA,E:R,GAA,9.58648776120144,,107,22,5
Buckle,mean,E:R@GAC,E:R,GAC,-6.401348215053764,0.41989363698185,124,24,5
Buckle,sd,E:R@GAC,E:R,GAC,8.632241319870975,,124,24,5
Buckle,mean,E:R@GAG,E:R,GAG,-4.683121489166666,0.6784386064982844,80,16,5
Buckle,sd,E:R@GAG,E:R,GAG,8.973335975970006,,80,16,5
Buckle,mean,E:R@GAT,E:R,GAT,-8.060474546987951,0.4649632198118832,83,17,5
Buckle,sd,E:R@GAT,E:R,GAT,8.870836405916288,,83,17,5
Buckle,mean,E:R@GCA,E:R,GCA,-1.315768608888889,0.6768635708842694,75,15,5
Buckle,sd,E:R@GCA,E:R,GCA,7.91119334793053,,75,15,5
Buckle,mean,E:R@GCC,E:R,GCC,-3.250862788333334,0.40379581599485764,120,24,5
Buckle,sd,E:R@GCC,E:R,GCC,7.205690867999233,,120,24,5
Buckle,mean,E:R@GCG,E:R,GCG,-0.6005998412698413,0.5815343042732228,105,20,5
Buckle,sd,E:R@GCG,E:R,GCG,8.003813667428869,,105,20,5
Buckle,mean,E:R@GCT,E:R,GCT,-6.48668217122807,0.3641060449965794,95,19,5
Buckle,sd,E:R@GCT,E:R,GCT,7.298340506532988,,95,19,5
Buckle,mean,E:R@GGA,E:R,GGA,-6.4130504901960785,0.7599742210752318,85,17,5
Buckle,sd,E:R@GGA,E:R,GGA,8.919462656028559,,85,17,5
Buckle,mean,E:R@GGC,E:R,GGC,-6.552314700266667,0.3003615093019034,125,25,5
Buckle,sd,E:R@GGC,E:R,GGC,7.895453549282304,,125,25,5
Buckle,mean,E:R@GGG,E:R,GGG,-5.801610176666667,0.8143986936260159,60,12,5
Buckle,sd,E:R@GGG,E:R,GGG,8.359838199130117,,60,12,5
Buckle,mean,E:R@GGT,E:R,GGT,-6.609995477575756,0.5295670318137102,55,11,5
Buckle,sd,E:R@GGT,E:R,GGT,8.126262738116095,,55,11,5
Buckle,mean,E:R@GTA,E:R,GTA,-4.407547627619047,0.6283090525634701,70,14,5
Buckle,sd,E:R@GTA,E:R,GTA,8.642848082993956,,70,14,5
Buckle,mean,E:R@GTC,E:R,GTC,-5.117879232380951,0.5195519230927218,70,12,5
Buckle,sd,E:R@GTC,E:R,GTC,8.032987198543161,,70,12,5
Buckle,mean,E:R@GTG,E:R,GTG,-4.2572849544303795,0.7678949978544368,79,16,5
Buckle,sd,E:R@GTG,E:R,GTG,8.356461670846706,,79,16,5
Buckle,mean,E:R@GTT,E:R,GTT,-8.179104800701754,0.5350194867093067,95,19,5
Buckle,sd,E:R@GTT,E:R,GTT,7.880381013779277,,95,19,5
Buckle,mean,E:R@TAA,E:R,TAA,-4.380296322222222,0.9809793365434698,60,12,5
Buckle,sd,E:R@TAA,E:R,TAA,9.528312357598168,,60,12,5
Buckle,mean,E:R@TAC,E:R,TAC,-5.8016109848797255,0.46535811336018545,97,19,5
Buckle,sd,E:R@TAC,E:R,TAC,8.776585570389118,,97,19,5
Buckle,mean,E:R@TAG,E:R,TAG,-2.5091771832098764,0.4827825373575189,135,24,5
Buckle,sd,E:R@TAG,E:R,TAG,8.909136925098718,,135,24,5
Buckle,mean,E:R@TAT,E:R,TAT,-6.809494298245615,0.6117183453020688,95,19,5
Buckle,sd,E:R@TAT,E:R,TAT,8.88872045765093,,95,19,5
Buckle,mean,E:R@TCA,E:R,TCA,1.1932051,1.2474029705884302,50,10,5
Buckle,sd,E:R@TCA,E:R,TCA,7.9215106959497525,,50,10,5
Buckle,mean,E:R@TCC,E:R,TCC,-3.155094520000001,0.49017865863104826,85,17,5
Buckle,sd,E:R@TCC,E:R,TCC,7.461080501895168,,85,17,5
Buckle,mean,E:R@TCG,E:R,TCG,-2.100068377142857,0.4904342721614938,70,14,5
Buckle,sd,E:R@TCG,E:R,TCG,7.959483051112429,,70,14,5
Buckle,mean,E:R@TCT,E:R,TCT,-5.9238129504,0.5089323357143294,125,24,5
Buckle,sd,E:R@TCT,E:R,TCT,7.3602531383485195,,125,24,5
Buckle,mean,E:R@TGA,E:R,TGA,-7.419645276363636,0.5754224087634852,110,21,5
Buckle,sd,E:R@TGA,E:R,TGA,9.025918054723212,,110,21,5
Buckle,mean,E:R@TGC,E:R,TGC,-4.911835043333333,0.4681183344587682,80,16,5
Buckle,sd,E:R@TGC,E:R,TGC,7.914045630480686,,80,16,5
Buckle,mean,E:R@TGG,E:R,TGG,-5.862344404912282,0.4274315503827364,95,19,5
Buckle,sd,E:R@TGG,E:R,TGG,8.256244221989624,,95,19,5
Buckle,mean,E:R@TGT,E:R,TGT,-6.831847288571429,0.5151814062119432,70,14,5
Buckle,sd,E:R@TGT,E:R,TGT,8.108530824941187,,70,14,5
Buckle,mean,E:R@TTA,E:R,TTA,-2.8355055133333336,0.6013222105730538,110,21,5
Buckle,sd,E:R@TTA,E:R,TTA,8.264358007604827,,110,21,5
Buckle,mean,E:R@TTC,E:R,TTC,-5.332479114920635,0.48415095735246766,105,20,5
Buckle,sd,E:R@TTC,E:R,TTC,7.795299031700587,,105,20,5
Buckle,mean,E:R@TTG,E:R,TTG,-3.4657260711610487,0.8691184958898022,89,18,5
Buckle,sd,E:R@TTG,E:R,TTG,8.341073619107481,,89,18,5
Buckle,mean,E:R@TTT,E:R,TTT,-7.252926640000001,0.916934934995998,45,8,5
Buckle,sd,E:R@TTT,E:R,TTT,8.053470923335382,,45,8,5
Buckle,mean,M:R@AAA,M:R,AAA,1.2450548166666668,1.7005435227535757,60,12,5
Buckle,sd,M:R@AAA,M:R,AAA,9.495670382625962,,60,12,5
Buckle,mean,M:R@AAC,M:R,AAC,1.7457225152941178,0.5468831296990508,85,17,5
Buckle,sd,M:R@AAC,M:R,AAC,8.865683697857156,,85,17,5
Buckle,mean,M:R@AAG,M:R,AAG,-0.22390821743589748,0.954338659478728,65,13,5
Buckle,sd,M:R@AAG,M:R,AAG,8.937984001648655,,65,13,5
Buckle,mean,M:R@AAT,M:R,AAT,-1.4489098235294116,0.6758624866804193,85,17,5
Buckle,sd,M:R@AAT,M:R,AAT,8.539051001004685,,85,17,5
Buckle,mean,M:R@ACA,M:R,ACA,5.216721756825396,1.0673538446507078,105,21,5
Buckle,sd,M:R@ACA,M:R,ACA,8.575525923343276,,105,21,5
Buckle,mean,M:R@ACC,M:R,ACC,4.802047491014493,0.8697671967676103,115,23,5
Buckle,sd,M:R@ACC,M:R,ACC,8.10620429744704,,115,23,5
Buckle,mean,M:R@ACG,M:R,ACG,7.9131659084444435,1.208720400072774,75,15,5
Buckle,sd,M:R@ACG,M:R,ACG,9.177628620573088,,75,15,5
Buckle,mean,M:R@ACT,M:R,ACT,1.8644742406666666,0.834433387476032,100,19,5
Buckle,sd,M:R@ACT,M:R,ACT,8.168818377039683,,100,19,5
Buckle,mean,M:R@AGA,M:R,AGA,-0.09766747466666677,0.8133122032155534,100,20,5
Buckle,sd,M:R@AGA,M:R,AGA,8.865878530701785,,100,20,5
Buckle,mean,M:R@AGC,M:R,AGC,3.3552331773333335,0.5240174341056236,100,19,5
Buckle,sd,M:R@AGC,M:R,AGC,8.19709489383027,,100,19,5
Buckle,mean,M:R@AGG,M:R,AGG,0.926228438888889,1.4059567658398273,60,12,5
Buckle,sd,M:R@AGG,M:R,AGG,8.175329836103133,,60,12,5
Buckle,mean,M:R@AGT,M:R,AGT,-1.2045944515151517,0.4211394918282341,110,22,5
Buckle,sd,M:R@AGT,M:R,AGT,8.276581784930471,,110,22,5
Buckle,mean,M:R@ATA,M:R,ATA,0.08628110871794885,1.342956303228622,65,12,5
Buckle,sd,M:R@ATA,M:R,ATA,8.853317376681568,,65,12,5
Buckle,mean,M:R@ATC,M:R,ATC,2.651648594133333,0.8489768177086241,125,25,5
Buckle,sd,M:R@ATC,M:R,ATC,8.643986860931731,,125,25,5
Buckle,mean,M:R@ATG,M:R,ATG,-0.6398189133333334,1.2861321203457077,90,18,5
Buckle,sd,M:R@ATG,M:R,ATG,9.058069666075447,,90,18,5
Buckle,mean,M:R@ATT,M:R,ATT,-1.0164760379487179,1.1506773174531373,65,13,5
Buckle,sd,M:R@ATT,M:R,ATT,8.392405260693684,,65,13,5
Buckle,mean,M:R@CAA,M:R,CAA,-4.644620832888889,0.9928539225667712,75,15,5
Buckle,sd,M:R@CAA,M:R,CAA,9.914963779606616,,75,15,5
Buckle,mean,M:R@CAC,M:R,CAC,-0.22532917797101448,0.7199620034768015,115,23,5
Buckle,sd,M:R@CAC,M:R,CAC,9.423530102381049,,115,23,5
Buckle,mean,M:R@CAG,M:R,CAG,-0.9888473726984127,0.6816750101697285,105,21,5
Buckle,sd,M:R@CAG,M:R,CAG,9.054007978414681,,105,21,5
Buckle,mean,M:R@CAT,M:R,CAT,-3.8410729876923075,0.7044339331509845,65,12,5
Buckle,sd,M:R@CAT,M:R,CAT,9.3522064054698,,65,12,5
Buckle,mean,M:R@CCA,M:R,CCA,5.546181957222222,0.5541420389152413,120,24,5
Buckle,sd,M:R@CCA,M:R,CCA,8.382837511663253,,120,24,5
Buckle,mean,M:R@CCC,M:R,CCC,7.013902408333332,1.3211069853073822,40,8,5
Buckle,sd,M:R@CCC,M:R,CCC,8.207005789272662,,40,8,5
Buckle,mean,M:R@CCG,M:R,CCG,7.154644257777778,0.7675696545766078,120,24,5
Buckle,sd,M:R@CCG,M:R,CCG,9.19941800937904,,120,24,5
Buckle,mean,M:R@CCT,M:R,CCT,0.7202525283333334,0.5635344986454106,80,16,5
Buckle,sd,M:R@CCT,M:R,CCT,8.111098872595763,,80,16,5
Buckle,mean,M:R@CGA,M:R,CGA,-4.779930037037037,0.897342831815268,90,18,5
Buckle,sd,M:R@CGA,M:R,CGA,9.436261685791031,,90,18,5
Buckle,mean,M:R@CGC,M:R,CGC,-2.881488251282051,1.126171789734766,65,13,5
Buckle,sd,M:R@CGC,M:R,CGC,9.516997309574784,,65,13,5
Buckle,mean,M:R@CGG,M:R,CGG,-3.4461318939682544,0.6417874106806399,105,21,5
Buckle,sd,M:R@CGG,M:R,CGG,8.813534822515049,,105,21,5
Buckle,mean,M:R@CGT,M:R,CGT,-4.235859743492064,0.443744949041285,105,21,5
Buckle,sd,M:R@CGT,M:R,CGT,8.45251333024769,,105,21,5
Buckle,mean,M:R@CTA,M:R,CTA,0.3807244792592593,0.6090776985639487,90,18,5
Buckle,sd,M:R@CTA,M:R,CTA,8.66883348887185,,90,18,5
Buckle,mean,M:R@CTC,M:R,CTC,1.985411722424243,0.5596787782287318,55,10,5
Buckle,sd,M:R@CTC,M:R,CTC,8.277670078293957,,55,10,5
Buckle,mean,M:R@CTG,M:R,CTG,2.316930661064426,1.117266296467707,119,23,5
Buckle,sd,M:R@CTG,M:R,CTG,8.701010034884646,,119,23,5
Buckle,mean,M:R@CTT,M:R,CTT,-0.38649654799999994,0.5990947607917335,100,20,5
Buckle,sd,M:R@CTT,M:R,CTT,7.94335795600678,,100,20,5
Buckle,mean,M:R@GAA,M:R,GAA,-5.103966332,0.8149714977047574,100,20,5
Buckle,sd,M:R@GAA,M:R,GAA,9.563574824003839,,100,20,5
Buckle,mean,M:R@GAC,M:R,GAC,-1.8401868202898548,0.7801953489187818,115,22,5
Buckle,sd,M:R@GAC,M:R,GAC,8.918876982677487,,115,22,5
Buckle,mean,M:R@GAG,M:R,GAG,-4.425938983333333,1.1680394129117502,80,16,5
Buckle,sd,M:R@GAG,M:R,GAG,8.980275482221796,,80,16,5
Buckle,mean,M:R@GAT,M:R,GAT,-6.070926620555555,0.6383001369534883,120,24,5
Buckle,sd,M:R@GAT,M:R,GAT,8.861402229762907,,120,24,5
Buckle,mean,M:R@GCA,M:R,GCA,5.379083862564102,1.3021408831053434,65,13,5
Buckle,sd,M:R@GCA,M:R,GCA,8.677000073653478,,65,13,5
Buckle,mean,M:R@GCC,M:R,GCC,5.631314586111111,0.6674071191619573,120,23,5
Buckle,sd,M:R@GCC,M:R,GCC,7.825974597545023,,120,23,5
Buckle,mean,M:R@GCG,M:R,GCG,7.660018480888888,1.0552423970728402,75,15,5
Buckle,sd,M:R@GCG,M:R,GCG,8.834146673965305,,75,15,5
Buckle,mean,M:R@GCT,M:R,GCT,1.0107192158333334,0.8733238865963293,80,16,5
Buckle,sd,M:R@GCT,M:R,GCT,7.933815789954305,,80,16,5
Buckle,mean,M:R@GGA,M:R,GGA,-5.0037331485714285,0.8357832755785702,105,21,5
Buckle,sd,M:R@GGA,M:R,GGA,8.763012203351053,,105,21,5
Buckle,mean,M:R@GGC,M:R,GGC,-2.1066288376190476,0.7157472013914359,140,28,5
Buckle,sd,M:R@GGC,M:R,GGC,8.290941066095732,,140,28,5
Buckle,mean,M:R@GGG,M:R,GGG,-5.211946328205129,0.5421744475115191,65,13,5
Buckle,sd,M:R@GGG,M:R,GGG,8.240431764612154,,65,13,5
Buckle,mean,M:R@GGT,M:R,GGT,-4.383660086666666,0.9525054440086572,70,14,5
Buckle,sd,M:R@GGT,M:R,GGT,8.341440267411063,,70,14,5
Buckle,mean,M:R@GTA,M:R,GTA,-1.1178274315789474,1.3170194322263513,95,18,5
Buckle,sd,M:R@GTA,M:R,GTA,9.407663204963615,,95,18,5
Buckle,mean,M:R@GTC,M:R,GTC,1.6006093529411765,0.7725561115604793,85,16,5
Buckle,sd,M:R@GTC,M:R,GTC,8.588924402503283,,85,16,5
Buckle,mean,M:R@GTG,M:R,GTG,-0.22686217777777792,1.113606270504882,90,18,5
Buckle,sd,M:R@GTG,M:R,GTG,9.182985624880349,,90,18,5
Buckle,mean,M:R@GTT,M:R,GTT,-1.79267756,0.6567597713811746,95,19,5
Buckle,sd,M:R@GTT,M:R,GTT,8.182973643139938,,95,19,5
Buckle,mean,M:R@TAA,M:R,TAA,-2.3363746084848485,1.3061618610977863,55,11,5
Buckle,sd,M:R@TAA,M:R,TAA,9.185399431590453,,55,11,5
Buckle,mean,M:R@TAC,M:R,TAC,-1.0703688634920636,1.233251720885547,84,17,5
Buckle,sd,M:R@TAC,M:R,TAC,9.184239135169975,,84,17,5
Buckle,mean,M:R@TAG,M:R,TAG,-0.7311424412121211,0.7509244854944326,110,21,5
Buckle,sd,M:R@TAG,M:R,TAG,8.573703790037333,,110,21,5
Buckle,mean,M:R@TAT,M:R,TAT,-2.5899709284210526,0.5599368223898785,95,19,5
Buckle,sd,M:R@TAT,M:R,TAT,8.718060280702732,,95,19,5
Buckle,mean,M:R@TCA,M:R,TCA,7.74028412,1.1176345509701004,95,18,5
Buckle,sd,M:R@TCA,M:R,TCA,9.005253669339186,,95,18,5
Buckle,mean,M:R@TCC,M:R,TCC,8.524435000784313,0.9750384219552062,85,17,5
Buckle,sd,M:R@TCC,M:R,TCC,8.409714004013361,,85,17,5
Buckle,mean,M:R@TCG,M:R,TCG,9.140936344444444,0.630009843043804,90,17,5
Buckle,sd,M:R@TCG,M:R,TCG,9.48857361839134,,90,17,5
Buckle,mean,M:R@TCT,M:R,TCT,2.776256647222222,1.158277369223852,120,23,5
Buckle,sd,M:R@TCT,M:R,TCT,8.449172664199036,,120,23,5
Buckle,mean,M:R@TGA,M:R,TGA,-6.199463554509803,0.9123570061637778,85,17,5
Buckle,sd,M:R@TGA,M:R,TGA,8.835460583158078,,85,17,5
Buckle,mean,M:R@TGC,M:R,TGC,-1.4775886728205125,0.8690552473428613,65,13,5
Buckle,sd,M:R@TGC,M:R,TGC,8.589179675826871,,65,13,5
Buckle,mean,M:R@TGG,M:R,TGG,-3.039998133913043,0.5291088128721253,115,23,5
Buckle,sd,M:R@TGG,M:R,TGG,8.129777374905709,,115,23,5
Buckle,mean,M:R@TGT,M:R,TGT,-2.9579256592592595,0.5941013104091426,90,18,5
Buckle,sd,M:R@TGT,M:R,TGT,8.152003924232092,,90,18,5
Buckle,mean,M:R@TTA,M:R,TTA,3.0069917904761905,1.4507952296271507,70,14,5
Buckle,sd,M:R@TTA,M:R,TTA,8.789507005959146,,70,14,5
Buckle,mean,M:R@TTC,M:R,TTC,4.32922491826087,0.9694328584200471,115,22,5
Buckle,sd,M:R@TTC,M:R,TTC,8.534341938121463,,115,22,5
Buckle,mean,M:R@TTG,M:R,TTG,2.443943803555556,1.2836218337306884,75,15,5
Buckle,sd,M:R@TTG,M:R,TTG,8.86473835745034,,75,15,5
Buckle,mean,M:R@TTT,M:R,TTT,-0.3534141551515152,1.4838742214936045,55,11,5
Buckle,sd,M:R@TTT,M:R,TTT,8.722749783668934,,55,11,5
Buckle,mean,R:R@AAA,R:R,AAA,-0.6800827504273503,0.5801934585245753,39,8,5
Buckle,sd,R:R@AAA,R:R,AAA,9.778476503536705,,39,8,5
Buckle,mean,R:R@AAC,R:R,AAC,3.102225808,0.4256894796247075,50,10,5
Buckle,sd,R:R@AAC,R:R,AAC,9.157528624717168,,50,10,5
Buckle,mean,R:R@AAG,R:R,AAG,2.1872201666666666,0.2699062011980175,24,5,5
Buckle,sd,R:R@AAG,R:R,AAG,9.029521907584924,,24,5,5
Buckle,mean,R:R@AAT,R:R,AAT,-0.19245635515151518,0.4181463853352544,55,11,5
Buckle,sd,R:R@AAT,R:R,AAT,9.7098519693548,,55,11,5
Buckle,mean,R:R@ACA,R:R,ACA,3.465870098888888,0.658789867193151,60,12,5
Buckle,sd,R:R@ACA,R:R,ACA,9.235147000881087,,60,12,5
Buckle,mean,R:R@ACC,R:R,ACC,2.9783424812121213,0.5124969947970832,55,11,5
Buckle,sd,R:R@ACC,R:R,ACC,9.167265092680712,,55,11,5
Buckle,mean,R:R@ACG,R:R,ACG,2.8516652666666666,0.39999218535629544,35,7,5
Buckle,sd,R:R@ACG,R:R,ACG,9.365147124553895,,35,7,5
Buckle,mean,R:R@ACT,R:R,ACT,-0.793038105,0.671990137675692,40,7,5
Buckle,sd,R:R@ACT,R:R,ACT,9.040630908522427,,40,7,5
Buckle,mean,R:R@AGA,R:R,AGA,-1.2661631066666668,0.6339126160579548,35,7,5
Buckle,sd,R:R@AGA,R:R,AGA,9.292032496611473,,35,7,5
Buckle,mean,R:R@AGC,R:R,AGC,2.2411663199999996,0.3528743903282486,80,15,5
Buckle,sd,R:R@AGC,R:R,AGC,8.503706185262512,,80,15,5
Buckle,mean,R:R@AGG,R:R,AGG,-0.07152782222222222,0.46526120152611444,15,3,5
Buckle,sd,R:R@AGG,R:R,AGG,8.095210433072022,,15,3,5
Buckle,mean,R:R@AGT,R:R,AGT,0.9871790244444444,0.2775656108310354,60,12,5
Buckle,sd,R:R@AGT,R:R,AGT,9.142686100652098,,60,12,5
Buckle,mean,R:R@ATA,R:R,ATA,1.504301838518519,0.6308695772702155,45,8,5
Buckle,sd,R:R@ATA,R:R,ATA,9.490247058130079,,45,8,5
Buckle,mean,R:R@ATC,R:R,ATC,3.4668289179487175,0.4078813376664788,65,13,5
Buckle,sd,R:R@ATC,R:R,ATC,9.85504767215594,,65,13,5
Buckle,mean,R:R@ATG,R:R,ATG,-0.3054448228571429,0.5630054656531546,35,7,5
Buckle,sd,R:R@ATG,R:R,ATG,9.329922838277193,,35,7,5
Buckle,mean,R:R@ATT,R:R,ATT,-0.8766509047619045,0.3967551296445978,35,7,5
Buckle,sd,R:R@ATT,R:R,ATT,9.84251533300856,,35,7,5
Buckle,mean,R:R@CAA,R:R,CAA,-2.9794504733333333,0.5796059620278203,40,8,5
Buckle,sd,R:R@CAA,R:R,CAA,9.690155139938962,,40,8,5
Buckle,mean,R:R@CAC,R:R,CAC,1.8609714448979588,0.39220041800501076,49,10,5
Buckle,sd,R:R@CAC,R:R,CAC,9.389849220768278,,49,10,5
Buckle,mean,R:R@CAG,R:R,CAG,0.4248571046153846,0.3092304315763346,65,13,5
Buckle,sd,R:R@CAG,R:R,CAG,8.753192414868911,,65,13,5
Buckle,mean,R:R@CAT,R:R,CAT,-0.5744681566666667,0.30268495005706136,20,3,5
Buckle,sd,R:R@CAT,R:R,CAT,9.732250777483115,,20,3,5
Buckle,mean,R:R@CCA,R:R,CCA,1.5702056020512818,0.6012868411895045,65,13,5
Buckle,sd,R:R@CCA,R:R,CCA,8.198243364137074,,65,13,5
Buckle,mean,R:R@CCC,R:R,CCC,3.0825973066666665,1.0647134142139074,15,3,5
Buckle,sd,R:R@CCC,R:R,CCC,8.27312968767263,,15,3,5
Buckle,mean,R:R@CCG,R:R,CCG,2.0872123466666666,0.5191122531714619,50,10,5
Buckle,sd,R:R@CCG,R:R,CCG,8.642543818070333,,50,10,5
Buckle,mean,R:R@CCT,R:R,CCT,-0.9965624183333335,0.38166739584162745,40,8,5
Buckle,sd,R:R@CCT,R:R,CCT,8.082651461217543,,40,8,5
Buckle,mean,R:R@CGA,R:R,CGA,-4.5258864616666665,0.8810447272884083,40,8,5
Buckle,sd,R:R@CGA,R:R,CGA,9.54912876744935,,40,8,5
Buckle,mean,R:R@CGC,R:R,CGC,-1.0940648773333335,0.5500126416353707,25,5,5
Buckle,sd,R:R@CGC,R:R,CGC,9.257391685836643,,25,5,5
Buckle,mean,R:R@CGG,R:R,CGG,-2.693788742666667,0.7266707719080304,50,10,5
Buckle,sd,R:R@CGG,R:R,CGG,8.527179267293844,,50,10,5
Buckle,mean,R:R@CGT,R:R,CGT,-4.193198438888889,0.39456833798931035,60,12,5
Buckle,sd,R:R@CGT,R:R,CGT,9.406092180310509,,60,12,5
Buckle,mean,R:R@CTA,R:R,CTA,-0.649243252121212,0.33441414636462313,55,11,5
Buckle,sd,R:R@CTA,R:R,CTA,8.616336126934737,,55,11,5
Buckle,mean,R:R@CTC,R:R,CTC,0.8381603700000001,0.30808653791483465,20,4,5
Buckle,sd,R:R@CTC,R:R,CTC,8.600199358009766,,20,4,5
Buckle,mean,R:R@CTG,R:R,CTG,0.25114808888888884,0.4388415054648593,39,8,5
Buckle,sd,R:R@CTG,R:R,CTG,8.698422335707626,,39,8,5
Buckle,mean,R:R@CTT,R:R,CTT,-0.9400406485714287,0.3974379946604839,70,14,5
Buckle,sd,R:R@CTT,R:R,CTT,8.677500724971967,,70,14,5
Buckle,mean,R:R@GAA,R:R,GAA,-4.349977644761905,0.7475227716822871,70,14,5
Buckle,sd,R:R@GAA,R:R,GAA,9.828134686391202,,70,14,5
Buckle,mean,R:R@GAC,R:R,GAC,-0.4058335293333334,0.36483095979683594,50,9,5
Buckle,sd,R:R@GAC,R:R,GAC,9.177445940458396,,50,9,5
Buckle,mean,R:R@GAG,R:R,GAG,-2.338913437777778,0.3568138238015924,30,6,5
Buckle,sd,R:R@GAG,R:R,GAG,8.492703068668144,,30,6,5
Buckle,mean,R:R@GAT,R:R,GAT,-4.031947591111111,0.5579054349356591,45,9,5
Buckle,sd,R:R@GAT,R:R,GAT,9.788282854121817,,45,9,5
Buckle,mean,R:R@GCA,R:R,GCA,1.58074039,0.33851154050384163,20,4,5
Buckle,sd,R:R@GCA,R:R,GCA,8.612465000649722,,20,4,5
Buckle,mean,R:R@GCC,R:R,GCC,1.3836667222222223,0.4458812349433568,60,12,5
Buckle,sd,R:R@GCC,R:R,GCC,8.499015086936936,,60,12,5
Buckle,mean,R:R@GCG,R:R,GCG,1.8570110013333334,0.3276727772446241,50,10,5
Buckle,sd,R:R@GCG,R:R,GCG,9.007225936271574,,50,10,5
Buckle,mean,R:R@GCT,R:R,GCT,-2.1861530103703704,0.5024347679177845,45,9,5
Buckle,sd,R:R@GCT,R:R,GCT,8.527824716942805,,45,9,5
Buckle,mean,R:R@GGA,R:R,GGA,-6.737609686060605,0.5272670908210415,55,11,5
Buckle,sd,R:R@GGA,R:R,GGA,9.021848622280878,,55,11,5
Buckle,mean,R:R@GGC,R:R,GGC,-1.7932602738461538,0.33956972871360186,65,13,5
Buckle,sd,R:R@GGC,R:R,GGC,8.52392843300525,,65,13,5
Buckle,mean,R:R@GGG,R:R,GGG,-2.8368971028571432,0.5513041066478266,35,7,5
Buckle,sd,R:R@GGG,R:R,GGG,8.303858493299973,,35,7,5
Buckle,mean,R:R@GGT,R:R,GGT,-3.7212249266666664,0.6026929602547684,30,6,5
Buckle,sd,R:R@GGT,R:R,GGT,9.346548390757565,,30,6,5
Buckle,mean,R:R@GTA,R:R,GTA,-1.7104348742857143,0.7406958317764988,35,7,5
Buckle,sd,R:R@GTA,R:R,GTA,9.65666351611832,,35,7,5
Buckle,mean,R:R@GTC,R:R,GTC,-0.19627165777777786,0.4260545368501497,30,5,5
Buckle,sd,R:R@GTC,R:R,GTC,9.207564436717462,,30,5,5
Buckle,mean,R:R@GTG,R:R,GTG,-2.0087451306666666,0.5686194477006737,50,10,5
Buckle,sd,R:R@GTG,R:R,GTG,9.332067411209215,,50,10,5
Buckle,mean,R:R@GTT,R:R,GTT,-2.5471707400000003,0.44051650189726504,50,10,5
Buckle,sd,R:R@GTT,R:R,GTT,9.173188040539024,,50,10,5
Buckle,mean,R:R@TAA,R:R,TAA,-2.150518963333333,1.3134098422576395,20,4,5
Buckle,sd,R:R@TAA,R:R,TAA,9.439925165047537,,20,4,5
Buckle,mean,R:R@TAC,R:R,TAC,1.3503533214814816,0.6811464054988331,45,9,5
Buckle,sd,R:R@TAC,R:R,TAC,9.301558421358353,,45,9,5
Buckle,mean,R:R@TAG,R:R,TAG,0.8769817989743589,0.4652121841549001,65,12,5
Buckle,sd,R:R@TAG,R:R,TAG,8.598017350471867,,65,12,5
Buckle,mean,R:R@TAT,R:R,TAT,-1.2961757709090909,0.7351477325132943,55,11,5
Buckle,sd,R:R@TAT,R:R,TAT,9.793620821822781,,55,11,5
Buckle,mean,R:R@TCA,R:R,TCA,5.6433907733333335,0.9394295709970779,30,6,5
Buckle,sd,R:R@TCA,R:R,TCA,9.223884296866675,,30,6,5
Buckle,mean,R:R@TCC,R:R,TCC,7.800151508148148,0.22967856719771634,45,9,5
Buckle,sd,R:R@TCC,R:R,TCC,9.017537091281184,,45,9,5
Buckle,mean,R:R@TCG,R:R,TCG,4.736002033333333,0.5058918872768681,50,10,5
Buckle,sd,R:R@TCG,R:R,TCG,9.530601618280249,,50,10,5
Buckle,mean,R:R@TCT,R:R,TCT,1.6419175400000001,0.6517641893535556,60,11,5
Buckle,sd,R:R@TCT,R:R,TCT,9.288226875319957,,60,11,5
Buckle,mean,R:R@TGA,R:R,TGA,-4.996014111666666,0.6691783201476247,40,8,5
Buckle,sd,R:R@TGA,R:R,TGA,9.288102385025317,,40,8,5
Buckle,mean,R:R@TGC,R:R,TGC,-0.7022609333333334,0.4535963086540015,30,6,5
Buckle,sd,R:R@TGC,R:R,TGC,8.768188601845198,,30,6,5
Buckle,mean,R:R@TGG,R:R,TGG,-1.7282252495495494,0.3973530983917139,74,15,5
Buckle,sd,R:R@TGG,R:R,TGG,8.191636298646355,,74,15,5
Buckle,mean,R:R@TGT,R:R,TGT,-2.3557354380952384,0.3870472393269782,35,7,5
Buckle,sd,R:R@TGT,R:R,TGT,9.237112265886411,,35,7,5
Buckle,mean,R:R@TTA,R:R,TTA,3.478198426666667,0.5064494638117654,45,9,5
Buckle,sd,R:R@TTA,R:R,TTA,9.849348982241896,,45,9,5
Buckle,mean,R:R@TTC,R:R,TTC,4.3075433762711866,0.8322395024954536,59,11,5
Buckle,sd,R:R@TTC,R:R,TTC,9.78363030903738,,59,11,5
Buckle,mean,R:R@TTG,R:R,TTG,0.942746082962963,0.9895908205816146,45,9,5
Buckle,sd,R:R@TTG,R:R,TTG,9.683249733949964,,45,9,5
Buckle,mean,R:R@TTT,R:R,TTT,1.552413370666667,1.2930582207096157,25,5,5
Buckle,sd,R:R@TTT,R:R,TTT,9.822010932669704,,25,5,5
HB,mean,D:R@AAA,D:R,AAA,1.9456833333333328,0.020394097281580172,80,16,5
HB,sd,D:R@AAA,D:R,AAA,0.18321063488014205,,80,16,5
HB,mean,D:R@AAC,D:R,AAC,1.9478658280922427,0.006778069306491165,159,32,5
HB,sd,D:R@AAC,D:R,AAC,0.20940897894581784,,159,32,5
HB,mean,D:R@AAG,D:R,AAG,1.9596066666666667,0.002388413276110295,100,20,5
HB,sd,D:R@AAG,D:R,AAG,0.1988553626530468,,100,20,5
HB,mean,D:R@AAT,D:R,AAT,1.9620347826086952,0.0017524445778767926,115,23,5
HB,sd,D:R@AAT,D:R,AAT,0.190899127923471,,115,23,5
HB,mean,D:R@ACA,D:R,ACA,2.939014314928426,0.013668438028535625,163,32,5
HB,sd,D:R@ACA,D:R,ACA,0.21227033088719424,,163,32,5
HB,mean,D:R@ACC,D:R,ACC,2.9868095238095242,0.002063259237576643,140,27,5
HB,sd,D:R@ACC,D:R,ACC,0.11210342563750314,,140,27,5
HB,mean,D:R@ACG,D:R,ACG,2.9378252873563215,0.020686334259034295,145,29,5
HB,sd,D:R@ACG,D:R,ACG,0.18222213604943385,,145,29,5
HB,mean,D:R@ACT,D:R,ACT,2.9944484848484847,0.0009086873210344203,165,31,5
HB,sd,D:R@ACT,D:R,ACT,0.07404111038172105,,165,31,5
HB,mean,D:R@AGA,D:R,AGA,2.9890588235294118,0.000728575757205044,85,17,5
HB,sd,D:R@AGA,D:R,AGA,0.10936217575001711,,85,17,5
HB,mean,D:R@AGC,D:R,AGC,2.9918622222222226,0.0006639140063183103,150,29,5
HB,sd,D:R@AGC,D:R,AGC,0.09028523677898082,,150,29,5
HB,mean,D:R@AGG,D:R,AGG,2.9902249999999997,0.000707465625391881,80,16,5
HB,sd,D:R@AGG,D:R,AGG,0.10244376628273559,,80,16,5
HB,mean,D:R@AGT,D:R,AGT,2.9877616161616163,0.001086051493317924,165,33,5
HB,sd,D:R@AGT,D:R,AGT,0.1100975011724954,,165,33,5
HB,mean,D:R@ATA,D:R,ATA,1.9149030303030299,0.009627996332899784,110,21,5
HB,sd,D:R@ATA,D:R,ATA,0.2659569481488603,,110,21,5
HB,mean,D:R@ATC,D:R,ATC,1.952757741347905,0.004015470764296344,183,37,5
HB,sd,D:R@ATC,D:R,ATC,0.2044648019985522,,183,37,5
HB,mean,D:R@ATG,D:R,ATG,1.9415192307692304,0.004432289380181816,104,21,5
HB,sd,D:R@ATG,D:R,ATG,0.23053052745260272,,104,21,5
HB,mean,D:R@ATT,D:R,ATT,1.9777151515151512,0.0019987333430984645,110,22,5
HB,sd,D:R@ATT,D:R,ATT,0.1431204696921916,,110,22,5
HB,mean,D:R@CAA,D:R,CAA,1.9739893333333332,0.0022016452676224805,125,25,5
HB,sd,D:R@CAA,D:R,CAA,0.1560681246231755,,125,25,5
HB,mean,D:R@CAC,D:R,CAC,1.9466979865771807,0.008924375004432352,149,30,5
HB,sd,D:R@CAC,D:R,CAC,0.2144673973585742,,149,30,5
HB,mean,D:R@CAG,D:R,CAG,1.965952688172043,0.0021787501182056576,155,31,5
HB,sd,D:R@CAG,D:R,CAG,0.1763392888893817,,155,31,5
HB,mean,D:R@CAT,D:R,CAT,1.960660317460317,0.0019870478861722376,105,20,5
HB,sd,D:R@CAT,D:R,CAT,0.1930816201394063,,105,20,5
HB,mean,D:R@CCA,D:R,CCA,2.8853839662447256,0.030149715274546657,158,32,5
HB,sd,D:R@CCA,D:R,CCA,0.23089545755595342,,158,32,5
HB,mean,D:R@CCC,D:R,CCC,2.991033333333333,0.003307846087708594,60,12,5
HB,sd,D:R@CCC,D:R,CCC,0.09341561771066664,,60,12,5
HB,mean,D:R@CCG,D:R,CCG,2.9389212121212123,0.017847608983374365,165,33,5
HB,sd,D:R@CCG,D:R,CCG,0.18199629050785707,,165,33,5
HB,mean,D:R@CCT,D:R,CCT,2.99712,0.00029905110941854036,125,25,5
HB,sd,D:R@CCT,D:R,CCT,0.05214888780602412,,125,25,5
HB,mean,D:R@CGA,D:R,CGA,2.9740333333333333,0.006517167428173399,120,24,5
HB,sd,D:R@CGA,D:R,CGA,0.14419896471589505,,120,24,5
HB,mean,D:R@CGC,D:R,CGC,2.977138888888889,0.0031124751671130157,120,24,5
HB,sd,D:R@CGC,D:R,CGC,0.1560595468088516,,120,24,5
HB,mean,D:R@CGG,D:R,CGG,2.975941176470588,0.004247046139743512,170,34,5
HB,sd,D:R@CGG,D:R,CGG,0.14876019761380155,,170,34,5
HB,mean,D:R@CGT,D:R,CGT,2.977622857142856,0.0034872031424657817,175,33,5
HB,sd,D:R@CGT,D:R,CGT,0.15129586699462969,,175,33,5
HB,mean,D:R@CTA,D:R,CTA,1.9080691358024693,0.009620665871331539,135,27,5
HB,sd,D:R@CTA,D:R,CTA,0.2745884782423426,,135,27,5
HB,mean,D:R@CTC,D:R,CTC,1.9469651741293528,0.013185853877745733,134,27,5
HB,sd,D:R@CTC,D:R,CTC,0.19476845674440726,,134,27,5
HB,mean,D:R@CTG,D:R,CTG,1.9436882494004795,0.00687691649959654,139,28,5
HB,sd,D:R@CTG,D:R,CTG,0.21852758993970636,,139,28,5
HB,mean,D:R@CTT,D:R,CTT,1.9758536585365851,0.0010890405565656973,205,40,5
HB,sd,D:R@CTT,D:R,CTT,0.15125844746113631,,205,40,5
HB,mean,D:R@GAA,D:R,GAA,1.9512407407407406,0.00459034750595026,144,29,5
HB,sd,D:R@GAA,D:R,GAA,0.2115228623536316,,144,29,5
HB,mean,D:R@GAC,D:R,GAC,1.9149953703703702,0.013969028550761419,144,28,5
HB,sd,D:R@GAC,D:R,GAC,0.2467140839764934,,144,28,5
HB,mean,D:R@GAG,D:R,GAG,1.9195911111111112,0.022723847795848486,75,15,5
HB,sd,D:R@GAG,D:R,GAG,0.22184025845866623,,75,15,5
HB,mean,D:R@GAT,D:R,GAT,1.9441589743589742,0.005744925560091505,130,26,5
HB,sd,D:R@GAT,D:R,GAT,0.2225982411207083,,130,26,5
HB,mean,D:R@GCA,D:R,GCA,2.9863599999999995,0.0056409550482756955,100,20,5
HB,sd,D:R@GCA,D:R,GCA,0.09832728932097068,,100,20,5
HB,mean,D:R@GCC,D:R,GCC,2.985433333333334,0.005427169465047476,160,32,5
HB,sd,D:R@GCC,D:R,GCC,0.1012970198675407,,160,32,5
HB,mean,D:R@GCG,D:R,GCG,2.974432,0.007101601585786996,125,24,5
HB,sd,D:R@GCG,D:R,GCG,0.14824011781653987,,125,24,5
HB,mean,D:R@GCT,D:R,GCT,2.9968641975308645,0.0001974102085209652,135,27,5
HB,sd,D:R@GCT,D:R,GCT,0.0566671409553176,,135,27,5
HB,mean,D:R@GGA,D:R,GGA,2.9894303030303027,0.0012095371141503215,165,33,5
HB,sd,D:R@GGA,D:R,GGA,0.10459423064383716,,165,33,5
HB,mean,D:R@GGC,D:R,GGC,2.991016666666667,0.0008189896996622372,160,30,5
HB,sd,D:R@GGC,D:R,GGC,0.099157470827108,,160,30,5
HB,mean,D:R@GGG,D:R,GGG,2.990420512820512,0.0009360641365411833,65,13,5
HB,sd,D:R@GGG,D:R,GGG,0.10056094134816933,,65,13,5
HB,mean,D:R@GGT,D:R,GGT,2.9882150537634407,0.0014995104003648013,124,25,5
HB,sd,D:R@GGT,D:R,GGT,0.10660086437506627,,124,25,5
HB,mean,D:R@GTA,D:R,GTA,1.925176684881603,0.007277167745590423,183,37,5
HB,sd,D:R@GTA,D:R,GTA,0.24848156673640617,,183,37,5
HB,mean,D:R@GTC,D:R,GTC,1.968205513784461,0.0030963565850606325,133,26,5
HB,sd,D:R@GTC,D:R,GTC,0.17039464736770515,,133,26,5
HB,mean,D:R@GTG,D:R,GTG,1.9404247311827953,0.004761808281391178,124,24,5
HB,sd,D:R@GTG,D:R,GTG,0.23213439740928474,,124,24,5
HB,mean,D:R@GTT,D:R,GTT,1.9798239999999996,0.0014270275907322608,125,25,5
HB,sd,D:R@GTT,D:R,GTT,0.13845088757988347,,125,25,5
HB,mean,D:R@TAA,D:R,TAA,1.9772317460317455,0.002153620683143431,105,21,5
HB,sd,D:R@TAA,D:R,TAA,0.14605432092846765,,105,21,5
HB,mean,D:R@TAC,D:R,TAC,1.954918699186992,0.002673194593077858,164,33,5
HB,sd,D:R@TAC,D:R,TAC,0.20513958054879147,,164,33,5
HB,mean,D:R@TAG,D:R,TAG,1.9670666666666663,0.001727335694809609,145,28,5
HB,sd,D:R@TAG,D:R,TAG,0.17553848569323902,,145,28,5
HB,mean,D:R@TAT,D:R,TAT,1.9630623655913972,0.0023819594996315413,155,30,5
HB,sd,D:R@TAT,D:R,TAT,0.18312603950919942,,155,30,5
HB,mean,D:R@TCA,D:R,TCA,2.964193939393939,0.008010567768993369,110,22,5
HB,sd,D:R@TCA,D:R,TCA,0.17831306395800184,,110,22,5
HB,mean,D:R@TCC,D:R,TCC,2.989212903225807,0.002851451944382101,155,31,5
HB,sd,D:R@TCC,D:R,TCC,0.0955863860480181,,155,31,5
HB,mean,D:R@TCG,D:R,TCG,2.9819416666666667,0.003442031875737613,160,32,5
HB,sd,D:R@TCG,D:R,TCG,0.1376107772139516,,160,32,5
HB,mean,D:R@TCT,D:R,TCT,2.9959929824561407,0.00048812063250590695,190,35,5
HB,sd,D:R@TCT,D:R,TCT,0.06270347004425696,,190,35,5
HB,mean,D:R@TGA,D:R,TGA,2.9918400000000003,0.001043532136410899,100,20,5
HB,sd,D:R@TGA,D:R,TGA,0.09128435116909546,,100,20,5
HB,mean,D:R@TGC,D:R,TGC,2.9897391304347827,0.0013423486177206955,115,22,5
HB,sd,D:R@TGC,D:R,TGC,0.10022623023779931,,115,22,5
HB,mean,D:R@TGG,D:R,TGG,2.989859649122808,0.0017161610180661214,190,36,5
HB,sd,D:R@TGG,D:R,TGG,0.0942768440589722,,190,36,5
HB,mean,D:R@TGT,D:R,TGT,2.9879200000000004,0.0013383079980997274,125,25,5
HB,sd,D:R@TGT,D:R,TGT,0.11072127206252921,,125,25,5
HB,mean,D:R@TTA,D:R,TTA,1.9568557213930347,0.0032366028933796392,134,27,5
HB,sd,D:R@TTA,D:R,TTA,0.19719117922297927,,134,27,5
HB,mean,D:R@TTC,D:R,TTC,1.969373333333333,0.001759802183193545,150,29,5
HB,sd,D:R@TTC,D:R,TTC,0.17079550459827406,,150,29,5
HB,mean,D:R@TTG,D:R,TTG,1.9538222222222217,0.013322165385385177,150,30,5
HB,sd,D:R@TTG,D:R,TTG,0.17583135448200526,,150,30,5
HB,mean,D:R@TTT,D:R,TTT,1.9835999999999994,0.0014224512168917339,85,17,5
HB,sd,D:R@TTT,D:R,TTT,0.125956477659095,,85,17,5
HB,mean,E:R@AAA,E:R,AAA,1.9401142857142857,0.0127722528739978,70,13,5
HB,sd,E:R@AAA,E:R,AAA,0.22382444173939917,,70,13,5
HB,mean,E:R@AAC,E:R,AAC,1.9668313725490199,0.0015385212170063694,85,17,5
HB,sd,E:R@AAC,E:R,AAC,0.1811549212769325,,85,17,5
HB,mean,E:R@AAG,E:R,AAG,1.8542039215686272,0.032926709339286826,85,17,5
HB,sd,E:R@AAG,E:R,AAG,0.3050099224645205,,85,17,5
HB,mean,E:R@AAT,E:R,AAT,1.9051407407407406,0.02245021196129328,90,18,5
HB,sd,E:R@AAT,E:R,AAT,0.25471943090630367,,90,18,5
HB,mean,E:R@ACA,E:R,ACA,2.993443478260869,0.0005443429789415502,115,23,5
HB,sd,E:R@ACA,E:R,ACA,0.0891349659312744,,115,23,5
HB,mean,E:R@ACC,E:R,ACC,2.9962456140350877,0.0003901786219578539,95,19,5
HB,sd,E:R@ACC,E:R,ACC,0.06198165238892842,,95,19,5
HB,mean,E:R@ACG,E:R,ACG,2.993647619047619,0.0004754167142141805,70,14,5
HB,sd,E:R@ACG,E:R,ACG,0.08468425733185854,,70,14,5
HB,mean,E:R@ACT,E:R,ACT,2.9964927536231882,0.0004151944392902616,115,22,5
HB,sd,E:R@ACT,E:R,ACT,0.055734936833102905,,115,22,5
HB,mean,E:R@AGA,E:R,AGA,2.9694000000000003,0.005814632930637628,80,16,5
HB,sd,E:R@AGA,E:R,AGA,0.17867034888317485,,80,16,5
HB,mean,E:R@AGC,E:R,AGC,2.9868,0.001437386463377094,145,28,5
HB,sd,E:R@AGC,E:R,AGC,0.11779687479937279,,145,28,5
HB,mean,E:R@AGG,E:R,AGG,2.9816,0.0023376520189855267,65,13,5
HB,sd,E:R@AGG,E:R,AGG,0.1431791936971883,,65,13,5
HB,mean,E:R@AGT,E:R,AGT,2.9770434782608697,0.0034617300095321026,115,23,5
HB,sd,E:R@AGT,E:R,AGT,0.1504298022522867,,115,23,5
HB,mean,E:R@ATA,E:R,ATA,1.9404242424242428,0.009190901296267862,99,19,5
HB,sd,E:R@ATA,E:R,ATA,0.2342449171873857,,99,19,5
HB,mean,E:R@ATC,E:R,ATC,1.9767529411764702,0.00316217301245635,85,17,5
HB,sd,E:R@ATC,E:R,ATC,0.1472879982758443,,85,17,5
HB,mean,E:R@ATG,E:R,ATG,1.948824074074074,0.007188251277888565,72,15,5
HB,sd,E:R@ATG,E:R,ATG,0.2207544693550836,,72,15,5
HB,mean,E:R@ATT,E:R,ATT,1.9673916666666664,0.008950935234345318,80,16,5
HB,sd,E:R@ATT,E:R,ATT,0.15749758621634133,,80,16,5
HB,mean,E:R@CAA,E:R,CAA,1.9447215686274506,0.006079965708910696,85,17,5
HB,sd,E:R@CAA,E:R,CAA,0.22895283297366878,,85,17,5
HB,mean,E:R@CAC,E:R,CAC,1.9356982456140348,0.005288804067586848,95,18,5
HB,sd,E:R@CAC,E:R,CAC,0.2517888222156007,,95,18,5
HB,mean,E:R@CAG,E:R,CAG,1.908752688172043,0.011370427905055755,124,25,5
HB,sd,E:R@CAG,E:R,CAG,0.2856968323637097,,124,25,5
HB,mean,E:R@CAT,E:R,CAT,1.9035589743589745,0.01878688926074024,65,12,5
HB,sd,E:R@CAT,E:R,CAT,0.2916177194301271,,65,12,5
HB,mean,E:R@CCA,E:R,CCA,2.9958293333333335,0.00032646964153570663,125,25,5
HB,sd,E:R@CCA,E:R,CCA,0.06748406935954693,,125,25,5
HB,mean,E:R@CCC,E:R,CCC,2.998,0.00022742725033515881,35,7,5
HB,sd,E:R@CCC,E:R,CCC,0.042526628367720996,,35,7,5
HB,mean,E:R@CCG,E:R,CCG,2.995346666666667,0.0006270790662091573,100,20,5
HB,sd,E:R@CCG,E:R,CCG,0.06593753201188791,,100,20,5
HB,mean,E:R@CCT,E:R,CCT,2.997848888888889,0.00017666124939278276,75,15,5
HB,sd,E:R@CCT,E:R,CCT,0.04302719757907359,,75,15,5
HB,mean,E:R@CGA,E:R,CGA,2.9022730158730154,0.016189166894702116,105,21,5
HB,sd,E:R@CGA,E:R,CGA,0.3438286385138921,,105,21,5
HB,mean,E:R@CGC,E:R,CGC,2.9553244444444444,0.005572505263458609,75,14,5
HB,sd,E:R@CGC,E:R,CGC,0.24088312322963218,,75,14,5
HB,mean,E:R@CGG,E:R,CGG,2.9254285714285713,0.011138024877218235,70,14,5
HB,sd,E:R@CGG,E:R,CGG,0.31893787921746464,,70,14,5
HB,mean,E:R@CGT,E:R,CGT,2.95738947368421,0.004696045209833923,95,19,5
HB,sd,E:R@CGT,E:R,CGT,0.2302308446820732,,95,19,5
HB,mean,E:R@CTA,E:R,CTA,1.9576350877192976,0.009531272777784868,95,19,5
HB,sd,E:R@CTA,E:R,CTA,0.19365635499755082,,95,19,5
HB,mean,E:R@CTC,E:R,CTC,1.977444444444444,0.002367395414503289,60,12,5
HB,sd,E:R@CTC,E:R,CTC,0.1470013682295344,,60,12,5
HB,mean,E:R@CTG,E:R,CTG,1.9569999999999996,0.007872603126825284,104,21,5
HB,sd,E:R@CTG,E:R,CTG,0.19466370861157029,,104,21,5
HB,mean,E:R@CTT,E:R,CTT,1.9780166666666663,0.0061107451313685305,120,23,5
HB,sd,E:R@CTT,E:R,CTT,0.13075239248534026,,120,23,5
HB,mean,E:R@GAA,E:R,GAA,1.964641744548286,0.006714977757391071,107,22,5
HB,sd,E:R@GAA,E:R,GAA,0.176113989371316,,107,22,5
HB,mean,E:R@GAC,E:R,GAC,1.9402903225806452,0.01960738735974969,124,24,5
HB,sd,E:R@GAC,E:R,GAC,0.17298780498907446,,124,24,5
HB,mean,E:R@GAG,E:R,GAG,1.9270083333333328,0.02344238791548593,80,16,5
HB,sd,E:R@GAG,E:R,GAG,0.20178334768075085,,80,16,5
HB,mean,E:R@GAT,E:R,GAT,1.9479437751004014,0.019378021163471044,83,17,5
HB,sd,E:R@GAT,E:R,GAT,0.1811700729990315,,83,17,5
HB,mean,E:R@GCA,E:R,GCA,2.994213333333333,0.001422699807139448,75,15,5
HB,sd,E:R@GCA,E:R,GCA,0.07721779422551248,,75,15,5
HB,mean,E:R@GCC,E:R,GCC,2.9974111111111106,0.00029157781583166763,120,24,5
HB,sd,E:R@GCC,E:R,GCC,0.049839844759083346,,120,24,5
HB,mean,E:R@GCG,E:R,GCG,2.994139682539683,0.0008726397014527023,105,20,5
HB,sd,E:R@GCG,E:R,GCG,0.07659959110383903,,105,20,5
HB,mean,E:R@GCT,E:R,GCT,2.997950877192982,0.0004989639977982058,95,19,5
HB,sd,E:R@GCT,E:R,GCT,0.04073821890572655,,95,19,5
HB,mean,E:R@GGA,E:R,GGA,2.983356862745098,0.005115732031412916,85,17,5
HB,sd,E:R@GGA,E:R,GGA,0.12251170963463391,,85,17,5
HB,mean,E:R@GGC,E:R,GGC,2.9938186666666673,0.0003624980075960529,125,25,5
HB,sd,E:R@GGC,E:R,GGC,0.08158011896883083,,125,25,5
HB,mean,E:R@GGG,E:R,GGG,2.988877777777778,0.00255848043671671,60,12,5
HB,sd,E:R@GGG,E:R,GGG,0.10240292376197944,,60,12,5
HB,mean,E:R@GGT,E:R,GGT,2.986484848484848,0.00226252160271556,55,11,5
HB,sd,E:R@GGT,E:R,GGT,0.11679816386695749,,55,11,5
HB,mean,E:R@GTA,E:R,GTA,1.9755142857142853,0.002009931915087708,70,14,5
HB,sd,E:R@GTA,E:R,GTA,0.1569892383496569,,70,14,5
HB,mean,E:R@GTC,E:R,GTC,1.9571714285714283,0.01788957555525538,70,12,5
HB,sd,E:R@GTC,E:R,GTC,0.14648486349239542,,70,12,5
HB,mean,E:R@GTG,E:R,GTG,1.9525400843881855,0.017057279394022552,79,16,5
HB,sd,E:R@GTG,E:R,GTG,0.17401437842408943,,79,16,5
HB,mean,E:R@GTT,E:R,GTT,1.9844280701754384,0.0021950126287662193,95,19,5
HB,sd,E:R@GTT,E:R,GTT,0.120150739345309,,95,19,5
HB,mean,E:R@TAA,E:R,TAA,1.9538777777777776,0.0058708579903143515,60,12,5
HB,sd,E:R@TAA,E:R,TAA,0.20919329344664359,,60,12,5
HB,mean,E:R@TAC,E:R,TAC,1.9495670103092781,0.004559221708632298,97,19,5
HB,sd,E:R@TAC,E:R,TAC,0.2186781126291588,,97,19,5
HB,mean,E:R@TAG,E:R,TAG,1.9209827160493829,0.0182385271876386,135,24,5
HB,sd,E:R@TAG,E:R,TAG,0.22174120025257787,,135,24,5
HB,mean,E:R@TAT,E:R,TAT,1.9361122807017541,0.009980613005791542,95,19,5
HB,sd,E:R@TAT,E:R,TAT,0.24186211511555267,,95,19,5
HB,mean,E:R@TCA,E:R,TCA,2.9957733333333336,0.0003280487158944715,50,10,5
HB,sd,E:R@TCA,E:R,TCA,0.06537805468945443,,50,10,5
HB,mean,E:R@TCC,E:R,TCC,2.997082352941177,0.00028801199233332154,85,17,5
HB,sd,E:R@TCC,E:R,TCC,0.05260709169068664,,85,17,5
HB,mean,E:R@TCG,E:R,TCG,2.9954285714285716,0.000845719368013438,70,14,5
HB,sd,E:R@TCG,E:R,TCG,0.06636119297287642,,70,14,5
HB,mean,E:R@TCT,E:R,TCT,2.9981066666666663,0.0001737227949960387,125,24,5
HB,sd,E:R@TCT,E:R,TCT,0.03941468067424313,,125,24,5
HB,mean,E:R@TGA,E:R,TGA,2.95849696969697,0.005201206753989406,110,21,5
HB,sd,E:R@TGA,E:R,TGA,0.22142564191826727,,110,21,5
HB,mean,E:R@TGC,E:R,TGC,2.9668916666666663,0.007767989537733243,80,16,5
HB,sd,E:R@TGC,E:R,TGC,0.188694433083279,,80,16,5
HB,mean,E:R@TGG,E:R,TGG,2.9217052631578952,0.0071253322547900145,95,19,5
HB,sd,E:R@TGG,E:R,TGG,0.3243148294899781,,95,19,5
HB,mean,E:R@TGT,E:R,TGT,2.944342857142857,0.010727520344360225,70,14,5
HB,sd,E:R@TGT,E:R,TGT,0.25834841036990797,,70,14,5
HB,mean,E:R@TTA,E:R,TTA,1.9682666666666664,0.0027935612804340718,110,21,5
HB,sd,E:R@TTA,E:R,TTA,0.17668452980458285,,110,21,5
HB,mean,E:R@TTC,E:R,TTC,1.9810857142857143,0.0018325611780941056,105,20,5
HB,sd,E:R@TTC,E:R,TTC,0.13277058848608383,,105,20,5
HB,mean,E:R@TTG,E:R,TTG,1.965513108614232,0.00375399043518881,89,18,5
HB,sd,E:R@TTG,E:R,TTG,0.18333231209084788,,89,18,5
HB,mean,E:R@TTT,E:R,TTT,1.9798518518518518,0.003932090003954075,45,8,5
HB,sd,E:R@TTT,E:R,TTT,0.1360514872105758,,45,8,5
HB,mean,M:R@AAA,M:R,AAA,1.9641666666666666,0.004511193088934222,60,12,5
HB,sd,M:R@AAA,M:R,AAA,0.1833456050862658,,60,12,5
HB,mean,M:R@AAC,M:R,AAC,1.9507999999999999,0.0135701698154895,85,17,5
HB,sd,M:R@AAC,M:R,AAC,0.1937349842449562,,85,17,5
HB,mean,M:R@AAG,M:R,AAG,1.9437025641025638,0.009564829559088396,65,13,5
HB,sd,M:R@AAG,M:R,AAG,0.22463339589017212,,65,13,5
HB,mean,M:R@AAT,M:R,AAT,1.9522274509803923,0.004267779626864919,85,17,5
HB,sd,M:R@AAT,M:R,AAT,0.21439765320790047,,85,17,5
HB,mean,M:R@ACA,M:R,ACA,2.981631746031746,0.004224888982844355,105,21,5
HB,sd,M:R@ACA,M:R,ACA,0.14861932242378229,,105,21,5
HB,mean,M:R@ACC,M:R,ACC,2.9737739130434786,0.0062566797944939995,115,23,5
HB,sd,M:R@ACC,M:R,ACC,0.1688743859703255,,115,23,5
HB,mean,M:R@ACG,M:R,ACG,2.9515111111111114,0.00631568703338791,75,15,5
HB,sd,M:R@ACG,M:R,ACG,0.2617839155366659,,75,15,5
HB,mean,M:R@ACT,M:R,ACT,2.982160000000001,0.0018682768574784976,100,19,5
HB,sd,M:R@ACT,M:R,ACT,0.15541438208548755,,100,19,5
HB,mean,M:R@AGA,M:R,AGA,2.983226666666667,0.0014309122090470712,100,20,5
HB,sd,M:R@AGA,M:R,AGA,0.1312199639236176,,100,20,5
HB,mean,M:R@AGC,M:R,AGC,2.984526666666667,0.001384311974797489,100,19,5
HB,sd,M:R@AGC,M:R,AGC,0.12859527165079548,,100,19,5
HB,mean,M:R@AGG,M:R,AGG,2.9882444444444447,0.0013552759274428876,60,12,5
HB,sd,M:R@AGG,M:R,AGG,0.10846305047602973,,60,12,5
HB,mean,M:R@AGT,M:R,AGT,2.98430303030303,0.004044263081582192,110,22,5
HB,sd,M:R@AGT,M:R,AGT,0.11451468872090644,,110,22,5
HB,mean,M:R@ATA,M:R,ATA,1.9845230769230764,0.0014226870957873034,65,12,5
HB,sd,M:R@ATA,M:R,ATA,0.12007727960700441,,65,12,5
HB,mean,M:R@ATC,M:R,ATC,1.976282666666666,0.003964740892752844,125,25,5
HB,sd,M:R@ATC,M:R,ATC,0.1407867275955952,,125,25,5
HB,mean,M:R@ATG,M:R,ATG,1.9805703703703703,0.0019165980749938076,90,18,5
HB,sd,M:R@ATG,M:R,ATG,0.1330379534439193,,90,18,5
HB,mean,M:R@ATT,M:R,ATT,1.990615384615384,0.0011893571871972198,65,13,5
HB,sd,M:R@ATT,M:R,ATT,0.09338468384336106,,65,13,5
HB,mean,M:R@CAA,M:R,CAA,1.972631111111111,0.003162539301351442,75,15,5
HB,sd,M:R@CAA,M:R,CAA,0.15796412892259884,,75,15,5
HB,mean,M:R@CAC,M:R,CAC,1.9310956521739127,0.010251424365815715,115,23,5
HB,sd,M:R@CAC,M:R,CAC,0.24006886290178855,,115,23,5
HB,mean,M:R@CAG,M:R,CAG,1.9605904761904758,0.005784860734369452,105,21,5
HB,sd,M:R@CAG,M:R,CAG,0.18682631433796054,,105,21,5
HB,mean,M:R@CAT,M:R,CAT,1.9250461538461536,0.015503722060454231,65,12,5
HB,sd,M:R@CAT,M:R,CAT,0.25162394650527464,,65,12,5
HB,mean,M:R@CCA,M:R,CCA,2.9921277777777777,0.0021369297029529832,120,24,5
HB,sd,M:R@CCA,M:R,CCA,0.091930391157629,,120,24,5
HB,mean,M:R@CCC,M:R,CCC,2.9942,0.0009139930099416706,40,8,5
HB,sd,M:R@CCC,M:R,CCC,0.08160058527754262,,40,8,5
HB,mean,M:R@CCG,M:R,CCG,2.9756666666666667,0.00360535302878807,120,24,5
HB,sd,M:R@CCG,M:R,CCG,0.17523960004307107,,120,24,5
HB,mean,M:R@CCT,M:R,CCT,2.9943999999999997,0.0005404035075338126,80,16,5
HB,sd,M:R@CCT,M:R,CCT,0.07835591894652191,,80,16,5
HB,mean,M:R@CGA,M:R,CGA,2.979881481481481,0.004412525832781672,90,18,5
HB,sd,M:R@CGA,M:R,CGA,0.13607697020270423,,90,18,5
HB,mean,M:R@CGC,M:R,CGC,2.9787794871794873,0.0037926498026198516,65,13,5
HB,sd,M:R@CGC,M:R,CGC,0.14813250218502944,,65,13,5
HB,mean,M:R@CGG,M:R,CGG,2.985911111111111,0.0023456728637909906,105,21,5
HB,sd,M:R@CGG,M:R,CGG,0.11282845190311053,,105,21,5
HB,mean,M:R@CGT,M:R,CGT,2.97904126984127,0.0028418009200835656,105,21,5
HB,sd,M:R@CGT,M:R,CGT,0.14395757792100033,,105,21,5
HB,mean,M:R@CTA,M:R,CTA,1.981237037037037,0.0022235177950977987,90,18,5
HB,sd,M:R@CTA,M:R,CTA,0.13075667676441,,90,18,5
HB,mean,M:R@CTC,M:R,CTC,1.980072727272727,0.0022332878993271232,55,10,5
HB,sd,M:R@CTC,M:R,CTC,0.1345330562524632,,55,10,5
HB,mean,M:R@CTG,M:R,CTG,1.981389355742297,0.002907875652102365,119,23,5
HB,sd,M:R@CTG,M:R,CTG,0.12671747369723196,,119,23,5
HB,mean,M:R@CTT,M:R,CTT,1.9912666666666663,0.0007125303063729874,100,20,5
HB,sd,M:R@CTT,M:R,CTT,0.09072196541748427,,100,20,5
HB,mean,M:R@GAA,M:R,GAA,1.9704599999999994,0.004058371430348215,100,20,5
HB,sd,M:R@GAA,M:R,GAA,0.1627779923237544,,100,20,5
HB,mean,M:R@GAC,M:R,GAC,1.9521855072463765,0.014421095760092964,115,22,5
HB,sd,M:R@GAC,M:R,GAC,0.18231688462633797,,115,22,5
HB,mean,M:R@GAG,M:R,GAG,1.9549500000000002,0.0029457252750101095,80,16,5
HB,sd,M:R@GAG,M:R,GAG,0.2027926567949243,,80,16,5
HB,mean,M:R@GAT,M:R,GAT,1.9545222222222223,0.0047886094111338345,120,24,5
HB,sd,M:R@GAT,M:R,GAT,0.20163711307790425,,120,24,5
HB,mean,M:R@GCA,M:R,GCA,2.98,0.0042805377204505266,65,13,5
HB,sd,M:R@GCA,M:R,GCA,0.17105261453539372,,65,13,5
HB,mean,M:R@GCC,M:R,GCC,2.983077777777778,0.0015205042541216564,120,23,5
HB,sd,M:R@GCC,M:R,GCC,0.1601176436111638,,120,23,5
HB,mean,M:R@GCG,M:R,GCG,2.965031111111111,0.0022917187408494385,75,15,5
HB,sd,M:R@GCG,M:R,GCG,0.2514311785107203,,75,15,5
HB,mean,M:R@GCT,M:R,GCT,2.9856000000000003,0.002322314024592581,80,16,5
HB,sd,M:R@GCT,M:R,GCT,0.1342377095939434,,80,16,5
HB,mean,M:R@GGA,M:R,GGA,2.989384126984127,0.0007757355234993217,105,21,5
HB,sd,M:R@GGA,M:R,GGA,0.1030948335564631,,105,21,5
HB,mean,M:R@GGC,M:R,GGC,2.987395238095238,0.0010822244026061955,140,28,5
HB,sd,M:R@GGC,M:R,GGC,0.11413789220382022,,140,28,5
HB,mean,M:R@GGG,M:R,GGG,2.993384615384615,0.00043085261402996193,65,13,5
HB,sd,M:R@GGG,M:R,GGG,0.08273203241100056,,65,13,5
HB,mean,M:R@GGT,M:R,GGT,2.990361904761905,0.001001562901119055,70,14,5
HB,sd,M:R@GGT,M:R,GGT,0.09847448589763128,,70,14,5
HB,mean,M:R@GTA,M:R,GTA,1.9806175438596492,0.0036568212725999515,95,18,5
HB,sd,M:R@GTA,M:R,GTA,0.13031347716407318,,95,18,5
HB,mean,M:R@GTC,M:R,GTC,1.9803058823529407,0.004090282815880529,85,16,5
HB,sd,M:R@GTC,M:R,GTC,0.13086027964490385,,85,16,5
HB,mean,M:R@GTG,M:R,GTG,1.9803925925925923,0.002915401568725521,90,18,5
HB,sd,M:R@GTG,M:R,GTG,0.13324287867390708,,90,18,5
HB,mean,M:R@GTT,M:R,GTT,1.9922456140350873,0.00040143463258064574,95,19,5
HB,sd,M:R@GTT,M:R,GTT,0.0872475334108979,,95,19,5
HB,mean,M:R@TAA,M:R,TAA,1.9723878787878786,0.003970637487358224,55,11,5
HB,sd,M:R@TAA,M:R,TAA,0.16004913627382772,,55,11,5
HB,mean,M:R@TAC,M:R,TAC,1.938785714285714,0.00738585957711825,84,17,5
HB,sd,M:R@TAC,M:R,TAC,0.2330163798695716,,84,17,5
HB,mean,M:R@TAG,M:R,TAG,1.960242424242424,0.0034409929984351327,110,21,5
HB,sd,M:R@TAG,M:R,TAG,0.19176268436735183,,110,21,5
HB,mean,M:R@TAT,M:R,TAT,1.9602947368421046,0.0015766165705088605,95,19,5
HB,sd,M:R@TAT,M:R,TAT,0.19520356511500697,,95,19,5
HB,mean,M:R@TCA,M:R,TCA,2.9844631578947363,0.0019823347081724487,95,18,5
HB,sd,M:R@TCA,M:R,TCA,0.1468830119629506,,95,18,5
HB,mean,M:R@TCC,M:R,TCC,2.9906039215686273,0.0012128446073271112,85,17,5
HB,sd,M:R@TCC,M:R,TCC,0.10496831019508876,,85,17,5
HB,mean,M:R@TCG,M:R,TCG,2.9694370370370367,0.0027928510711550973,90,17,5
HB,sd,M:R@TCG,M:R,TCG,0.2174284880276292,,90,17,5
HB,mean,M:R@TCT,M:R,TCT,2.9923722222222224,0.0007199829409533099,120,23,5
HB,sd,M:R@TCT,M:R,TCT,0.09070950367366885,,120,23,5
HB,mean,M:R@TGA,M:R,TGA,2.991396078431372,0.0012075882044116262,85,17,5
HB,sd,M:R@TGA,M:R,TGA,0.09182190168716338,,85,17,5
HB,mean,M:R@TGC,M:R,TGC,2.985435897435897,0.002638664574555681,65,13,5
HB,sd,M:R@TGC,M:R,TGC,0.12410895173791388,,65,13,5
HB,mean,M:R@TGG,M:R,TGG,2.9907710144927537,0.0013692598017713668,115,23,5
HB,sd,M:R@TGG,M:R,TGG,0.09589620935617497,,115,23,5
HB,mean,M:R@TGT,M:R,TGT,2.9902444444444454,0.0009206963123573852,90,18,5
HB,sd,M:R@TGT,M:R,TGT,0.09979744241572466,,90,18,5
HB,mean,M:R@TTA,M:R,TTA,1.9875809523809522,0.0010392142589846936,70,14,5
HB,sd,M:R@TTA,M:R,TTA,0.10918957685122138,,70,14,5
HB,mean,M:R@TTC,M:R,TTC,1.985107246376811,0.0011013002442999754,115,22,5
HB,sd,M:R@TTC,M:R,TTC,0.11838337240457127,,115,22,5
HB,mean,M:R@TTG,M:R,TTG,1.987013333333333,0.0012680373527231934,75,15,5
HB,sd,M:R@TTG,M:R,TTG,0.11179699325645337,,75,15,5
HB,mean,M:R@TTT,M:R,TTT,1.9891878787878783,0.0010013804686407445,55,11,5
HB,sd,M:R@TTT,M:R,TTT,0.10248048117559251,,55,11,5
HB,mean,R:R@AAA,R:R,AAA,1.9555042735042731,0.009211715641624728,39,8,5
HB,sd,R:R@AAA,R:R,AAA,0.2020150995506324,,39,8,5
HB,mean,R:R@AAC,R:R,AAC,1.930573333333333,0.015547315867520159,50,10,5
HB,sd,R:R@AAC,R:R,AAC,0.24285011959029454,,50,10,5
HB,mean,R:R@AAG,R:R,AAG,1.9460555555555554,0.003206346491809908,24,5,5
HB,sd,R:R@AAG,R:R,AAG,0.2304227089524037,,24,5,5
HB,mean,R:R@AAT,R:R,AAT,1.9119272727272725,0.020257368796544828,55,11,5
HB,sd,R:R@AAT,R:R,AAT,0.26865619868151597,,55,11,5
HB,mean,R:R@ACA,R:R,ACA,2.9905555555555563,0.001577096910015423,60,12,5
HB,sd,R:R@ACA,R:R,ACA,0.09842836399332625,,60,12,5
HB,mean,R:R@ACC,R:R,ACC,2.9882666666666666,0.002047756169484087,55,11,5
HB,sd,R:R@ACC,R:R,ACC,0.10600737494534802,,55,11,5
HB,mean,R:R@ACG,R:R,ACG,2.9761904761904763,0.003647898007485365,35,7,5
HB,sd,R:R@ACG,R:R,ACG,0.16181517427747077,,35,7,5
HB,mean,R:R@ACT,R:R,ACT,2.9885166666666665,0.0013892969032392169,40,7,5
HB,sd,R:R@ACT,R:R,ACT,0.10983499409194179,,40,7,5
HB,mean,R:R@AGA,R:R,AGA,2.9914095238095237,0.0012685122599886323,35,7,5
HB,sd,R:R@AGA,R:R,AGA,0.09350986692636,,35,7,5
HB,mean,R:R@AGC,R:R,AGC,2.992141666666667,0.0004167580141562298,80,15,5
HB,sd,R:R@AGC,R:R,AGC,0.09014788122070216,,80,15,5
HB,mean,R:R@AGG,R:R,AGG,2.991911111111111,0.00312105648265161,15,3,5
HB,sd,R:R@AGG,R:R,AGG,0.09165062609162322,,15,3,5
HB,mean,R:R@AGT,R:R,AGT,2.986433333333333,0.0022116249122115816,60,12,5
HB,sd,R:R@AGT,R:R,AGT,0.11420051295008776,,60,12,5
HB,mean,R:R@ATA,R:R,ATA,1.950533333333333,0.002502151287764707,45,8,5
HB,sd,R:R@ATA,R:R,ATA,0.2165037438538935,,45,8,5
HB,mean,R:R@ATC,R:R,ATC,1.9096,0.00777915888883567,65,13,5
HB,sd,R:R@ATC,R:R,ATC,0.2906771772914829,,65,13,5
HB,mean,R:R@ATG,R:R,ATG,1.9024190476190475,0.009679480463255674,35,7,5
HB,sd,R:R@ATG,R:R,ATG,0.30314119993828914,,35,7,5
HB,mean,R:R@ATT,R:R,ATT,1.9324761904761902,0.01398506507167405,35,7,5
HB,sd,R:R@ATT,R:R,ATT,0.2482947421971301,,35,7,5
HB,mean,R:R@CAA,R:R,CAA,1.9608166666666662,0.0034922670722353556,40,8,5
HB,sd,R:R@CAA,R:R,CAA,0.19615639730535525,,40,8,5
HB,mean,R:R@CAC,R:R,CAC,1.9077687074829932,0.011100944656148881,49,10,5
HB,sd,R:R@CAC,R:R,CAC,0.29742338260791057,,49,10,5
HB,mean,R:R@CAG,R:R,CAG,1.9179692307692306,0.00580136423860182,65,13,5
HB,sd,R:R@CAG,R:R,CAG,0.28538128594114637,,65,13,5
HB,mean,R:R@CAT,R:R,CAT,1.9124666666666665,0.007774172795579313,20,3,5
HB,sd,R:R@CAT,R:R,CAT,0.2935696820088901,,20,3,5
HB,mean,R:R@CCA,R:R,CCA,2.993805128205128,0.0006569564534446747,65,13,5
HB,sd,R:R@CCA,R:R,CCA,0.07979384472146848,,65,13,5
HB,mean,R:R@CCC,R:R,CCC,2.994622222222222,6.775263650278884e-05,15,3,5
HB,sd,R:R@CCC,R:R,CCC,0.07426247787894394,,15,3,5
HB,mean,R:R@CCG,R:R,CCG,2.9789600000000003,0.0037710258372961963,50,10,5
HB,sd,R:R@CCG,R:R,CCG,0.15345345724228593,,50,10,5
HB,mean,R:R@CCT,R:R,CCT,2.9924833333333334,0.0005621501859799102,40,8,5
HB,sd,R:R@CCT,R:R,CCT,0.08800785758595657,,40,8,5
HB,mean,R:R@CGA,R:R,CGA,2.9865166666666667,0.001479633719690252,40,8,5
HB,sd,R:R@CGA,R:R,CGA,0.12274029482122006,,40,8,5
HB,mean,R:R@CGC,R:R,CGC,2.9862933333333337,0.005170907979584715,25,5,5
HB,sd,R:R@CGC,R:R,CGC,0.1125966967092651,,25,5,5
HB,mean,R:R@CGG,R:R,CGG,2.9818933333333337,0.003089876825844197,50,10,5
HB,sd,R:R@CGG,R:R,CGG,0.1406050742957228,,50,10,5
HB,mean,R:R@CGT,R:R,CGT,2.974755555555556,0.004105839427488754,60,12,5
HB,sd,R:R@CGT,R:R,CGT,0.1671907332092009,,60,12,5
HB,mean,R:R@CTA,R:R,CTA,1.9488848484848482,0.004580805262313534,55,11,5
HB,sd,R:R@CTA,R:R,CTA,0.22037266878487755,,55,11,5
HB,mean,R:R@CTC,R:R,CTC,1.931733333333333,0.005660777763601816,20,4,5
HB,sd,R:R@CTC,R:R,CTC,0.2555721295584841,,20,4,5
HB,mean,R:R@CTG,R:R,CTG,1.9135555555555555,0.008427944239053195,39,8,5
HB,sd,R:R@CTG,R:R,CTG,0.29455462374565666,,39,8,5
HB,mean,R:R@CTT,R:R,CTT,1.9348571428571415,0.011704431379516047,70,14,5
HB,sd,R:R@CTT,R:R,CTT,0.24765533997214934,,70,14,5
HB,mean,R:R@GAA,R:R,GAA,1.954380952380952,0.005867514872008612,70,14,5
HB,sd,R:R@GAA,R:R,GAA,0.2049669751574987,,70,14,5
HB,mean,R:R@GAC,R:R,GAC,1.92932,0.004663552536680397,50,9,5
HB,sd,R:R@GAC,R:R,GAC,0.26276511080702764,,50,9,5
HB,mean,R:R@GAG,R:R,GAG,1.9380000000000002,0.003605915407483367,30,6,5
HB,sd,R:R@GAG,R:R,GAG,0.24421780968402057,,30,6,5
HB,mean,R:R@GAT,R:R,GAT,1.936311111111111,0.0043175652767580555,45,9,5
HB,sd,R:R@GAT,R:R,GAT,0.24502437463986632,,45,9,5
HB,mean,R:R@GCA,R:R,GCA,2.995166666666667,0.0003501782780082424,20,4,5
HB,sd,R:R@GCA,R:R,GCA,0.07042673323854617,,20,4,5
HB,mean,R:R@GCC,R:R,GCC,2.993577777777778,0.00025073158235230946,60,12,5
HB,sd,R:R@GCC,R:R,GCC,0.08100644142476372,,60,12,5
HB,mean,R:R@GCG,R:R,GCG,2.988693333333334,0.0013150545590709624,50,10,5
HB,sd,R:R@GCG,R:R,GCG,0.11121810968636099,,50,10,5
HB,mean,R:R@GCT,R:R,GCT,2.9919703703703697,0.0009904395000666184,45,9,5
HB,sd,R:R@GCT,R:R,GCT,0.08882594782048332,,45,9,5
HB,mean,R:R@GGA,R:R,GGA,2.993418181818182,0.0007052263083617591,55,11,5
HB,sd,R:R@GGA,R:R,GGA,0.08150211090808619,,55,11,5
HB,mean,R:R@GGC,R:R,GGC,2.9939282051282055,0.0003564754598169101,65,13,5
HB,sd,R:R@GGC,R:R,GGC,0.07960501766219301,,65,13,5
HB,mean,R:R@GGG,R:R,GGG,2.991009523809524,0.0017997987390633023,35,7,5
HB,sd,R:R@GGG,R:R,GGG,0.09306726385361802,,35,7,5
HB,mean,R:R@GGT,R:R,GGT,2.990111111111111,0.0007959201833548246,30,6,5
HB,sd,R:R@GGT,R:R,GGT,0.10126395097611944,,30,6,5
HB,mean,R:R@GTA,R:R,GTA,1.9412190476190472,0.004496092341905205,35,7,5
HB,sd,R:R@GTA,R:R,GTA,0.23890112633708105,,35,7,5
HB,mean,R:R@GTC,R:R,GTC,1.9295111111111107,0.005185675795973691,30,5,5
HB,sd,R:R@GTC,R:R,GTC,0.260030270409134,,30,5,5
HB,mean,R:R@GTG,R:R,GTG,1.9059199999999998,0.00828521277880057,50,10,5
HB,sd,R:R@GTG,R:R,GTG,0.30351681067451153,,50,10,5
HB,mean,R:R@GTT,R:R,GTT,1.9522666666666664,0.003056837516853726,50,10,5
HB,sd,R:R@GTT,R:R,GTT,0.21812216371991167,,50,10,5
HB,mean,R:R@TAA,R:R,TAA,1.9640999999999997,0.012681173486708497,20,4,5
HB,sd,R:R@TAA,R:R,TAA,0.17540745452540368,,20,4,5
HB,mean,R:R@TAC,R:R,TAC,1.9388888888888887,0.005255165722367567,45,9,5
HB,sd,R:R@TAC,R:R,TAC,0.23968713850634665,,45,9,5
HB,mean,R:R@TAG,R:R,TAG,1.9517128205128202,0.004237268479535599,65,12,5
HB,sd,R:R@TAG,R:R,TAG,0.21368897473659806,,65,12,5
HB,mean,R:R@TAT,R:R,TAT,1.9513575757575756,0.002632431256727445,55,11,5
HB,sd,R:R@TAT,R:R,TAT,0.21382672247110968,,55,11,5
HB,mean,R:R@TCA,R:R,TCA,2.9882444444444447,0.00529133369147777,30,6,5
HB,sd,R:R@TCA,R:R,TCA,0.10172161735085392,,30,6,5
HB,mean,R:R@TCC,R:R,TCC,2.9943703703703703,0.00041132644343962535,45,9,5
HB,sd,R:R@TCC,R:R,TCC,0.07641432858828183,,45,9,5
HB,mean,R:R@TCG,R:R,TCG,2.983746666666667,0.00533629079292594,50,10,5
HB,sd,R:R@TCG,R:R,TCG,0.11417276408061852,,50,10,5
HB,mean,R:R@TCT,R:R,TCT,2.991122222222222,0.0007268597147401688,60,11,5
HB,sd,R:R@TCT,R:R,TCT,0.09646445814993893,,60,11,5
HB,mean,R:R@TGA,R:R,TGA,2.99125,0.00150428747437306,40,8,5
HB,sd,R:R@TGA,R:R,TGA,0.09350778508712415,,40,8,5
HB,mean,R:R@TGC,R:R,TGC,2.9947777777777778,0.0005156160135767439,30,6,5
HB,sd,R:R@TGC,R:R,TGC,0.0729194395433375,,30,6,5
HB,mean,R:R@TGG,R:R,TGG,2.9924144144144145,0.0014681928958505115,74,15,5
HB,sd,R:R@TGG,R:R,TGG,0.08418765094523181,,74,15,5
HB,mean,R:R@TGT,R:R,TGT,2.992952380952381,0.0006783856236844658,35,7,5
HB,sd,R:R@TGT,R:R,TGT,0.08750689683402178,,35,7,5
HB,mean,R:R@TTA,R:R,TTA,1.9699999999999995,0.00310396287236682,45,9,5
HB,sd,R:R@TTA,R:R,TTA,0.17025156041517922,,45,9,5
HB,mean,R:R@TTC,R:R,TTC,1.956011299435028,0.005370265968255424,59,11,5
HB,sd,R:R@TTC,R:R,TTC,0.20554560443107694,,59,11,5
HB,mean,R:R@TTG,R:R,TTG,1.9551999999999996,0.0021360192630641233,45,9,5
HB,sd,R:R@TTG,R:R,TTG,0.213935046688616,,45,9,5
HB,mean,R:R@TTT,R:R,TTT,1.9611466666666661,0.00601733169916513,25,5,5
HB,sd,R:R@TTT,R:R,TTT,0.19147393032937743,,25,5,5
Major,mean,D:R@AAA,D:R,AAA,19.482429390833335,0.19313423017786824,80,16,5
Major,sd,D:R@AAA,D:R,AAA,1.0270246691061418,,80,16,5
Major,mean,D:R@AAC,D:R,AAC,19.527752710272534,0.07110835289591554,159,32,5
Major,sd,D:R@AAC,D:R,AAC,0.9576204591826266,,159,32,5
Major,mean,D:R@AAG,D:R,AAG,19.612619748,0.07700919904652667,100,20,5
Major,sd,D:R@AAG,D:R,AAG,0.8643243900433031,,100,20,5
Major,mean,D:R@AAT,D:R,AAT,19.577213944927532,0.05075619994898544,115,23,5
Major,sd,D:R@AAT,D:R,AAT,0.877947102009019,,115,23,5
Major,mean,D:R@ACA,D:R,ACA,19.43967717464213,0.05189590843292426,163,32,5
Major,sd,D:R@ACA,D:R,ACA,0.5397149345969079,,163,32,5
Major,mean,D:R@ACC,D:R,ACC,19.662933686666666,0.049645978939386694,140,27,5
Major,sd,D:R@ACC,D:R,ACC,0.5834167992915198,,140,27,5
Major,mean,D:R@ACG,D:R,ACG,19.470284900229885,0.0515208032628532,145,29,5
Major,sd,D:R@ACG,D:R,ACG,0.6243961118193926,,145,29,5
Major,mean,D:R@ACT,D:R,ACT,19.469030495353536,0.04795909358555781,165,31,5
Major,sd,D:R@ACT,D:R,ACT,0.560771539757958,,165,31,5
Major,mean,D:R@AGA,D:R,AGA,19.721551014901962,0.0592521535306982,85,17,5
Major,sd,D:R@AGA,D:R,AGA,0.6939942828420144,,85,17,5
Major,mean,D:R@AGC,D:R,AGC,19.461030054222224,0.06382620327607924,150,29,5
Major,sd,D:R@AGC,D:R,AGC,0.7061946335530565,,150,29,5
Major,mean,D:R@AGG,D:R,AGG,19.862451541666665,0.03562857899839953,80,16,5
Major,sd,D:R@AGG,D:R,AGG,0.6988343970640744,,80,16,5
Major,mean,D:R@AGT,D:R,AGT,19.497842964444445,0.06517557864009675,165,33,5
Major,sd,D:R@AGT,D:R,AGT,0.6777565563170177,,165,33,5
Major,mean,D:R@ATA,D:R,ATA,19.54024065212121,0.05754500826200619,110,21,5
Major,sd,D:R@ATA,D:R,ATA,0.7975169232865891,,110,21,5
Major,mean,D:R@ATC,D:R,ATC,19.379917237887067,0.05909975423364177,183,37,5
Major,sd,D:R@ATC,D:R,ATC,0.7504007063830334,,183,37,5
Major,mean,D:R@ATG,D:R,ATG,19.52634264423077,0.04567175280760727,104,21,5
Major,sd,D:R@ATG,D:R,ATG,0.8096512111426031,,104,21,5
Major,mean,D:R@ATT,D:R,ATT,19.484776411515146,0.054688099977839986,110,22,5
Major,sd,D:R@ATT,D:R,ATT,0.6095763567771318,,110,22,5
Major,mean,D:R@CAA,D:R,CAA,19.434339301866665,0.06531903131141147,125,25,5
Major,sd,D:R@CAA,D:R,CAA,0.7390285521634867,,125,25,5
Major,mean,D:R@CAC,D:R,CAC,19.428195025503353,0.04758553147767336,149,30,5
Major,sd,D:R@CAC,D:R,CAC,0.91266818480417,,149,30,5
Major,mean,D:R@CAG,D:R,CAG,19.590801707096777,0.03495329356546731,155,31,5
Major,sd,D:R@CAG,D:R,CAG,0.6995399584750981,,155,31,5
Major,mean,D:R@CAT,D:R,CAT,19.539753400634922,0.059188521452220894,105,20,5
Major,sd,D:R@CAT,D:R,CAT,0.8059544801203629,,105,20,5
Major,mean,D:R@CCA,D:R,CCA,19.667858217721516,0.051722798867970265,158,32,5
Major,sd,D:R@CCA,D:R,CCA,0.5060740141645267,,158,32,5
Major,mean,D:R@CCC,D:R,CCC,19.54064231444444,0.1368205162639088,60,12,5
Major,sd,D:R@CCC,D:R,CCC,0.4960076318569163,,60,12,5
Major,mean,D:R@CCG,D:R,CCG,19.595719594747475,0.04918707928208149,165,33,5
Major,sd,D:R@CCG,D:R,CCG,0.5514325046490621,,165,33,5
Major,mean,D:R@CCT,D:R,CCT,19.617928331733335,0.06528185312071126,125,25,5
Major,sd,D:R@CCT,D:R,CCT,0.5015191765638181,,125,25,5
Major,mean,D:R@CGA,D:R,CGA,19.711373080555557,0.05707650059844499,120,24,5
Major,sd,D:R@CGA,D:R,CGA,0.6230309685819228,,120,24,5
Major,mean,D:R@CGC,D:R,CGC,19.683247305555554,0.060899340159856735,120,24,5
Major,sd,D:R@CGC,D:R,CGC,0.6640239988766999,,120,24,5
Major,mean,D:R@CGG,D:R,CGG,19.808118688235293,0.05396526129045955,170,34,5
Major,sd,D:R@CGG,D:R,CGG,0.647790658422484,,170,34,5
Major,mean,D:R@CGT,D:R,CGT,19.710328368761907,0.06389037982742282,175,33,5
Major,sd,D:R@CGT,D:R,CGT,0.6310998401152674,,175,33,5
Major,mean,D:R@CTA,D:R,CTA,19.651414717037035,0.0642010574199791,135,27,5
Major,sd,D:R@CTA,D:R,CTA,0.6890348367570654,,135,27,5
Major,mean,D:R@CTC,D:R,CTC,19.63547269800995,0.06454375236705141,134,27,5
Major,sd,D:R@CTC,D:R,CTC,0.6211877777551736,,134,27,5
Major,mean,D:R@CTG,D:R,CTG,19.615039627338128,0.050344909695992784,139,28,5
Major,sd,D:R@CTG,D:R,CTG,0.7825829907340274,,139,28,5
Major,mean,D:R@CTT,D:R,CTT,19.655811527804875,0.03390831324738539,205,40,5
Major,sd,D:R@CTT,D:R,CTT,0.5654797020975719,,205,40,5
Major,mean,D:R@GAA,D:R,GAA,19.635542690277777,0.0720976116784718,144,29,5
Major,sd,D:R@GAA,D:R,GAA,0.9554211741499731,,144,29,5
Major,mean,D:R@GAC,D:R,GAC,19.460898503703703,0.08977807388662142,144,28,5
Major,sd,D:R@GAC,D:R,GAC,1.1191025179680278,,144,28,5
Major,mean,D:R@GAG,D:R,GAG,19.79739900266667,0.0589372759114475,75,15,5
Major,sd,D:R@GAG,D:R,GAG,0.8349856461100092,,75,15,5
Major,mean,D:R@GAT,D:R,GAT,19.61987010102564,0.05811332133766761,130,26,5
Major,sd,D:R@GAT,D:R,GAT,0.8000790349567816,,130,26,5
Major,mean,D:R@GCA,D:R,GCA,19.456917904,0.07563439194839187,100,20,5
Major,sd,D:R@GCA,D:R,GCA,0.5280277802997104,,100,20,5
Major,mean,D:R@GCC,D:R,GCC,19.58114552458333,0.046748489807976634,160,32,5
Major,sd,D:R@GCC,D:R,GCC,0.549281466849895,,160,32,5
Major,mean,D:R@GCG,D:R,GCG,19.5107109888,0.04242094136005425,125,24,5
Major,sd,D:R@GCG,D:R,GCG,0.5587373888015407,,125,24,5
Major,mean,D:R@GCT,D:R,GCT,19.429078514567898,0.05368125918351178,135,27,5
Major,sd,D:R@GCT,D:R,GCT,0.5279488744098118,,135,27,5
Major,mean,D:R@GGA,D:R,GGA,19.862958622626266,0.056173325300133754,165,33,5
Major,sd,D:R@GGA,D:R,GGA,0.6416207180645277,,165,33,5
Major,mean,D:R@GGC,D:R,GGC,19.67848899125,0.048107562802574826,160,30,5
Major,sd,D:R@GGC,D:R,GGC,0.6841638547898372,,160,30,5
Major,mean,D:R@GGG,D:R,GGG,19.85388434051282,0.1471405228567634,65,13,5
Major,sd,D:R@GGG,D:R,GGG,0.6135001382256188,,65,13,5
Major,mean,D:R@GGT,D:R,GGT,19.697094055376343,0.08407378274328624,124,25,5
Major,sd,D:R@GGT,D:R,GGT,0.6566435415601246,,124,25,5
Major,mean,D:R@GTA,D:R,GTA,19.555547021129325,0.03387881301255562,183,37,5
Major,sd,D:R@GTA,D:R,GTA,0.7492296444947733,,183,37,5
Major,mean,D:R@GTC,D:R,GTC,19.472269387468668,0.05371313277419353,133,26,5
Major,sd,D:R@GTC,D:R,GTC,0.6548025214858089,,133,26,5
Major,mean,D:R@GTG,D:R,GTG,19.45821554247312,0.058913714669002866,124,24,5
Major,sd,D:R@GTG,D:R,GTG,0.8395902908241154,,124,24,5
Major,mean,D:R@GTT,D:R,GTT,19.443798903466664,0.06318733660535407,125,25,5
Major,sd,D:R@GTT,D:R,GTT,0.6318790790371276,,125,25,5
Major,mean,D:R@TAA,D:R,TAA,19.853766502857145,0.030676169308795805,105,21,5
Major,sd,D:R@TAA,D:R,TAA,0.6256797154797824,,105,21,5
Major,mean,D:R@TAC,D:R,TAC,19.642371192276425,0.05547855447458871,164,33,5
Major,sd,D:R@TAC,D:R,TAC,0.742480197146731,,164,33,5
Major,mean,D:R@TAG,D:R,TAG,19.73153747862069,0.052643051649922376,145,28,5
Major,sd,D:R@TAG,D:R,TAG,0.613168859674664,,145,28,5
Major,mean,D:R@TAT,D:R,TAT,19.638606168602152,0.05773191159677567,155,30,5
Major,sd,D:R@TAT,D:R,TAT,0.7080030736009388,,155,30,5
Major,mean,D:R@TCA,D:R,TCA,19.609159156363635,0.04134405764824888,110,22,5
Major,sd,D:R@TCA,D:R,TCA,0.5302934232613971,,110,22,5
Major,mean,D:R@TCC,D:R,TCC,19.62342203139785,0.04930673903992998,155,31,5
Major,sd,D:R@TCC,D:R,TCC,0.538085931801886,,155,31,5
Major,mean,D:R@TCG,D:R,TCG,19.515576465416665,0.035170595858075165,160,32,5
Major,sd,D:R@TCG,D:R,TCG,0.5266719116077582,,160,32,5
Major,mean,D:R@TCT,D:R,TCT,19.437059882807016,0.048847281617947956,190,35,5
Major,sd,D:R@TCT,D:R,TCT,0.5128733727604698,,190,35,5
Major,mean,D:R@TGA,D:R,TGA,19.713525145333332,0.07038925947620704,100,20,5
Major,sd,D:R@TGA,D:R,TGA,0.583692835218208,,100,20,5
Major,mean,D:R@TGC,D:R,TGC,19.7235826226087,0.048324875173493834,115,22,5
Major,sd,D:R@TGC,D:R,TGC,0.6024806568860868,,115,22,5
Major,mean,D:R@TGG,D:R,TGG,19.827303704561402,0.059032191905021306,190,36,5
Major,sd,D:R@TGG,D:R,TGG,0.5763389252702689,,190,36,5
Major,mean,D:R@TGT,D:R,TGT,19.69771843733333,0.06483929651001434,125,25,5
Major,sd,D:R@TGT,D:R,TGT,0.5874450529348946,,125,25,5
Major,mean,D:R@TTA,D:R,TTA,19.604657979601992,0.053947178668223815,134,27,5
Major,sd,D:R@TTA,D:R,TTA,0.6165596546884952,,134,27,5
Major,mean,D:R@TTC,D:R,TTC,19.607819070666665,0.04289663339165182,150,29,5
Major,sd,D:R@TTC,D:R,TTC,0.630660792727722,,150,29,5
Major,mean,D:R@TTG,D:R,TTG,19.557246287999998,0.04607813990120613,150,30,5
Major,sd,D:R@TTG,D:R,TTG,0.6774893707722985,,150,30,5
Major,mean,D:R@TTT,D:R,TTT,19.543447158431373,0.0672225557633978,85,17,5
Major,sd,D:R@TTT,D:R,TTT,0.5994937944063421,,85,17,5
Major,mean,E:R@AAA,E:R,AAA,19.765782627619046,0.024994499411470448,70,13,5
Major,sd,E:R@AAA,E:R,AAA,0.8612656363327535,,70,13,5
Major,mean,E:R@AAC,E:R,AAC,19.7292616172549,0.015997967238407195,85,17,5
Major,sd,E:R@AAC,E:R,AAC,0.7653895716002874,,85,17,5
Major,mean,E:R@AAG,E:R,AAG,19.73233454117647,0.06881665446176301,85,17,5
Major,sd,E:R@AAG,E:R,AAG,1.3381931983655824,,85,17,5
Major,mean,E:R@AAT,E:R,AAT,19.68944571185185,0.029320385567760943,90,18,5
Major,sd,E:R@AAT,E:R,AAT,1.1101025043068833,,90,18,5
Major,mean,E:R@ACA,E:R,ACA,19.50973997217391,0.022617775005175426,115,23,5
Major,sd,E:R@ACA,E:R,ACA,0.6022569628030553,,115,23,5
Major,mean,E:R@ACC,E:R,ACC,19.525999888421055,0.03476738227168074,95,19,5
Major,sd,E:R@ACC,E:R,ACC,0.512093705533635,,95,19,5
Major,mean,E:R@ACG,E:R,ACG,19.447079066666667,0.033717082470986794,70,14,5
Major,sd,E:R@ACG,E:R,ACG,0.6124963992360025,,70,14,5
Major,mean,E:R@ACT,E:R,ACT,19.489220495072466,0.027197234787390116,115,22,5
Major,sd,E:R@ACT,E:R,ACT,0.5267151894056651,,115,22,5
Major,mean,E:R@AGA,E:R,AGA,19.888780764166665,0.03963094364560988,80,16,5
Major,sd,E:R@AGA,E:R,AGA,0.5444324621603521,,80,16,5
Major,mean,E:R@AGC,E:R,AGC,19.733152495632183,0.017094967124562585,145,28,5
Major,sd,E:R@AGC,E:R,AGC,0.5129271239599543,,145,28,5
Major,mean,E:R@AGG,E:R,AGG,19.870227415384615,0.04891747388404845,65,13,5
Major,sd,E:R@AGG,E:R,AGG,0.5183869459269481,,65,13,5
Major,mean,E:R@AGT,E:R,AGT,19.77717258492754,0.015735055980601115,115,23,5
Major,sd,E:R@AGT,E:R,AGT,0.5274696807026183,,115,23,5
Major,mean,E:R@ATA,E:R,ATA,19.56107405858586,0.014197833361871158,99,19,5
Major,sd,E:R@ATA,E:R,ATA,1.0821651506351113,,99,19,5
Major,mean,E:R@ATC,E:R,ATC,19.468613858823527,0.023020518163159077,85,17,5
Major,sd,E:R@ATC,E:R,ATC,0.6503924383431419,,85,17,5
Major,mean,E:R@ATG,E:R,ATG,19.5253503537037,0.03050504707271785,72,15,5
Major,sd,E:R@ATG,E:R,ATG,1.0289759144561381,,72,15,5
Major,mean,E:R@ATT,E:R,ATT,19.461301533333334,0.08430828470735294,80,16,5
Major,sd,E:R@ATT,E:R,ATT,0.7238987813126105,,80,16,5
Major,mean,E:R@CAA,E:R,CAA,19.876607530980387,0.0398358864726026,85,17,5
Major,sd,E:R@CAA,E:R,CAA,0.9753819871131166,,85,17,5
Major,mean,E:R@CAC,E:R,CAC,19.850011701754383,0.01686384483420127,95,18,5
Major,sd,E:R@CAC,E:R,CAC,1.1702741306029318,,95,18,5
Major,mean,E:R@CAG,E:R,CAG,19.764249940322575,0.03875490656443221,124,25,5
Major,sd,E:R@CAG,E:R,CAG,1.323947471070458,,124,25,5
Major,mean,E:R@CAT,E:R,CAT,19.766484035897435,0.05702996813004897,65,12,5
Major,sd,E:R@CAT,E:R,CAT,1.338311487128352,,65,12,5
Major,mean,E:R@CCA,E:R,CCA,19.484435168,0.025499957747908142,125,25,5
Major,sd,E:R@CCA,E:R,CCA,0.5616593482677263,,125,25,5
Major,mean,E:R@CCC,E:R,CCC,19.568879451428575,0.07730622661805416,35,7,5
Major,sd,E:R@CCC,E:R,CCC,0.49787265723488483,,35,7,5
Major,mean,E:R@CCG,E:R,CCG,19.36575968666667,0.021615279487754095,100,20,5
Major,sd,E:R@CCG,E:R,CCG,0.5871675175451756,,100,20,5
Major,mean,E:R@CCT,E:R,CCT,19.536062604444446,0.04489602060730137,75,15,5
Major,sd,E:R@CCT,E:R,CCT,0.5011639679033263,,75,15,5
Major,mean,E:R@CGA,E:R,CGA,20.066803584761903,0.01626458234051745,105,21,5
Major,sd,E:R@CGA,E:R,CGA,0.5402958103704532,,105,21,5
Major,mean,E:R@CGC,E:R,CGC,19.95133932,0.02048806493646729,75,14,5
Major,sd,E:R@CGC,E:R,CGC,0.5949021529364056,,75,14,5
Major,mean,E:R@CGG,E:R,CGG,20.014655172380948,0.025021702748123403,70,14,5
Major,sd,E:R@CGG,E:R,CGG,0.5283519756983912,,70,14,5
Major,mean,E:R@CGT,E:R,CGT,19.99219395368421,0.025597414946906406,95,19,5
Major,sd,E:R@CGT,E:R,CGT,0.5032500173059546,,95,19,5
Major,mean,E:R@CTA,E:R,CTA,19.50751088561403,0.030280506025406335,95,19,5
Major,sd,E:R@CTA,E:R,CTA,0.9057313460803842,,95,19,5
Major,mean,E:R@CTC,E:R,CTC,19.46304108111111,0.011342601393902443,60,12,5
Major,sd,E:R@CTC,E:R,CTC,0.7087570175768767,,60,12,5
Major,mean,E:R@CTG,E:R,CTG,19.53569143525641,0.034069121074885765,104,21,5
Major,sd,E:R@CTG,E:R,CTG,0.9328466239677293,,104,21,5
Major,mean,E:R@CTT,E:R,CTT,19.43926952611111,0.04245721507775687,120,23,5
Major,sd,E:R@CTT,E:R,CTT,0.705091871700549,,120,23,5
Major,mean,E:R@GAA,E:R,GAA,19.748347462928347,0.023749000658047362,107,22,5
Major,sd,E:R@GAA,E:R,GAA,0.6940659864812596,,107,22,5
Major,mean,E:R@GAC,E:R,GAC,19.66784066021505,0.05567903165477831,124,24,5
Major,sd,E:R@GAC,E:R,GAC,0.7582686180756778,,124,24,5
Major,mean,E:R@GAG,E:R,GAG,19.716073340833333,0.022601975252085665,80,16,5
Major,sd,E:R@GAG,E:R,GAG,0.7216485068864348,,80,16,5
Major,mean,E:R@GAT,E:R,GAT,19.693321223293168,0.02728698763494627,83,17,5
Major,sd,E:R@GAT,E:R,GAT,0.6316478816233267,,83,17,5
Major,mean,E:R@GCA,E:R,GCA,19.425723871999992,0.03368361241840329,75,15,5
Major,sd,E:R@GCA,E:R,GCA,0.6169933425877379,,75,15,5
Major,mean,E:R@GCC,E:R,GCC,19.483078865555555,0.03462255523203481,120,24,5
Major,sd,E:R@GCC,E:R,GCC,0.5218132227814598,,120,24,5
Major,mean,E:R@GCG,E:R,GCG,19.346262213333333,0.03990212429035673,105,20,5
Major,sd,E:R@GCG,E:R,GCG,0.6103825135327178,,105,20,5
Major,mean,E:R@GCT,E:R,GCT,19.389491216842103,0.017663490274925947,95,19,5
Major,sd,E:R@GCT,E:R,GCT,0.5480667747341018,,95,19,5
Major,mean,E:R@GGA,E:R,GGA,19.772066939607843,0.03022674200156633,85,17,5
Major,sd,E:R@GGA,E:R,GGA,0.513280997633845,,85,17,5
Major,mean,E:R@GGC,E:R,GGC,19.668558822400005,0.018866144112449208,125,25,5
Major,sd,E:R@GGC,E:R,GGC,0.4996332885988765,,125,25,5
Major,mean,E:R@GGG,E:R,GGG,19.772146868888893,0.05919214635586889,60,12,5
Major,sd,E:R@GGG,E:R,GGG,0.49597341663448974,,60,12,5
Major,mean,E:R@GGT,E:R,GGT,19.777561871515147,0.05320708493586374,55,11,5
Major,sd,E:R@GGT,E:R,GGT,0.5152382423082634,,55,11,5
Major,mean,E:R@GTA,E:R,GTA,19.578119025714287,0.03993860490958497,70,14,5
Major,sd,E:R@GTA,E:R,GTA,0.8202176703446903,,70,14,5
Major,mean,E:R@GTC,E:R,GTC,19.24847375428572,0.19088072018081964,70,12,5
Major,sd,E:R@GTC,E:R,GTC,0.8393341213375441,,70,12,5
Major,mean,E:R@GTG,E:R,GTG,19.32923503628692,0.16663211790493523,79,16,5
Major,sd,E:R@GTG,E:R,GTG,0.9507628805012511,,79,16,5
Major,mean,E:R@GTT,E:R,GTT,19.54927453263158,0.030817800725880622,95,19,5
Major,sd,E:R@GTT,E:R,GTT,0.6234205933727639,,95,19,5
Major,mean,E:R@TAA,E:R,TAA,19.73793023222222,0.05032272792269823,60,12,5
Major,sd,E:R@TAA,E:R,TAA,0.8376526348647354,,60,12,5
Major,mean,E:R@TAC,E:R,TAC,19.73898365292096,0.024769404269000865,97,19,5
Major,sd,E:R@TAC,E:R,TAC,0.8444254988584369,,97,19,5
Major,mean,E:R@TAG,E:R,TAG,19.68494469728395,0.016319536883524274,135,24,5
Major,sd,E:R@TAG,E:R,TAG,0.9020127726578433,,135,24,5
Major,mean,E:R@TAT,E:R,TAT,19.718151127719295,0.0313720585448868,95,19,5
Major,sd,E:R@TAT,E:R,TAT,0.9793857919472486,,95,19,5
Major,mean,E:R@TCA,E:R,TCA,19.623547113333334,0.03787674098991114,50,10,5
Major,sd,E:R@TCA,E:R,TCA,0.5585306166608253,,50,10,5
Major,mean,E:R@TCC,E:R,TCC,19.58857292470588,0.02941481559340542,85,17,5
Major,sd,E:R@TCC,E:R,TCC,0.5115387949532094,,85,17,5
Major,mean,E:R@TCG,E:R,TCG,19.423737996190475,0.01738649575398932,70,14,5
Major,sd,E:R@TCG,E:R,TCG,0.5779777142191491,,70,14,5
Major,mean,E:R@TCT,E:R,TCT,19.52936577173333,0.013598748559267944,125,24,5
Major,sd,E:R@TCT,E:R,TCT,0.5421719677052651,,125,24,5
Major,mean,E:R@TGA,E:R,TGA,19.780989452727272,0.027144404458601123,110,21,5
Major,sd,E:R@TGA,E:R,TGA,0.5209590231193435,,110,21,5
Major,mean,E:R@TGC,E:R,TGC,19.833867209166666,0.027588343915086588,80,16,5
Major,sd,E:R@TGC,E:R,TGC,0.5279595191563977,,80,16,5
Major,mean,E:R@TGG,E:R,TGG,19.817341728421052,0.02165182057835032,95,19,5
Major,sd,E:R@TGG,E:R,TGG,0.5598306979565669,,95,19,5
Major,mean,E:R@TGT,E:R,TGT,19.90407564571428,0.03433740241113652,70,14,5
Major,sd,E:R@TGT,E:R,TGT,0.5248595772369552,,70,14,5
Major,mean,E:R@TTA,E:R,TTA,19.584955757575756,0.01901869058310317,110,21,5
Major,sd,E:R@TTA,E:R,TTA,0.8884957447797514,,110,21,5
Major,mean,E:R@TTC,E:R,TTC,19.541731208253964,0.01945314079598918,105,20,5
Major,sd,E:R@TTC,E:R,TTC,0.6741989061503941,,105,20,5
Major,mean,E:R@TTG,E:R,TTG,19.52488281123595,0.039892265976338284,89,18,5
Major,sd,E:R@TTG,E:R,TTG,0.9583656968771488,,89,18,5
Major,mean,E:R@TTT,E:R,TTT,19.625001765925923,0.041910846054271846,45,8,5
Major,sd,E:R@TTT,E:R,TTT,0.6198577531222703,,45,8,5
Major,mean,M:R@AAA,M:R,AAA,18.93316045222222,0.026496926479904752,60,12,5
Major,sd,M:R@AAA,M:R,AAA,0.8494639500544886,,60,12,5
Major,mean,M:R@AAC,M:R,AAC,18.85451810196078,0.027153907298759515,85,17,5
Major,sd,M:R@AAC,M:R,AAC,0.8462017159413974,,85,17,5
Major,mean,M:R@AAG,M:R,AAG,18.83911479487179,0.08721976251142885,65,13,5
Major,sd,M:R@AAG,M:R,AAG,0.9758299309629609,,65,13,5
Major,mean,M:R@AAT,M:R,AAT,18.910244265882355,0.01823706758721903,85,17,5
Major,sd,M:R@AAT,M:R,AAT,0.7938487822265626,,85,17,5
Major,mean,M:R@ACA,M:R,ACA,18.796958902222222,0.013972546493579038,105,21,5
Major,sd,M:R@ACA,M:R,ACA,0.4598920272667263,,105,21,5
Major,mean,M:R@ACC,M:R,ACC,18.82819992463768,0.016015119141186827,115,23,5
Major,sd,M:R@ACC,M:R,ACC,0.46038484117363654,,115,23,5
Major,mean,M:R@ACG,M:R,ACG,18.773920667555554,0.014114163636710078,75,15,5
Major,sd,M:R@ACG,M:R,ACG,0.5218128088098833,,75,15,5
Major,mean,M:R@ACT,M:R,ACT,18.838053961999996,0.017336689301636357,100,19,5
Major,sd,M:R@ACT,M:R,ACT,0.46214859915107426,,100,19,5
Major,mean,M:R@AGA,M:R,AGA,18.965866629999997,0.025246187628254216,100,20,5
Major,sd,M:R@AGA,M:R,AGA,0.5169409007200495,,100,20,5
Major,mean,M:R@AGC,M:R,AGC,18.899472724666666,0.01176363052191788,100,19,5
Major,sd,M:R@AGC,M:R,AGC,0.5245801979735151,,100,19,5
Major,mean,M:R@AGG,M:R,AGG,18.879696796666668,0.03902179674756028,60,12,5
Major,sd,M:R@AGG,M:R,AGG,0.5001175766733877,,60,12,5
Major,mean,M:R@AGT,M:R,AGT,18.89532807333333,0.020239732012416016,110,22,5
Major,sd,M:R@AGT,M:R,AGT,0.5208761532322697,,110,22,5
Major,mean,M:R@ATA,M:R,ATA,18.863496223589745,0.01957155383340121,65,12,5
Major,sd,M:R@ATA,M:R,ATA,0.46854312641081414,,65,12,5
Major,mean,M:R@ATC,M:R,ATC,18.852193931733336,0.014896097879092195,125,25,5
Major,sd,M:R@ATC,M:R,ATC,0.5978951836071421,,125,25,5
Major,mean,M:R@ATG,M:R,ATG,18.802589633333334,0.01407705312403204,90,18,5
Major,sd,M:R@ATG,M:R,ATG,0.5388530498462648,,90,18,5
Major,mean,M:R@ATT,M:R,ATT,18.89638709846154,0.02604174922274048,65,13,5
Major,sd,M:R@ATT,M:R,ATT,0.5033999942036533,,65,13,5
Major,mean,M:R@CAA,M:R,CAA,18.807608317333333,0.026717393607603952,75,15,5
Major,sd,M:R@CAA,M:R,CAA,0.6144075816664267,,75,15,5
Major,mean,M:R@CAC,M:R,CAC,18.71334226434783,0.057476123571063256,115,23,5
Major,sd,M:R@CAC,M:R,CAC,0.9923169612646171,,115,23,5
Major,mean,M:R@CAG,M:R,CAG,18.832893246349204,0.027724710479373377,105,21,5
Major,sd,M:R@CAG,M:R,CAG,0.6864936867819796,,105,21,5
Major,mean,M:R@CAT,M:R,CAT,18.76960854153846,0.06511254115397705,65,12,5
Major,sd,M:R@CAT,M:R,CAT,0.8640882083638982,,65,12,5
Major,mean,M:R@CCA,M:R,CCA,18.840544779444443,0.01626083975561281,120,24,5
Major,sd,M:R@CCA,M:R,CCA,0.4434355811704421,,120,24,5
Major,mean,M:R@CCC,M:R,CCC,18.937307501666666,0.05511104809201461,40,8,5
Major,sd,M:R@CCC,M:R,CCC,0.44261512079939297,,40,8,5
Major,mean,M:R@CCG,M:R,CCG,18.76323953388889,0.026532738280009027,120,24,5
Major,sd,M:R@CCG,M:R,CCG,0.4946271066506848,,120,24,5
Major,mean,M:R@CCT,M:R,CCT,18.834435884166666,0.02692659674613647,80,16,5
Major,sd,M:R@CCT,M:R,CCT,0.43430768309862683,,80,16,5
Major,mean,M:R@CGA,M:R,CGA,18.773814537037033,0.02469751338202466,90,18,5
Major,sd,M:R@CGA,M:R,CGA,0.5416576583885023,,90,18,5
Major,mean,M:R@CGC,M:R,CGC,18.77116693230769,0.020716964564388728,65,13,5
Major,sd,M:R@CGC,M:R,CGC,0.5436660416947378,,65,13,5
Major,mean,M:R@CGG,M:R,CGG,18.651618601269842,0.024734765038107526,105,21,5
Major,sd,M:R@CGG,M:R,CGG,0.5250318439978745,,105,21,5
Major,mean,M:R@CGT,M:R,CGT,18.779913978412697,0.02495866364470818,105,21,5
Major,sd,M:R@CGT,M:R,CGT,0.57421895159644,,105,21,5
Major,mean,M:R@CTA,M:R,CTA,18.892209913333332,0.010491372689686525,90,18,5
Major,sd,M:R@CTA,M:R,CTA,0.42830223721602934,,90,18,5
Major,mean,M:R@CTC,M:R,CTC,18.90376093939394,0.014040210867130613,55,10,5
Major,sd,M:R@CTC,M:R,CTC,0.471662099577839,,55,10,5
Major,mean,M:R@CTG,M:R,CTG,18.8364319070028,0.03896058017774234,119,23,5
Major,sd,M:R@CTG,M:R,CTG,0.5391352283932316,,119,23,5
Major,mean,M:R@CTT,M:R,CTT,18.932400534666666,0.028348460516781436,100,20,5
Major,sd,M:R@CTT,M:R,CTT,0.4490355041698797,,100,20,5
Major,mean,M:R@GAA,M:R,GAA,18.86207179,0.020596556307362488,100,20,5
Major,sd,M:R@GAA,M:R,GAA,0.6604131966830643,,100,20,5
Major,mean,M:R@GAC,M:R,GAC,18.813281029565214,0.023169249469249576,115,22,5
Major,sd,M:R@GAC,M:R,GAC,0.7082086034495829,,115,22,5
Major,mean,M:R@GAG,M:R,GAG,18.908280445833334,0.014952519935144524,80,16,5
Major,sd,M:R@GAG,M:R,GAG,0.6236301256880419,,80,16,5
Major,mean,M:R@GAT,M:R,GAT,18.822233979444444,0.022308985972825407,120,24,5
Major,sd,M:R@GAT,M:R,GAT,0.6964508139018502,,120,24,5
Major,mean,M:R@GCA,M:R,GCA,18.75521199076923,0.026549453766306373,65,13,5
Major,sd,M:R@GCA,M:R,GCA,0.47717697397192554,,65,13,5
Major,mean,M:R@GCC,M:R,GCC,18.793020286666668,0.019029834777844805,120,23,5
Major,sd,M:R@GCC,M:R,GCC,0.4499388766409179,,120,23,5
Major,mean,M:R@GCG,M:R,GCG,18.710762063111112,0.03490995981195473,75,15,5
Major,sd,M:R@GCG,M:R,GCG,0.5130701566411263,,75,15,5
Major,mean,M:R@GCT,M:R,GCT,18.837352105833332,0.0317480707448707,80,16,5
Major,sd,M:R@GCT,M:R,GCT,0.45907948065835047,,80,16,5
Major,mean,M:R@GGA,M:R,GGA,18.89007753142857,0.019963965585723366,105,21,5
Major,sd,M:R@GGA,M:R,GGA,0.5254792758021255,,105,21,5
Major,mean,M:R@GGC,M:R,GGC,18.826236565238094,0.011997283438801139,140,28,5
Major,sd,M:R@GGC,M:R,GGC,0.5120033087464095,,140,28,5
Major,mean,M:R@GGG,M:R,GGG,18.82360208205128,0.016662014618839403,65,13,5
Major,sd,M:R@GGG,M:R,GGG,0.4953683937667372,,65,13,5
Major,mean,M:R@GGT,M:R,GGT,18.88264778095238,0.028116547068809044,70,14,5
Major,sd,M:R@GGT,M:R,GGT,0.5314120748641115,,70,14,5
Major,mean,M:R@GTA,M:R,GTA,18.836388091929827,0.026565387907913265,95,18,5
Major,sd,M:R@GTA,M:R,GTA,0.5799723822966993,,95,18,5
Major,mean,M:R@GTC,M:R,GTC,18.858464199215685,0.017610103520520226,85,16,5
Major,sd,M:R@GTC,M:R,GTC,0.6198134248620152,,85,16,5
Major,mean,M:R@GTG,M:R,GTG,18.75153650888889,0.03047411749484785,90,18,5
Major,sd,M:R@GTG,M:R,GTG,0.6447660766470941,,90,18,5
Major,mean,M:R@GTT,M:R,GTT,18.85837844982456,0.01428468995025895,95,19,5
Major,sd,M:R@GTT,M:R,GTT,0.5046427749755714,,95,19,5
Major,mean,M:R@TAA,M:R,TAA,18.98358840121212,0.02916538767201288,55,11,5
Major,sd,M:R@TAA,M:R,TAA,0.6350361114965676,,55,11,5
Major,mean,M:R@TAC,M:R,TAC,18.900162588095238,0.015755928268444314,84,17,5
Major,sd,M:R@TAC,M:R,TAC,0.7243896540778356,,84,17,5
Major,mean,M:R@TAG,M:R,TAG,18.963180454545455,0.017933019320983432,110,21,5
Major,sd,M:R@TAG,M:R,TAG,0.584380774358292,,110,21,5
Major,mean,M:R@TAT,M:R,TAT,18.90386644912281,0.011905797954717757,95,19,5
Major,sd,M:R@TAT,M:R,TAT,0.6116550767788056,,95,19,5
Major,mean,M:R@TCA,M:R,TCA,18.880528687017545,0.014287284627030754,95,18,5
Major,sd,M:R@TCA,M:R,TCA,0.4383739662359668,,95,18,5
Major,mean,M:R@TCC,M:R,TCC,18.91469200470588,0.030079114144689407,85,17,5
Major,sd,M:R@TCC,M:R,TCC,0.4425848343188208,,85,17,5
Major,mean,M:R@TCG,M:R,TCG,18.805138776296296,0.014343734498553492,90,17,5
Major,sd,M:R@TCG,M:R,TCG,0.4761394791429569,,90,17,5
Major,mean,M:R@TCT,M:R,TCT,18.924609713888888,0.02614708870752402,120,23,5
Major,sd,M:R@TCT,M:R,TCT,0.44093189627862195,,120,23,5
Major,mean,M:R@TGA,M:R,TGA,18.8973576572549,0.023780452819102314,85,17,5
Major,sd,M:R@TGA,M:R,TGA,0.4869242962753845,,85,17,5
Major,mean,M:R@TGC,M:R,TGC,18.871248641025637,0.017332377869439267,65,13,5
Major,sd,M:R@TGC,M:R,TGC,0.5220988525071695,,65,13,5
Major,mean,M:R@TGG,M:R,TGG,18.87415047130435,0.014006528185150724,115,23,5
Major,sd,M:R@TGG,M:R,TGG,0.5007446872416086,,115,23,5
Major,mean,M:R@TGT,M:R,TGT,18.904090778518515,0.017985034803340575,90,18,5
Major,sd,M:R@TGT,M:R,TGT,0.5316005953225666,,90,18,5
Major,mean,M:R@TTA,M:R,TTA,18.94248052476191,0.037665975740118596,70,14,5
Major,sd,M:R@TTA,M:R,TTA,0.4752790343806071,,70,14,5
Major,mean,M:R@TTC,M:R,TTC,18.95944641043478,0.018257565590240245,115,22,5
Major,sd,M:R@TTC,M:R,TTC,0.5008486995821251,,115,22,5
Major,mean,M:R@TTG,M:R,TTG,18.902529558222223,0.0179844837550542,75,15,5
Major,sd,M:R@TTG,M:R,TTG,0.5056445504468088,,75,15,5
Major,mean,M:R@TTT,M:R,TTT,18.96967721333333,0.021439644892745864,55,11,5
Major,sd,M:R@TTT,M:R,TTT,0.5279468817064499,,55,11,5
Major,mean,R:R@AAA,R:R,AAA,19.074709926495725,0.06238845345044273,39,8,5
Major,sd,R:R@AAA,R:R,AAA,0.9781463011958882,,39,8,5
Major,mean,R:R@AAC,R:R,AAC,18.896718784,0.11972872030991108,50,10,5
Major,sd,R:R@AAC,R:R,AAC,1.1554533701928305,,50,10,5
Major,mean,R:R@AAG,R:R,AAG,19.17002051388889,0.01648350931489461,24,5,5
Major,sd,R:R@AAG,R:R,AAG,0.871082970459271,,24,5,5
Major,mean,R:R@AAT,R:R,AAT,19.00924655272727,0.016016053347956714,55,11,5
Major,sd,R:R@AAT,R:R,AAT,0.9934010995892137,,55,11,5
Major,mean,R:R@ACA,R:R,ACA,18.939867647777774,0.01750499481023049,60,12,5
Major,sd,R:R@ACA,R:R,ACA,0.5148253125894695,,60,12,5
Major,mean,R:R@ACC,R:R,ACC,18.95234743030303,0.010951861433425759,55,11,5
Major,sd,R:R@ACC,R:R,ACC,0.5334523503576111,,55,11,5
Major,mean,R:R@ACG,R:R,ACG,19.021918727619045,0.034228314748101625,35,7,5
Major,sd,R:R@ACG,R:R,ACG,0.5779794360970474,,35,7,5
Major,mean,R:R@ACT,R:R,ACT,18.94018991166667,0.014629645247048191,40,7,5
Major,sd,R:R@ACT,R:R,ACT,0.5190007028429197,,40,7,5
Major,mean,R:R@AGA,R:R,AGA,19.02726588952381,0.01871895435116716,35,7,5
Major,sd,R:R@AGA,R:R,AGA,0.5231221241190799,,35,7,5
Major,mean,R:R@AGC,R:R,AGC,18.92726119583333,0.009931308760871694,80,15,5
Major,sd,R:R@AGC,R:R,AGC,0.5337022030297482,,80,15,5
Major,mean,R:R@AGG,R:R,AGG,19.06178028,0.006200204010830961,15,3,5
Major,sd,R:R@AGG,R:R,AGG,0.5182247694893766,,15,3,5
Major,mean,R:R@AGT,R:R,AGT,18.982908133333332,0.01123065476304841,60,12,5
Major,sd,R:R@AGT,R:R,AGT,0.5291275756100746,,60,12,5
Major,mean,R:R@ATA,R:R,ATA,19.039456826666665,0.02690909296529999,45,8,5
Major,sd,R:R@ATA,R:R,ATA,0.7197748974235709,,45,8,5
Major,mean,R:R@ATC,R:R,ATC,18.92092316205128,0.0774417472627833,65,13,5
Major,sd,R:R@ATC,R:R,ATC,1.1304976513037477,,65,13,5
Major,mean,R:R@ATG,R:R,ATG,18.876603432380954,0.05107770734510397,35,7,5
Major,sd,R:R@ATG,R:R,ATG,1.6150259573504693,,35,7,5
Major,mean,R:R@ATT,R:R,ATT,18.94742417333333,0.08431549350070107,35,7,5
Major,sd,R:R@ATT,R:R,ATT,1.0525198501916577,,35,7,5
Major,mean,R:R@CAA,R:R,CAA,19.127867461666664,0.009010449215109993,40,8,5
Major,sd,R:R@CAA,R:R,CAA,0.8471264820747217,,40,8,5
Major,mean,R:R@CAC,R:R,CAC,18.922062262585037,0.062279897839726726,49,10,5
Major,sd,R:R@CAC,R:R,CAC,1.3383399439345143,,49,10,5
Major,mean,R:R@CAG,R:R,CAG,18.992684518974357,0.03429393450606604,65,13,5
Major,sd,R:R@CAG,R:R,CAG,1.3718980350997336,,65,13,5
Major,mean,R:R@CAT,R:R,CAT,19.034965943333336,0.018145435972620118,20,3,5
Major,sd,R:R@CAT,R:R,CAT,1.252847571443632,,20,3,5
Major,mean,R:R@CCA,R:R,CCA,19.057365306666664,0.014667055525603453,65,13,5
Major,sd,R:R@CCA,R:R,CCA,0.5007447747170699,,65,13,5
Major,mean,R:R@CCC,R:R,CCC,19.005634062222224,0.001343535928972593,15,3,5
Major,sd,R:R@CCC,R:R,CCC,0.5147571701341803,,15,3,5
Major,mean,R:R@CCG,R:R,CCG,19.04907370533333,0.04048294256870144,50,10,5
Major,sd,R:R@CCG,R:R,CCG,0.5756473572246709,,50,10,5
Major,mean,R:R@CCT,R:R,CCT,19.062213355,0.014382124166507007,40,8,5
Major,sd,R:R@CCT,R:R,CCT,0.5098339778438217,,40,8,5
Major,mean,R:R@CGA,R:R,CGA,19.030252556666667,0.0201979198871314,40,8,5
Major,sd,R:R@CGA,R:R,CGA,0.5442974986487579,,40,8,5
Major,mean,R:R@CGC,R:R,CGC,18.95589379733333,0.02217242908593593,25,5,5
Major,sd,R:R@CGC,R:R,CGC,0.5464482691629587,,25,5,5
Major,mean,R:R@CGG,R:R,CGG,19.035153534666666,0.025482364718616573,50,10,5
Major,sd,R:R@CGG,R:R,CGG,0.5475869353276669,,50,10,5
Major,mean,R:R@CGT,R:R,CGT,19.032767526666667,0.011109633346334746,60,12,5
Major,sd,R:R@CGT,R:R,CGT,0.5813735621805983,,60,12,5
Major,mean,R:R@CTA,R:R,CTA,19.14224932242424,0.020699635169782734,55,11,5
Major,sd,R:R@CTA,R:R,CTA,0.7629055541476552,,55,11,5
Major,mean,R:R@CTC,R:R,CTC,19.080030599999997,0.0044234166985642216,20,4,5
Major,sd,R:R@CTC,R:R,CTC,0.83672346726516,,20,4,5
Major,mean,R:R@CTG,R:R,CTG,19.00282024957265,0.049316693257491176,39,8,5
Major,sd,R:R@CTG,R:R,CTG,1.5123698844824036,,39,8,5
Major,mean,R:R@CTT,R:R,CTT,19.084760737142858,0.04233026156713848,70,14,5
Major,sd,R:R@CTT,R:R,CTT,1.0674001799961828,,70,14,5
Major,mean,R:R@GAA,R:R,GAA,19.104540980952375,0.013159728760838107,70,14,5
Major,sd,R:R@GAA,R:R,GAA,0.8433152220691896,,70,14,5
Major,mean,R:R@GAC,R:R,GAC,18.92133082666667,0.02652852933232368,50,9,5
Major,sd,R:R@GAC,R:R,GAC,1.082499245352663,,50,9,5
Major,mean,R:R@GAG,R:R,GAG,19.100870375555555,0.006792927329655544,30,6,5
Major,sd,R:R@GAG,R:R,GAG,0.8455557410603451,,30,6,5
Major,mean,R:R@GAT,R:R,GAT,18.97440654962963,0.014480117472945931,45,9,5
Major,sd,R:R@GAT,R:R,GAT,0.8319067680135545,,45,9,5
Major,mean,R:R@GCA,R:R,GCA,18.922842386666666,0.00913322874188499,20,4,5
Major,sd,R:R@GCA,R:R,GCA,0.5185103545138616,,20,4,5
Major,mean,R:R@GCC,R:R,GCC,18.871920527777778,0.012310214620030912,60,12,5
Major,sd,R:R@GCC,R:R,GCC,0.516547718806142,,60,12,5
Major,mean,R:R@GCG,R:R,GCG,18.899554409333334,0.026678600938257444,50,10,5
Major,sd,R:R@GCG,R:R,GCG,0.5459651757446786,,50,10,5
Major,mean,R:R@GCT,R:R,GCT,18.901224244444442,0.017771586328620845,45,9,5
Major,sd,R:R@GCT,R:R,GCT,0.5238034260273899,,45,9,5
Major,mean,R:R@GGA,R:R,GGA,19.00440070666667,0.019440276019395054,55,11,5
Major,sd,R:R@GGA,R:R,GGA,0.5184687697804725,,55,11,5
Major,mean,R:R@GGC,R:R,GGC,18.870005079999995,0.011961434879713215,65,13,5
Major,sd,R:R@GGC,R:R,GGC,0.5157555362549632,,65,13,5
Major,mean,R:R@GGG,R:R,GGG,19.000539323809527,0.007191014142130295,35,7,5
Major,sd,R:R@GGG,R:R,GGG,0.4960796981678171,,35,7,5
Major,mean,R:R@GGT,R:R,GGT,18.92806822222222,0.015457619492937976,30,6,5
Major,sd,R:R@GGT,R:R,GGT,0.5136395174724006,,30,6,5
Major,mean,R:R@GTA,R:R,GTA,19.030588520000002,0.027245762568367846,35,7,5
Major,sd,R:R@GTA,R:R,GTA,0.9510457055253708,,35,7,5
Major,mean,R:R@GTC,R:R,GTC,18.989302597777776,0.022535928024666023,30,5,5
Major,sd,R:R@GTC,R:R,GTC,0.979152509979779,,30,5,5
Major,mean,R:R@GTG,R:R,GTG,18.904103132,0.06940131528152836,50,10,5
Major,sd,R:R@GTG,R:R,GTG,1.5134523963462791,,50,10,5
Major,mean,R:R@GTT,R:R,GTT,18.998833833333332,0.02347723468515992,50,10,5
Major,sd,R:R@GTT,R:R,GTT,0.9996570093207641,,50,10,5
Major,mean,R:R@TAA,R:R,TAA,19.077294823333332,0.07397930638779085,20,4,5
Major,sd,R:R@TAA,R:R,TAA,0.8141027732279795,,20,4,5
Major,mean,R:R@TAC,R:R,TAC,19.03325018814815,0.0311201831170208,45,9,5
Major,sd,R:R@TAC,R:R,TAC,0.9255642855631294,,45,9,5
Major,mean,R:R@TAG,R:R,TAG,19.131957087179487,0.029534156453356122,65,12,5
Major,sd,R:R@TAG,R:R,TAG,0.7156459858971042,,65,12,5
Major,mean,R:R@TAT,R:R,TAT,19.047055250909096,0.010963983807329027,55,11,5
Major,sd,R:R@TAT,R:R,TAT,0.676178292932866,,55,11,5
Major,mean,R:R@TCA,R:R,TCA,19.01028238222222,0.015021482580837726,30,6,5
Major,sd,R:R@TCA,R:R,TCA,0.5467776821541226,,30,6,5
Major,mean,R:R@TCC,R:R,TCC,18.981903805925924,0.011349898173314348,45,9,5
Major,sd,R:R@TCC,R:R,TCC,0.509205898210484,,45,9,5
Major,mean,R:R@TCG,R:R,TCG,18.974099832,0.023448780906769624,50,10,5
Major,sd,R:R@TCG,R:R,TCG,0.5401499825848036,,50,10,5
Major,mean,R:R@TCT,R:R,TCT,19.038610968888893,0.009842733841079303,60,11,5
Major,sd,R:R@TCT,R:R,TCT,0.52007224603176,,60,11,5
Major,mean,R:R@TGA,R:R,TGA,19.029409069999996,0.013933495038634763,40,8,5
Major,sd,R:R@TGA,R:R,TGA,0.5153001232151613,,40,8,5
Major,mean,R:R@TGC,R:R,TGC,18.91554956222222,0.017478010748027864,30,6,5
Major,sd,R:R@TGC,R:R,TGC,0.5162069934285881,,30,6,5
Major,mean,R:R@TGG,R:R,TGG,19.035411195495488,0.011585717725440259,74,15,5
Major,sd,R:R@TGG,R:R,TGG,0.5093460293487083,,74,15,5
Major,mean,R:R@TGT,R:R,TGT,18.96907552,0.020471393060148623,35,7,5
Major,sd,R:R@TGT,R:R,TGT,0.5148857732384562,,35,7,5
Major,mean,R:R@TTA,R:R,TTA,19.141208235555553,0.013156777587121495,45,9,5
Major,sd,R:R@TTA,R:R,TTA,0.6644259099443149,,45,9,5
Major,mean,R:R@TTC,R:R,TTC,19.092208828248587,0.014727264946601029,59,11,5
Major,sd,R:R@TTC,R:R,TTC,0.8535231602411871,,59,11,5
Major,mean,R:R@TTG,R:R,TTG,19.098557031111113,0.013186475014984917,45,9,5
Major,sd,R:R@TTG,R:R,TTG,1.0143687053422714,,45,9,5
Major,mean,R:R@TTT,R:R,TTT,19.173643578666667,0.010307224529556822,25,5,5
Major,sd,R:R@TTT,R:R,TTT,0.7373313858046242,,25,5,5
Minor,mean,D:R@AAA,D:R,AAA,12.672299355000002,0.13240194446008083,80,16,5
Minor,sd,D:R@AAA,D:R,AAA,0.6716237630375387,,80,16,5
Minor,mean,D:R@AAC,D:R,AAC,12.869417537945491,0.042592077204232436,159,32,5
Minor,sd,D:R@AAC,D:R,AAC,0.6011037433290002,,159,32,5
Minor,mean,D:R@AAG,D:R,AAG,12.807442256666667,0.05792211403330068,100,20,5
Minor,sd,D:R@AAG,D:R,AAG,0.5881738514908974,,100,20,5
Minor,mean,D:R@AAT,D:R,AAT,12.920358732753623,0.025592847953177573,115,23,5
Minor,sd,D:R@AAT,D:R,AAT,0.5454139542091558,,115,23,5
Minor,mean,D:R@ACA,D:R,ACA,12.959194539059306,0.019231607443491124,163,32,5
Minor,sd,D:R@ACA,D:R,ACA,0.3115477854147785,,163,32,5
Minor,mean,D:R@ACC,D:R,ACC,13.169032067142858,0.014415853113014198,140,27,5
Minor,sd,D:R@ACC,D:R,ACC,0.23762525479472235,,140,27,5
Minor,mean,D:R@ACG,D:R,ACG,12.97487696045977,0.025634169747604494,145,29,5
Minor,sd,D:R@ACG,D:R,ACG,0.3404859283337249,,145,29,5
Minor,mean,D:R@ACT,D:R,ACT,13.117844882020202,0.012625625242553699,165,31,5
Minor,sd,D:R@ACT,D:R,ACT,0.2446570680628778,,165,31,5
Minor,mean,D:R@AGA,D:R,AGA,13.02716647372549,0.021438862400859914,85,17,5
Minor,sd,D:R@AGA,D:R,AGA,0.3121667186889967,,85,17,5
Minor,mean,D:R@AGC,D:R,AGC,13.115109702222222,0.01730556413638142,150,29,5
Minor,sd,D:R@AGC,D:R,AGC,0.2808404650173013,,150,29,5
Minor,mean,D:R@AGG,D:R,AGG,13.066007353333333,0.012929655951536166,80,16,5
Minor,sd,D:R@AGG,D:R,AGG,0.3063979880085224,,80,16,5
Minor,mean,D:R@AGT,D:R,AGT,13.08443043878788,0.018376587594211794,165,33,5
Minor,sd,D:R@AGT,D:R,AGT,0.27598051346877817,,165,33,5
Minor,mean,D:R@ATA,D:R,ATA,12.859371396969694,0.01910462961061514,110,21,5
Minor,sd,D:R@ATA,D:R,ATA,0.5240141876202611,,110,21,5
Minor,mean,D:R@ATC,D:R,ATC,12.98995469653916,0.015499987416038365,183,37,5
Minor,sd,D:R@ATC,D:R,ATC,0.4589692853216574,,183,37,5
Minor,mean,D:R@ATG,D:R,ATG,12.916271281410257,0.01718720905077091,104,21,5
Minor,sd,D:R@ATG,D:R,ATG,0.5251235263452438,,104,21,5
Minor,mean,D:R@ATT,D:R,ATT,13.018260905454545,0.014795244690844983,110,22,5
Minor,sd,D:R@ATT,D:R,ATT,0.36621355070417305,,110,22,5
Minor,mean,D:R@CAA,D:R,CAA,12.793973026133333,0.04159671070414308,125,25,5
Minor,sd,D:R@CAA,D:R,CAA,0.4958969056337192,,125,25,5
Minor,mean,D:R@CAC,D:R,CAC,12.867025887248321,0.023674545465204828,149,30,5
Minor,sd,D:R@CAC,D:R,CAC,0.5565862770498317,,149,30,5
Minor,mean,D:R@CAG,D:R,CAG,12.765682,0.023763716397983314,155,31,5
Minor,sd,D:R@CAG,D:R,CAG,0.48742298168769516,,155,31,5
Minor,mean,D:R@CAT,D:R,CAT,12.881748455238096,0.033975841205095635,105,20,5
Minor,sd,D:R@CAT,D:R,CAT,0.5114393349824061,,105,20,5
Minor,mean,D:R@CCA,D:R,CCA,13.062642618143457,0.015218969581817518,158,32,5
Minor,sd,D:R@CCA,D:R,CCA,0.2850329830058416,,158,32,5
Minor,mean,D:R@CCC,D:R,CCC,13.229488434444443,0.0182623958560233,60,12,5
Minor,sd,D:R@CCC,D:R,CCC,0.2116334762482084,,60,12,5
Minor,mean,D:R@CCG,D:R,CCG,13.100423647676767,0.012628271184691033,165,33,5
Minor,sd,D:R@CCG,D:R,CCG,0.28341987705836413,,165,33,5
Minor,mean,D:R@CCT,D:R,CCT,13.183975563733332,0.012639972330423506,125,25,5
Minor,sd,D:R@CCT,D:R,CCT,0.2255134228699984,,125,25,5
Minor,mean,D:R@CGA,D:R,CGA,13.002072889444445,0.02050585518557837,120,24,5
Minor,sd,D:R@CGA,D:R,CGA,0.32205513066567043,,120,24,5
Minor,mean,D:R@CGC,D:R,CGC,13.072003647777779,0.02603790350882316,120,24,5
Minor,sd,D:R@CGC,D:R,CGC,0.31313583979404186,,120,24,5
Minor,mean,D:R@CGG,D:R,CGG,13.036270300392157,0.018712939665633536,170,34,5
Minor,sd,D:R@CGG,D:R,CGG,0.31987769956012163,,170,34,5
Minor,mean,D:R@CGT,D:R,CGT,13.06609405942857,0.016852061899239323,175,33,5
Minor,sd,D:R@CGT,D:R,CGT,0.28655009639746043,,175,33,5
Minor,mean,D:R@CTA,D:R,CTA,12.972668442469136,0.022630800974758527,135,27,5
Minor,sd,D:R@CTA,D:R,CTA,0.45689263376696293,,135,27,5
Minor,mean,D:R@CTC,D:R,CTC,13.06350996965174,0.013336182523231403,134,27,5
Minor,sd,D:R@CTC,D:R,CTC,0.3768162139287918,,134,27,5
Minor,mean,D:R@CTG,D:R,CTG,13.005040466187053,0.018270765134409433,139,28,5
Minor,sd,D:R@CTG,D:R,CTG,0.502014946486428,,139,28,5
Minor,mean,D:R@CTT,D:R,CTT,13.069233591219515,0.008969830072713295,205,40,5
Minor,sd,D:R@CTT,D:R,CTT,0.3548059106399596,,205,40,5
Minor,mean,D:R@GAA,D:R,GAA,12.86775949259259,0.03785897217713372,144,29,5
Minor,sd,D:R@GAA,D:R,GAA,0.6240348010220969,,144,29,5
Minor,mean,D:R@GAC,D:R,GAC,12.852667887962962,0.06045828698214447,144,28,5
Minor,sd,D:R@GAC,D:R,GAC,0.6949683051105559,,144,28,5
Minor,mean,D:R@GAG,D:R,GAG,12.830068949333333,0.03968555934122305,75,15,5
Minor,sd,D:R@GAG,D:R,GAG,0.554430501637058,,75,15,5
Minor,mean,D:R@GAT,D:R,GAT,12.943255982051282,0.021794747886809504,130,26,5
Minor,sd,D:R@GAT,D:R,GAT,0.4962684972849215,,130,26,5
Minor,mean,D:R@GCA,D:R,GCA,13.04082785933333,0.024576666430181,100,20,5
Minor,sd,D:R@GCA,D:R,GCA,0.28362339440166023,,100,20,5
Minor,mean,D:R@GCC,D:R,GCC,13.178882085416666,0.013000022707872181,160,32,5
Minor,sd,D:R@GCC,D:R,GCC,0.23558344638817616,,160,32,5
Minor,mean,D:R@GCG,D:R,GCG,13.0658932416,0.01663194219626053,125,24,5
Minor,sd,D:R@GCG,D:R,GCG,0.2847115794231629,,125,24,5
Minor,mean,D:R@GCT,D:R,GCT,13.129307473580246,0.014217285122461721,135,27,5
Minor,sd,D:R@GCT,D:R,GCT,0.24009236728490116,,135,27,5
Minor,mean,D:R@GGA,D:R,GGA,13.140650147070708,0.013399370763021301,165,33,5
Minor,sd,D:R@GGA,D:R,GGA,0.28981463122732853,,165,33,5
Minor,mean,D:R@GGC,D:R,GGC,13.195806744999999,0.015113960235183936,160,30,5
Minor,sd,D:R@GGC,D:R,GGC,0.26934661555129197,,160,30,5
Minor,mean,D:R@GGG,D:R,GGG,13.175459955897438,0.03570189124639442,65,13,5
Minor,sd,D:R@GGG,D:R,GGG,0.2768180784991997,,65,13,5
Minor,mean,D:R@GGT,D:R,GGT,13.177989941935484,0.01800376523326297,124,25,5
Minor,sd,D:R@GGT,D:R,GGT,0.26391353830870645,,124,25,5
Minor,mean,D:R@GTA,D:R,GTA,12.888560073224044,0.01594516040841628,183,37,5
Minor,sd,D:R@GTA,D:R,GTA,0.4905252792737028,,183,37,5
Minor,mean,D:R@GTC,D:R,GTC,13.037886310275686,0.0175846542674838,133,26,5
Minor,sd,D:R@GTC,D:R,GTC,0.3811027768372481,,133,26,5
Minor,mean,D:R@GTG,D:R,GTG,12.934441163440862,0.021482233831964907,124,24,5
Minor,sd,D:R@GTG,D:R,GTG,0.5531565566564735,,124,24,5
Minor,mean,D:R@GTT,D:R,GTT,13.068000710933333,0.019631295376902298,125,25,5
Minor,sd,D:R@GTT,D:R,GTT,0.38315327990731907,,125,25,5
Minor,mean,D:R@TAA,D:R,TAA,12.756737862857143,0.018734131722043853,105,21,5
Minor,sd,D:R@TAA,D:R,TAA,0.45641254437272444,,105,21,5
Minor,mean,D:R@TAC,D:R,TAC,12.823411755284551,0.03159245831509396,164,33,5
Minor,sd,D:R@TAC,D:R,TAC,0.5028683654927445,,164,33,5
Minor,mean,D:R@TAG,D:R,TAG,12.774929384367816,0.0366943870450298,145,28,5
Minor,sd,D:R@TAG,D:R,TAG,0.45852338155229894,,145,28,5
Minor,mean,D:R@TAT,D:R,TAT,12.862103099784948,0.024211377992623337,155,30,5
Minor,sd,D:R@TAT,D:R,TAT,0.49150834855971864,,155,30,5
Minor,mean,D:R@TCA,D:R,TCA,13.013592301818182,0.013417012530349137,110,22,5
Minor,sd,D:R@TCA,D:R,TCA,0.31137156596136367,,110,22,5
Minor,mean,D:R@TCC,D:R,TCC,13.177305511827958,0.011843742258809513,155,31,5
Minor,sd,D:R@TCC,D:R,TCC,0.23968098128317214,,155,31,5
Minor,mean,D:R@TCG,D:R,TCG,13.044214901666667,0.010031684209940737,160,32,5
Minor,sd,D:R@TCG,D:R,TCG,0.2842252118126935,,160,32,5
Minor,mean,D:R@TCT,D:R,TCT,13.138580106315787,0.012022294055864594,190,35,5
Minor,sd,D:R@TCT,D:R,TCT,0.23627324276452974,,190,35,5
Minor,mean,D:R@TGA,D:R,TGA,13.021665266,0.02450263801948054,100,20,5
Minor,sd,D:R@TGA,D:R,TGA,0.3093813802032762,,100,20,5
Minor,mean,D:R@TGC,D:R,TGC,13.06747385507246,0.022698642651758555,115,22,5
Minor,sd,D:R@TGC,D:R,TGC,0.3020512357022608,,115,22,5
Minor,mean,D:R@TGG,D:R,TGG,13.010001356491232,0.020398755848212487,190,36,5
Minor,sd,D:R@TGG,D:R,TGG,0.30884960553793056,,190,36,5
Minor,mean,D:R@TGT,D:R,TGT,13.030137175466667,0.016016777835133625,125,25,5
Minor,sd,D:R@TGT,D:R,TGT,0.30007793053787934,,125,25,5
Minor,mean,D:R@TTA,D:R,TTA,12.969491333333334,0.01897136498776786,134,27,5
Minor,sd,D:R@TTA,D:R,TTA,0.41353722477225746,,134,27,5
Minor,mean,D:R@TTC,D:R,TTC,13.024884464444446,0.012425044450786887,150,29,5
Minor,sd,D:R@TTC,D:R,TTC,0.39281714377086935,,150,29,5
Minor,mean,D:R@TTG,D:R,TTG,12.975541440444445,0.018950022089000387,150,30,5
Minor,sd,D:R@TTG,D:R,TTG,0.4562842195266245,,150,30,5
Minor,mean,D:R@TTT,D:R,TTT,13.066560670588238,0.018337797747734752,85,17,5
Minor,sd,D:R@TTT,D:R,TTT,0.3760991732146549,,85,17,5
Minor,mean,E:R@AAA,E:R,AAA,13.272094634285713,0.016597167345871883,70,13,5
Minor,sd,E:R@AAA,E:R,AAA,0.5198118129124232,,70,13,5
Minor,mean,E:R@AAC,E:R,AAC,13.337188138823532,0.0055181451325618846,85,17,5
Minor,sd,E:R@AAC,E:R,AAC,0.4486279565603254,,85,17,5
Minor,mean,E:R@AAG,E:R,AAG,13.187171483921565,0.04104461987004315,85,17,5
Minor,sd,E:R@AAG,E:R,AAG,0.8562590425405736,,85,17,5
Minor,mean,E:R@AAT,E:R,AAT,13.255678217037037,0.011269990077103739,90,18,5
Minor,sd,E:R@AAT,E:R,AAT,0.7039732541440382,,90,18,5
Minor,mean,E:R@ACA,E:R,ACA,13.448084844637682,0.0035676809207689257,115,23,5
Minor,sd,E:R@ACA,E:R,ACA,0.15514318667146496,,115,23,5
Minor,mean,E:R@ACC,E:R,ACC,13.437207116491225,0.0030502569315133572,95,19,5
Minor,sd,E:R@ACC,E:R,ACC,0.15052786470929977,,95,19,5
Minor,mean,E:R@ACG,E:R,ACG,13.456915632380953,0.0034501638188715418,70,14,5
Minor,sd,E:R@ACG,E:R,ACG,0.1538053826367211,,70,14,5
Minor,mean,E:R@ACT,E:R,ACT,13.406947974492754,0.003469062044627139,115,22,5
Minor,sd,E:R@ACT,E:R,ACT,0.15602059265742735,,115,22,5
Minor,mean,E:R@AGA,E:R,AGA,13.407597988333332,0.004190876506880623,80,16,5
Minor,sd,E:R@AGA,E:R,AGA,0.18741337508049283,,80,16,5
Minor,mean,E:R@AGC,E:R,AGC,13.45345900091954,0.002041877539179343,145,28,5
Minor,sd,E:R@AGC,E:R,AGC,0.1602955885559213,,145,28,5
Minor,mean,E:R@AGG,E:R,AGG,13.425677944615384,0.0028697661853508984,65,13,5
Minor,sd,E:R@AGG,E:R,AGG,0.16630025218508984,,65,13,5
Minor,mean,E:R@AGT,E:R,AGT,13.407062558840575,0.002721175049105362,115,23,5
Minor,sd,E:R@AGT,E:R,AGT,0.1738513602021643,,115,23,5
Minor,mean,E:R@ATA,E:R,ATA,13.247580259932661,0.02718107925894368,99,19,5
Minor,sd,E:R@ATA,E:R,ATA,0.6545202216922453,,99,19,5
Minor,mean,E:R@ATC,E:R,ATC,13.320395005490191,0.008607216926596835,85,17,5
Minor,sd,E:R@ATC,E:R,ATC,0.34412404647599554,,85,17,5
Minor,mean,E:R@ATG,E:R,ATG,13.29099685462963,0.01241006474561117,72,15,5
Minor,sd,E:R@ATG,E:R,ATG,0.6271710974519494,,72,15,5
Minor,mean,E:R@ATT,E:R,ATT,13.2511721575,0.051056979647876664,80,16,5
Minor,sd,E:R@ATT,E:R,ATT,0.3983286958176727,,80,16,5
Minor,mean,E:R@CAA,E:R,CAA,13.26808109882353,0.026320922987204558,85,17,5
Minor,sd,E:R@CAA,E:R,CAA,0.5984344899713551,,85,17,5
Minor,mean,E:R@CAC,E:R,CAC,13.248732350175441,0.0162386519398383,95,18,5
Minor,sd,E:R@CAC,E:R,CAC,0.7399535482468558,,95,18,5
Minor,mean,E:R@CAG,E:R,CAG,13.205038359677419,0.03664537055242325,124,25,5
Minor,sd,E:R@CAG,E:R,CAG,0.8307156507540412,,124,25,5
Minor,mean,E:R@CAT,E:R,CAT,13.165678346666667,0.06332635042952375,65,12,5
Minor,sd,E:R@CAT,E:R,CAT,0.8467640897286219,,65,12,5
Minor,mean,E:R@CCA,E:R,CCA,13.47165459573333,0.002002522676081407,125,25,5
Minor,sd,E:R@CCA,E:R,CCA,0.14867646040738702,,125,25,5
Minor,mean,E:R@CCC,E:R,CCC,13.470399226666668,0.0027249177825666594,35,7,5
Minor,sd,E:R@CCC,E:R,CCC,0.14537688555027348,,35,7,5
Minor,mean,E:R@CCG,E:R,CCG,13.479940623333334,0.0030251254745773345,100,20,5
Minor,sd,E:R@CCG,E:R,CCG,0.1487170180748451,,100,20,5
Minor,mean,E:R@CCT,E:R,CCT,13.444979129777778,0.002659369806588768,75,15,5
Minor,sd,E:R@CCT,E:R,CCT,0.1475154427978274,,75,15,5
Minor,mean,E:R@CGA,E:R,CGA,13.36991105904762,0.0068829178978390354,105,21,5
Minor,sd,E:R@CGA,E:R,CGA,0.23184374208671835,,105,21,5
Minor,mean,E:R@CGC,E:R,CGC,13.419567949333333,0.0044841622890569085,75,14,5
Minor,sd,E:R@CGC,E:R,CGC,0.2435703700862375,,75,14,5
Minor,mean,E:R@CGG,E:R,CGG,13.389931385714286,0.004186924071632134,70,14,5
Minor,sd,E:R@CGG,E:R,CGG,0.2064192950817968,,70,14,5
Minor,mean,E:R@CGT,E:R,CGT,13.383457322105258,0.002215842114675372,95,19,5
Minor,sd,E:R@CGT,E:R,CGT,0.18382943569995858,,95,19,5
Minor,mean,E:R@CTA,E:R,CTA,13.303963119999997,0.039281188622591105,95,19,5
Minor,sd,E:R@CTA,E:R,CTA,0.5318161496980922,,95,19,5
Minor,mean,E:R@CTC,E:R,CTC,13.338134228888888,0.013669256002729696,60,12,5
Minor,sd,E:R@CTC,E:R,CTC,0.38113229140002963,,60,12,5
Minor,mean,E:R@CTG,E:R,CTG,13.344321167948719,0.020672017905796473,104,21,5
Minor,sd,E:R@CTG,E:R,CTG,0.5511049047918644,,104,21,5
Minor,mean,E:R@CTT,E:R,CTT,13.318977583333332,0.03724764483084157,120,23,5
Minor,sd,E:R@CTT,E:R,CTT,0.3739220224820571,,120,23,5
Minor,mean,E:R@GAA,E:R,GAA,13.334078773831777,0.0037024863356421244,107,22,5
Minor,sd,E:R@GAA,E:R,GAA,0.3941383890221856,,107,22,5
Minor,mean,E:R@GAC,E:R,GAC,13.3252679827957,0.028275408871573454,124,24,5
Minor,sd,E:R@GAC,E:R,GAC,0.4437510940604815,,124,24,5
Minor,mean,E:R@GAG,E:R,GAG,13.338807035833335,0.006266587608096977,80,16,5
Minor,sd,E:R@GAG,E:R,GAG,0.4181081198692195,,80,16,5
Minor,mean,E:R@GAT,E:R,GAT,13.335187125301204,0.007306100871984207,83,17,5
Minor,sd,E:R@GAT,E:R,GAT,0.36507479444545754,,83,17,5
Minor,mean,E:R@GCA,E:R,GCA,13.471923564444445,0.005142404898794262,75,15,5
Minor,sd,E:R@GCA,E:R,GCA,0.17712840969469615,,75,15,5
Minor,mean,E:R@GCC,E:R,GCC,13.474265101111111,0.0020388161454598587,120,24,5
Minor,sd,E:R@GCC,E:R,GCC,0.14816112495013886,,120,24,5
Minor,mean,E:R@GCG,E:R,GCG,13.484777844444443,0.0049525012466235425,105,20,5
Minor,sd,E:R@GCG,E:R,GCG,0.1552923243159751,,105,20,5
Minor,mean,E:R@GCT,E:R,GCT,13.445812652631577,0.0038508737355557377,95,19,5
Minor,sd,E:R@GCT,E:R,GCT,0.1563531664437663,,95,19,5
Minor,mean,E:R@GGA,E:R,GGA,13.429283240784317,0.002592872532685453,85,17,5
Minor,sd,E:R@GGA,E:R,GGA,0.1697909742470253,,85,17,5
Minor,mean,E:R@GGC,E:R,GGC,13.470001154666667,0.0016381995510697804,125,25,5
Minor,sd,E:R@GGC,E:R,GGC,0.1574292651447976,,125,25,5
Minor,mean,E:R@GGG,E:R,GGG,13.435496517777779,0.002856477349197157,60,12,5
Minor,sd,E:R@GGG,E:R,GGG,0.16298321827515155,,60,12,5
Minor,mean,E:R@GGT,E:R,GGT,13.433446455757574,0.0017294472478933925,55,11,5
Minor,sd,E:R@GGT,E:R,GGT,0.16592056230418367,,55,11,5
Minor,mean,E:R@GTA,E:R,GTA,13.362636651428573,0.009486756701597222,70,14,5
Minor,sd,E:R@GTA,E:R,GTA,0.45882903279750614,,70,14,5
Minor,mean,E:R@GTC,E:R,GTC,13.205331524761904,0.1230463639294174,70,12,5
Minor,sd,E:R@GTC,E:R,GTC,0.46525160342892286,,70,12,5
Minor,mean,E:R@GTG,E:R,GTG,13.252132983966245,0.11887883005030146,79,16,5
Minor,sd,E:R@GTG,E:R,GTG,0.5528201669094337,,79,16,5
Minor,mean,E:R@GTT,E:R,GTT,13.346716355087715,0.006397542964434762,95,19,5
Minor,sd,E:R@GTT,E:R,GTT,0.3335327249430844,,95,19,5
Minor,mean,E:R@TAA,E:R,TAA,13.302440513333332,0.01988507421902942,60,12,5
Minor,sd,E:R@TAA,E:R,TAA,0.4996936722376625,,60,12,5
Minor,mean,E:R@TAC,E:R,TAC,13.31311284742268,0.009216688744075859,97,19,5
Minor,sd,E:R@TAC,E:R,TAC,0.5171336946163521,,97,19,5
Minor,mean,E:R@TAG,E:R,TAG,13.300583984197532,0.014779572233591524,135,24,5
Minor,sd,E:R@TAG,E:R,TAG,0.5453177417360134,,135,24,5
Minor,mean,E:R@TAT,E:R,TAT,13.257125881403509,0.014565669385605284,95,19,5
Minor,sd,E:R@TAT,E:R,TAT,0.614102649366184,,95,19,5
Minor,mean,E:R@TCA,E:R,TCA,13.452015621333333,0.0031337316109819138,50,10,5
Minor,sd,E:R@TCA,E:R,TCA,0.15289734489299078,,50,10,5
Minor,mean,E:R@TCC,E:R,TCC,13.447352464313727,0.0019080328475099488,85,17,5
Minor,sd,E:R@TCC,E:R,TCC,0.14959500372919873,,85,17,5
Minor,mean,E:R@TCG,E:R,TCG,13.456239303809523,0.002987789246336215,70,14,5
Minor,sd,E:R@TCG,E:R,TCG,0.15269503356570874,,70,14,5
Minor,mean,E:R@TCT,E:R,TCT,13.4231015248,0.003453575367322171,125,24,5
Minor,sd,E:R@TCT,E:R,TCT,0.1517058455827047,,125,24,5
Minor,mean,E:R@TGA,E:R,TGA,13.405012323636365,0.002355219385189592,110,21,5
Minor,sd,E:R@TGA,E:R,TGA,0.1894694656497473,,110,21,5
Minor,mean,E:R@TGC,E:R,TGC,13.44060438,0.005609313722480913,80,16,5
Minor,sd,E:R@TGC,E:R,TGC,0.18988676172745475,,80,16,5
Minor,mean,E:R@TGG,E:R,TGG,13.388240362807016,0.006957602618634594,95,19,5
Minor,sd,E:R@TGG,E:R,TGG,0.22431411652645428,,95,19,5
Minor,mean,E:R@TGT,E:R,TGT,13.38799020285714,0.007227463115613676,70,14,5
Minor,sd,E:R@TGT,E:R,TGT,0.19785028957389988,,70,14,5
Minor,mean,E:R@TTA,E:R,TTA,13.318919815151512,0.013654242884465337,110,21,5
Minor,sd,E:R@TTA,E:R,TTA,0.525358505120526,,110,21,5
Minor,mean,E:R@TTC,E:R,TTC,13.335484134603174,0.007451281477464704,105,20,5
Minor,sd,E:R@TTC,E:R,TTC,0.3472554055795351,,105,20,5
Minor,mean,E:R@TTG,E:R,TTG,13.312794731086143,0.02326853284995987,89,18,5
Minor,sd,E:R@TTG,E:R,TTG,0.5750331921954986,,89,18,5
Minor,mean,E:R@TTT,E:R,TTT,13.33760479851852,0.009186096644292133,45,8,5
Minor,sd,E:R@TTT,E:R,TTT,0.32049928325299115,,45,8,5
Minor,mean,M:R@AAA,M:R,AAA,13.308956292222224,0.019647790672391093,60,12,5
Minor,sd,M:R@AAA,M:R,AAA,0.537337089121996,,60,12,5
Minor,mean,M:R@AAC,M:R,AAC,13.302052011764708,0.015005132388983034,85,17,5
Minor,sd,M:R@AAC,M:R,AAC,0.5153725582080103,,85,17,5
Minor,mean,M:R@AAG,M:R,AAG,13.223072006153846,0.05834342242748856,65,13,5
Minor,sd,M:R@AAG,M:R,AAG,0.6244278689281519,,65,13,5
Minor,mean,M:R@AAT,M:R,AAT,13.285778127843137,0.014034748535068645,85,17,5
Minor,sd,M:R@AAT,M:R,AAT,0.4927293551609823,,85,17,5
Minor,mean,M:R@ACA,M:R,ACA,13.378813361904761,0.009819415637908764,105,21,5
Minor,sd,M:R@ACA,M:R,ACA,0.1849975997712482,,105,21,5
Minor,mean,M:R@ACC,M:R,ACC,13.382444302028984,0.009984409089215603,115,23,5
Minor,sd,M:R@ACC,M:R,ACC,0.1807602945281665,,115,23,5
Minor,mean,M:R@ACG,M:R,ACG,13.37399436,0.013803891729145819,75,15,5
Minor,sd,M:R@ACG,M:R,ACG,0.21019946268741285,,75,15,5
Minor,mean,M:R@ACT,M:R,ACT,13.392891625333332,0.0038203855059535676,100,19,5
Minor,sd,M:R@ACT,M:R,ACT,0.17863509337507175,,100,19,5
Minor,mean,M:R@AGA,M:R,AGA,13.400835047333334,0.004658954375931016,100,20,5
Minor,sd,M:R@AGA,M:R,AGA,0.1759262720321835,,100,20,5
Minor,mean,M:R@AGC,M:R,AGC,13.421514692666667,0.002128410227979204,100,19,5
Minor,sd,M:R@AGC,M:R,AGC,0.1726850398704667,,100,19,5
Minor,mean,M:R@AGG,M:R,AGG,13.40917836666667,0.00562119396020799,60,12,5
Minor,sd,M:R@AGG,M:R,AGG,0.16726507336063662,,60,12,5
Minor,mean,M:R@AGT,M:R,AGT,13.408470416969696,0.007415648051582354,110,22,5
Minor,sd,M:R@AGT,M:R,AGT,0.17437258209758774,,110,22,5
Minor,mean,M:R@ATA,M:R,ATA,13.387221121025643,0.013104318565774584,65,12,5
Minor,sd,M:R@ATA,M:R,ATA,0.27547741265984144,,65,12,5
Minor,mean,M:R@ATC,M:R,ATC,13.299520424000002,0.013192356897228915,125,25,5
Minor,sd,M:R@ATC,M:R,ATC,0.36135737210647667,,125,25,5
Minor,mean,M:R@ATG,M:R,ATG,13.367935291851854,0.013422162179690484,90,18,5
Minor,sd,M:R@ATG,M:R,ATG,0.3295489169533497,,90,18,5
Minor,mean,M:R@ATT,M:R,ATT,13.371881474871795,0.013779713766013548,65,13,5
Minor,sd,M:R@ATT,M:R,ATT,0.28559575012042,,65,13,5
Minor,mean,M:R@CAA,M:R,CAA,13.337477527999999,0.012778168008165272,75,15,5
Minor,sd,M:R@CAA,M:R,CAA,0.3563134701436842,,75,15,5
Minor,mean,M:R@CAC,M:R,CAC,13.209776196521739,0.04814235956337285,115,23,5
Minor,sd,M:R@CAC,M:R,CAC,0.6135921277958984,,115,23,5
Minor,mean,M:R@CAG,M:R,CAG,13.322887068571427,0.019682444417326757,105,21,5
Minor,sd,M:R@CAG,M:R,CAG,0.4132763247021205,,105,21,5
Minor,mean,M:R@CAT,M:R,CAT,13.185529233846154,0.0654455536279426,65,12,5
Minor,sd,M:R@CAT,M:R,CAT,0.5368298169560405,,65,12,5
Minor,mean,M:R@CCA,M:R,CCA,13.424821174444444,0.005271179904469859,120,24,5
Minor,sd,M:R@CCA,M:R,CCA,0.17288433792232544,,120,24,5
Minor,mean,M:R@CCC,M:R,CCC,13.419746881666669,0.005624046384561992,40,8,5
Minor,sd,M:R@CCC,M:R,CCC,0.1639257341601379,,40,8,5
Minor,mean,M:R@CCG,M:R,CCG,13.427284967222223,0.005882786011417123,120,24,5
Minor,sd,M:R@CCG,M:R,CCG,0.18039602448825695,,120,24,5
Minor,mean,M:R@CCT,M:R,CCT,13.429724751666665,0.0071145908193713785,80,16,5
Minor,sd,M:R@CCT,M:R,CCT,0.1645279477890358,,80,16,5
Minor,mean,M:R@CGA,M:R,CGA,13.42266113259259,0.006633578401431606,90,18,5
Minor,sd,M:R@CGA,M:R,CGA,0.1872440704291383,,90,18,5
Minor,mean,M:R@CGC,M:R,CGC,13.42107257025641,0.007595141960360223,65,13,5
Minor,sd,M:R@CGC,M:R,CGC,0.1807832391182834,,65,13,5
Minor,mean,M:R@CGG,M:R,CGG,13.44456669904762,0.003891235658968289,105,21,5
Minor,sd,M:R@CGG,M:R,CGG,0.1694260104114244,,105,21,5
Minor,mean,M:R@CGT,M:R,CGT,13.434846573333335,0.0033297261416201677,105,21,5
Minor,sd,M:R@CGT,M:R,CGT,0.17535583159140566,,105,21,5
Minor,mean,M:R@CTA,M:R,CTA,13.385905991851851,0.011943768110664475,90,18,5
Minor,sd,M:R@CTA,M:R,CTA,0.26048463797113924,,90,18,5
Minor,mean,M:R@CTC,M:R,CTC,13.326772784242428,0.007679418921078098,55,10,5
Minor,sd,M:R@CTC,M:R,CTC,0.27835113306915504,,55,10,5
Minor,mean,M:R@CTG,M:R,CTG,13.379663183753502,0.020155954558484065,119,23,5
Minor,sd,M:R@CTG,M:R,CTG,0.31660856305937823,,119,23,5
Minor,mean,M:R@CTT,M:R,CTT,13.393862044666667,0.009790060662887479,100,20,5
Minor,sd,M:R@CTT,M:R,CTT,0.2558761306085851,,100,20,5
Minor,mean,M:R@GAA,M:R,GAA,13.345092665333334,0.007496537889156524,100,20,5
Minor,sd,M:R@GAA,M:R,GAA,0.37044149099949697,,100,20,5
Minor,mean,M:R@GAC,M:R,GAC,13.326824569855074,0.010167793126542823,115,22,5
Minor,sd,M:R@GAC,M:R,GAC,0.39586899178788776,,115,22,5
Minor,mean,M:R@GAG,M:R,GAG,13.307999932500001,0.009397840682836672,80,16,5
Minor,sd,M:R@GAG,M:R,GAG,0.3551942101812444,,80,16,5
Minor,mean,M:R@GAT,M:R,GAT,13.282360660555556,0.01611220040892875,120,24,5
Minor,sd,M:R@GAT,M:R,GAT,0.3993428987410224,,120,24,5
Minor,mean,M:R@GCA,M:R,GCA,13.423558444102563,0.009865476730507843,65,13,5
Minor,sd,M:R@GCA,M:R,GCA,0.18844734477441222,,65,13,5
Minor,mean,M:R@GCC,M:R,GCC,13.45061856,0.005115465496124637,120,23,5
Minor,sd,M:R@GCC,M:R,GCC,0.16741460452506046,,120,23,5
Minor,mean,M:R@GCG,M:R,GCG,13.446159651555554,0.006712251822335043,75,15,5
Minor,sd,M:R@GCG,M:R,GCG,0.1878390780926914,,75,15,5
Minor,mean,M:R@GCT,M:R,GCT,13.438364771666667,0.007821068988766751,80,16,5
Minor,sd,M:R@GCT,M:R,GCT,0.17015330795612074,,80,16,5
Minor,mean,M:R@GGA,M:R,GGA,13.427109433015874,0.005189285333998012,105,21,5
Minor,sd,M:R@GGA,M:R,GGA,0.16878051786084766,,105,21,5
Minor,mean,M:R@GGC,M:R,GGC,13.448468530000001,0.0020511991981737618,140,28,5
Minor,sd,M:R@GGC,M:R,GGC,0.16373360723038727,,140,28,5
Minor,mean,M:R@GGG,M:R,GGG,13.440551644102564,0.0034817522357219887,65,13,5
Minor,sd,M:R@GGG,M:R,GGG,0.1618716391160649,,65,13,5
Minor,mean,M:R@GGT,M:R,GGT,13.435438167619049,0.006616804287051363,70,14,5
Minor,sd,M:R@GGT,M:R,GGT,0.1641887415381999,,70,14,5
Minor,mean,M:R@GTA,M:R,GTA,13.36075838035088,0.020727970756924678,95,18,5
Minor,sd,M:R@GTA,M:R,GTA,0.34609792121167654,,95,18,5
Minor,mean,M:R@GTC,M:R,GTC,13.333924276862744,0.012016107484250735,85,16,5
Minor,sd,M:R@GTC,M:R,GTC,0.3637030902314358,,85,16,5
Minor,mean,M:R@GTG,M:R,GTG,13.377741953333334,0.01980445988034588,90,18,5
Minor,sd,M:R@GTG,M:R,GTG,0.396613061100854,,90,18,5
Minor,mean,M:R@GTT,M:R,GTT,13.389037390175437,0.008955183728808757,95,19,5
Minor,sd,M:R@GTT,M:R,GTT,0.27952039238628273,,95,19,5
Minor,mean,M:R@TAA,M:R,TAA,13.337797340606057,0.0221175141487661,55,11,5
Minor,sd,M:R@TAA,M:R,TAA,0.37093019855899206,,55,11,5
Minor,mean,M:R@TAC,M:R,TAC,13.255771884126984,0.023838962173223708,84,17,5
Minor,sd,M:R@TAC,M:R,TAC,0.44762550786315375,,84,17,5
Minor,mean,M:R@TAG,M:R,TAG,13.324176007878787,0.013524308454007183,110,21,5
Minor,sd,M:R@TAG,M:R,TAG,0.34510868729539523,,110,21,5
Minor,mean,M:R@TAT,M:R,TAT,13.317905029473685,0.006465410575918659,95,19,5
Minor,sd,M:R@TAT,M:R,TAT,0.34928704887118694,,95,19,5
Minor,mean,M:R@TCA,M:R,TCA,13.368601852631578,0.01230208080556697,95,18,5
Minor,sd,M:R@TCA,M:R,TCA,0.18989355165946417,,95,18,5
Minor,mean,M:R@TCC,M:R,TCC,13.400464490980392,0.008902071254478153,85,17,5
Minor,sd,M:R@TCC,M:R,TCC,0.1738063446152248,,85,17,5
Minor,mean,M:R@TCG,M:R,TCG,13.412236276296296,0.005823912696991814,90,17,5
Minor,sd,M:R@TCG,M:R,TCG,0.195147779378527,,90,17,5
Minor,mean,M:R@TCT,M:R,TCT,13.402991535000002,0.007635940335876754,120,23,5
Minor,sd,M:R@TCT,M:R,TCT,0.17422594309678818,,120,23,5
Minor,mean,M:R@TGA,M:R,TGA,13.423972856470591,0.0037913855436092704,85,17,5
Minor,sd,M:R@TGA,M:R,TGA,0.17346114657993103,,85,17,5
Minor,mean,M:R@TGC,M:R,TGC,13.430230846153847,0.005290982403553853,65,13,5
Minor,sd,M:R@TGC,M:R,TGC,0.1744082168663918,,65,13,5
Minor,mean,M:R@TGG,M:R,TGG,13.437856936231885,0.003022465560717771,115,23,5
Minor,sd,M:R@TGG,M:R,TGG,0.16493892140457841,,115,23,5
Minor,mean,M:R@TGT,M:R,TGT,13.430675202962963,0.0067722978585742265,90,18,5
Minor,sd,M:R@TGT,M:R,TGT,0.16626733959639206,,90,18,5
Minor,mean,M:R@TTA,M:R,TTA,13.409028732380952,0.008660598784312695,70,14,5
Minor,sd,M:R@TTA,M:R,TTA,0.28213631015843277,,70,14,5
Minor,mean,M:R@TTC,M:R,TTC,13.335163158840581,0.005719038299986749,115,22,5
Minor,sd,M:R@TTC,M:R,TTC,0.2876287779211025,,115,22,5
Minor,mean,M:R@TTG,M:R,TTG,13.406612474666668,0.009539947245608199,75,15,5
Minor,sd,M:R@TTG,M:R,TTG,0.29316792504728645,,75,15,5
Minor,mean,M:R@TTT,M:R,TTT,13.359563446060607,0.016535104020374072,55,11,5
Minor,sd,M:R@TTT,M:R,TTT,0.3121765244565673,,55,11,5
Minor,mean,R:R@AAA,R:R,AAA,13.299818384615387,0.05236716339247946,39,8,5
Minor,sd,R:R@AAA,R:R,AAA,0.631809867533461,,39,8,5
Minor,mean,R:R@AAC,R:R,AAC,13.198257814666665,0.09275400327701101,50,10,5
Minor,sd,R:R@AAC,R:R,AAC,0.742873191147902,,50,10,5
Minor,mean,R:R@AAG,R:R,AAG,13.301940480555556,0.009641184360047848,24,5,5
Minor,sd,R:R@AAG,R:R,AAG,0.5650493614481423,,24,5,5
Minor,mean,R:R@AAT,R:R,AAT,13.277318844848486,0.014068456312209604,55,11,5
Minor,sd,R:R@AAT,R:R,AAT,0.6478653701928965,,55,11,5
Minor,mean,R:R@ACA,R:R,ACA,13.423278960000001,0.004452409943770528,60,12,5
Minor,sd,R:R@ACA,R:R,ACA,0.1733614852786483,,60,12,5
Minor,mean,R:R@ACC,R:R,ACC,13.436617656969693,0.004616186274117585,55,11,5
Minor,sd,R:R@ACC,R:R,ACC,0.1695744447381602,,55,11,5
Minor,mean,R:R@ACG,R:R,ACG,13.42444217904762,0.003979197334106013,35,7,5
Minor,sd,R:R@ACG,R:R,ACG,0.18689551501569399,,35,7,5
Minor,mean,R:R@ACT,R:R,ACT,13.418244048333332,0.003057384287111793,40,7,5
Minor,sd,R:R@ACT,R:R,ACT,0.1696481628519404,,40,7,5
Minor,mean,R:R@AGA,R:R,AGA,13.453426664761906,0.004452449407520013,35,7,5
Minor,sd,R:R@AGA,R:R,AGA,0.16771352638253803,,35,7,5
Minor,mean,R:R@AGC,R:R,AGC,13.455295627500002,0.001983058008680687,80,15,5
Minor,sd,R:R@AGC,R:R,AGC,0.1650347031421857,,80,15,5
Minor,mean,R:R@AGG,R:R,AGG,13.451767404444443,0.006917533603073306,15,3,5
Minor,sd,R:R@AGG,R:R,AGG,0.16458695652818908,,15,3,5
Minor,mean,R:R@AGT,R:R,AGT,13.41529961888889,0.004236688717988621,60,12,5
Minor,sd,R:R@AGT,R:R,AGT,0.17918319786982076,,60,12,5
Minor,mean,R:R@ATA,R:R,ATA,13.31362698814815,0.015045785718860144,45,8,5
Minor,sd,R:R@ATA,R:R,ATA,0.45281812356968004,,45,8,5
Minor,mean,R:R@ATC,R:R,ATC,13.180190379487177,0.046596317013648914,65,13,5
Minor,sd,R:R@ATC,R:R,ATC,0.7477947734129452,,65,13,5
Minor,mean,R:R@ATG,R:R,ATG,13.139736131428572,0.040686885093751464,35,7,5
Minor,sd,R:R@ATG,R:R,ATG,1.0785358375154483,,35,7,5
Minor,mean,R:R@ATT,R:R,ATT,13.224065205714288,0.07403199032862942,35,7,5
Minor,sd,R:R@ATT,R:R,ATT,0.685786005817275,,35,7,5
Minor,mean,R:R@CAA,R:R,CAA,13.365425570000003,0.012982637578043094,40,8,5
Minor,sd,R:R@CAA,R:R,CAA,0.5404942107746594,,40,8,5
Minor,mean,R:R@CAC,R:R,CAC,13.201325814965989,0.05391703917689683,49,10,5
Minor,sd,R:R@CAC,R:R,CAC,0.8892972731176727,,49,10,5
Minor,mean,R:R@CAG,R:R,CAG,13.21942097025641,0.02843384060502933,65,13,5
Minor,sd,R:R@CAG,R:R,CAG,0.9190275164488338,,65,13,5
Minor,mean,R:R@CAT,R:R,CAT,13.203612073333332,0.03368648161012368,20,3,5
Minor,sd,R:R@CAT,R:R,CAT,0.836131916124151,,20,3,5
Minor,mean,R:R@CCA,R:R,CCA,13.461246663589746,0.002890101499444569,65,13,5
Minor,sd,R:R@CCA,R:R,CCA,0.1635246157650011,,65,13,5
Minor,mean,R:R@CCC,R:R,CCC,13.470724271111111,0.00879435167913518,15,3,5
Minor,sd,R:R@CCC,R:R,CCC,0.1598722731208092,,15,3,5
Minor,mean,R:R@CCG,R:R,CCG,13.461829,0.0041986194821173025,50,10,5
Minor,sd,R:R@CCG,R:R,CCG,0.1870979756149212,,50,10,5
Minor,mean,R:R@CCT,R:R,CCT,13.450018206666666,0.002094077677737648,40,8,5
Minor,sd,R:R@CCT,R:R,CCT,0.16188069877833938,,40,8,5
Minor,mean,R:R@CGA,R:R,CGA,13.462046330000002,0.0022300910171901382,40,8,5
Minor,sd,R:R@CGA,R:R,CGA,0.17814617715677933,,40,8,5
Minor,mean,R:R@CGC,R:R,CGC,13.459883637333334,0.002491083183659546,25,5,5
Minor,sd,R:R@CGC,R:R,CGC,0.1685955337401917,,25,5,5
Minor,mean,R:R@CGG,R:R,CGG,13.464734486666666,0.003024802288489762,50,10,5
Minor,sd,R:R@CGG,R:R,CGG,0.1699223228508494,,50,10,5
Minor,mean,R:R@CGT,R:R,CGT,13.422006026666667,0.0033516097164235877,60,12,5
Minor,sd,R:R@CGT,R:R,CGT,0.1903194861270821,,60,12,5
Minor,mean,R:R@CTA,R:R,CTA,13.311805809696972,0.018551260681232806,55,11,5
Minor,sd,R:R@CTA,R:R,CTA,0.47641057982217927,,55,11,5
Minor,mean,R:R@CTC,R:R,CTC,13.297570326666667,0.012443296800175533,20,4,5
Minor,sd,R:R@CTC,R:R,CTC,0.5308040492905124,,20,4,5
Minor,mean,R:R@CTG,R:R,CTG,13.193161697435897,0.04181066448930551,39,8,5
Minor,sd,R:R@CTG,R:R,CTG,1.0140739905591691,,39,8,5
Minor,mean,R:R@CTT,R:R,CTT,13.273249851428574,0.026489027146361963,70,14,5
Minor,sd,R:R@CTT,R:R,CTT,0.7004676573059624,,70,14,5
Minor,mean,R:R@GAA,R:R,GAA,13.340279349523811,0.011387306297682623,70,14,5
Minor,sd,R:R@GAA,R:R,GAA,0.5268048100030785,,70,14,5
Minor,mean,R:R@GAC,R:R,GAC,13.266227019999999,0.021160135033544056,50,9,5
Minor,sd,R:R@GAC,R:R,GAC,0.7019161302893673,,50,9,5
Minor,mean,R:R@GAG,R:R,GAG,13.290524724444445,0.008536248913059204,30,6,5
Minor,sd,R:R@GAG,R:R,GAG,0.536953850927081,,30,6,5
Minor,mean,R:R@GAT,R:R,GAT,13.289325684444442,0.014256021078119196,45,9,5
Minor,sd,R:R@GAT,R:R,GAT,0.5318830044422431,,45,9,5
Minor,mean,R:R@GCA,R:R,GCA,13.463423166666667,0.0014224967710218576,20,4,5
Minor,sd,R:R@GCA,R:R,GCA,0.16261730545896905,,20,4,5
Minor,mean,R:R@GCC,R:R,GCC,13.47589483777778,0.0013238009168949955,60,12,5
Minor,sd,R:R@GCC,R:R,GCC,0.15927908313717024,,60,12,5
Minor,mean,R:R@GCG,R:R,GCG,13.467369962666666,0.0014835682191895617,50,10,5
Minor,sd,R:R@GCG,R:R,GCG,0.164483091269061,,50,10,5
Minor,mean,R:R@GCT,R:R,GCT,13.455088831111114,0.0027279811862642683,45,9,5
Minor,sd,R:R@GCT,R:R,GCT,0.16490117884845704,,45,9,5
Minor,mean,R:R@GGA,R:R,GGA,13.470508366060606,0.0022101950224201433,55,11,5
Minor,sd,R:R@GGA,R:R,GGA,0.16443207113763422,,55,11,5
Minor,mean,R:R@GGC,R:R,GGC,13.475116906666665,0.0016064480677398252,65,13,5
Minor,sd,R:R@GGC,R:R,GGC,0.16275027710300316,,65,13,5
Minor,mean,R:R@GGG,R:R,GGG,13.467298123809524,0.0013289826426996912,35,7,5
Minor,sd,R:R@GGG,R:R,GGG,0.1614941575234782,,35,7,5
Minor,mean,R:R@GGT,R:R,GGT,13.429852624444443,0.002852551947186633,30,6,5
Minor,sd,R:R@GGT,R:R,GGT,0.16713695286014843,,30,6,5
Minor,mean,R:R@GTA,R:R,GTA,13.298395916190476,0.01554525378471578,35,7,5
Minor,sd,R:R@GTA,R:R,GTA,0.6061637391035284,,35,7,5
Minor,mean,R:R@GTC,R:R,GTC,13.28649127111111,0.006964845329208566,30,5,5
Minor,sd,R:R@GTC,R:R,GTC,0.6248372276555614,,30,5,5
Minor,mean,R:R@GTG,R:R,GTG,13.177757153333335,0.0547746188088028,50,10,5
Minor,sd,R:R@GTG,R:R,GTG,1.013472157500101,,50,10,5
Minor,mean,R:R@GTT,R:R,GTT,13.299815426666667,0.017618861189701015,50,10,5
Minor,sd,R:R@GTT,R:R,GTT,0.6407290324901765,,50,10,5
Minor,mean,R:R@TAA,R:R,TAA,13.339358056666669,0.06878313697902212,20,4,5
Minor,sd,R:R@TAA,R:R,TAA,0.48882407423308216,,20,4,5
Minor,mean,R:R@TAC,R:R,TAC,13.278198600000001,0.02540488420623201,45,9,5
Minor,sd,R:R@TAC,R:R,TAC,0.590812835611459,,45,9,5
Minor,mean,R:R@TAG,R:R,TAG,13.327141007179485,0.01804691704082614,65,12,5
Minor,sd,R:R@TAG,R:R,TAG,0.44649869880626747,,65,12,5
Minor,mean,R:R@TAT,R:R,TAT,13.309245330909091,0.007888570130353994,55,11,5
Minor,sd,R:R@TAT,R:R,TAT,0.43244455882517785,,55,11,5
Minor,mean,R:R@TCA,R:R,TCA,13.455213286666664,0.005497446332732542,30,6,5
Minor,sd,R:R@TCA,R:R,TCA,0.2037580605810908,,30,6,5
Minor,mean,R:R@TCC,R:R,TCC,13.469768755555556,0.0024287293056050705,45,9,5
Minor,sd,R:R@TCC,R:R,TCC,0.1650283327195136,,45,9,5
Minor,mean,R:R@TCG,R:R,TCG,13.458342726666666,0.004526295177855023,50,10,5
Minor,sd,R:R@TCG,R:R,TCG,0.18555254387523856,,50,10,5
Minor,mean,R:R@TCT,R:R,TCT,13.45352398888889,0.0037506089046309434,60,11,5
Minor,sd,R:R@TCT,R:R,TCT,0.16883563134658272,,60,11,5
Minor,mean,R:R@TGA,R:R,TGA,13.459589436666667,0.005267344477724145,40,8,5
Minor,sd,R:R@TGA,R:R,TGA,0.17138969751409955,,40,8,5
Minor,mean,R:R@TGC,R:R,TGC,13.46066749111111,0.002087783328120559,30,6,5
Minor,sd,R:R@TGC,R:R,TGC,0.1645630370018298,,30,6,5
Minor,mean,R:R@TGG,R:R,TGG,13.460931026126124,0.0019383450907134285,74,15,5
Minor,sd,R:R@TGG,R:R,TGG,0.16721572231405085,,74,15,5
Minor,mean,R:R@TGT,R:R,TGT,13.43047728190476,0.0026950119771265643,35,7,5
Minor,sd,R:R@TGT,R:R,TGT,0.16999370251431722,,35,7,5
Minor,mean,R:R@TTA,R:R,TTA,13.378604142222224,0.012463406764451065,45,9,5
Minor,sd,R:R@TTA,R:R,TTA,0.41362735509456716,,45,9,5
Minor,mean,R:R@TTC,R:R,TTC,13.323470911864408,0.020691433182721836,59,11,5
Minor,sd,R:R@TTC,R:R,TTC,0.5360125415973791,,59,11,5
Minor,mean,R:R@TTG,R:R,TTG,13.334439548148149,0.011368338748224375,45,9,5
Minor,sd,R:R@TTG,R:R,TTG,0.6585252439551492,,45,9,5
Minor,mean,R:R@TTT,R:R,TTT,13.355813264,0.02016777622290169,25,5,5
Minor,sd,R:R@TTT,R:R,TTT,0.455206893944126,,25,5,5
Opening,mean,D:R@AAA,D:R,AAA,0.30837796833333336,0.24952523583429267,80,16,5
Opening,sd,D:R@AAA,D:R,AAA,5.798974298529929,,80,16,5
Opening,mean,D:R@AAC,D:R,AAC,0.11201309559748425,0.13388526387738112,159,32,5
Opening,sd,D:R@AAC,D:R,AAC,6.044640570240491,,159,32,5
Opening,mean,D:R@AAG,D:R,AAG,1.0492220266666665,0.2186625526872362,100,20,5
Opening,sd,D:R@AAG,D:R,AAG,5.986442432459334,,100,20,5
Opening,mean,D:R@AAT,D:R,AAT,0.2662463414492753,0.19950869764510476,115,23,5
Opening,sd,D:R@AAT,D:R,AAT,5.952507247183914,,115,23,5
Opening,mean,D:R@ACA,D:R,ACA,2.40718849202454,0.30849410109113445,163,32,5
Opening,sd,D:R@ACA,D:R,ACA,4.963387026720236,,163,32,5
Opening,mean,D:R@ACC,D:R,ACC,0.9580642247619048,0.10427127128486809,140,27,5
Opening,sd,D:R@ACC,D:R,ACC,3.759921976143294,,140,27,5
Opening,mean,D:R@ACG,D:R,ACG,2.126663105287356,0.40286467369557427,145,29,5
Opening,sd,D:R@ACG,D:R,ACG,4.394513090701189,,145,29,5
Opening,mean,D:R@ACT,D:R,ACT,0.2560012024242424,0.037936329797464516,165,31,5
Opening,sd,D:R@ACT,D:R,ACT,3.3875458238405813,,165,31,5
Opening,mean,D:R@AGA,D:R,AGA,-0.2133384768627451,0.07548785819601456,85,17,5
Opening,sd,D:R@AGA,D:R,AGA,3.644392981722631,,85,17,5
Opening,mean,D:R@AGC,D:R,AGC,-0.7158239266666666,0.04652609028640766,150,29,5
Opening,sd,D:R@AGC,D:R,AGC,3.3947412333516733,,150,29,5
Opening,mean,D:R@AGG,D:R,AGG,-0.06060131583333332,0.06285309927050778,80,16,5
Opening,sd,D:R@AGG,D:R,AGG,3.5417728616902315,,80,16,5
Opening,mean,D:R@AGT,D:R,AGT,-0.3275337329292929,0.041442110538971545,165,33,5
Opening,sd,D:R@AGT,D:R,AGT,3.53164063332206,,165,33,5
Opening,mean,D:R@ATA,D:R,ATA,2.7291726533333334,0.3427986345272758,110,21,5
Opening,sd,D:R@ATA,D:R,ATA,6.480338611323789,,110,21,5
Opening,mean,D:R@ATC,D:R,ATC,1.3137855996357013,0.18471054108859689,183,37,5
Opening,sd,D:R@ATC,D:R,ATC,5.7914746412593985,,183,37,5
Opening,mean,D:R@ATG,D:R,ATG,2.169846015384615,0.22288312082352543,104,21,5
Opening,sd,D:R@ATG,D:R,ATG,6.242022367665077,,104,21,5
Opening,mean,D:R@ATT,D:R,ATT,0.23311681939393936,0.18238058805638943,110,22,5
Opening,sd,D:R@ATT,D:R,ATT,5.434810115632029,,110,22,5
Opening,mean,D:R@CAA,D:R,CAA,-0.33940383519999984,0.2837204957874777,125,25,5
Opening,sd,D:R@CAA,D:R,CAA,5.83212002121292,,125,25,5
Opening,mean,D:R@CAC,D:R,CAC,0.16706112572706938,0.19457529494691345,149,30,5
Opening,sd,D:R@CAC,D:R,CAC,6.1384829082349945,,149,30,5
Opening,mean,D:R@CAG,D:R,CAG,-0.4461731475268817,0.18088612693762438,155,31,5
Opening,sd,D:R@CAG,D:R,CAG,6.150759435678141,,155,31,5
Opening,mean,D:R@CAT,D:R,CAT,0.27216503492063493,0.18276494634695511,105,20,5
Opening,sd,D:R@CAT,D:R,CAT,6.046668196565044,,105,20,5
Opening,mean,D:R@CCA,D:R,CCA,2.306687813924051,0.5636700298968869,158,32,5
Opening,sd,D:R@CCA,D:R,CCA,5.522111425775639,,158,32,5
Opening,mean,D:R@CCC,D:R,CCC,0.002297111111111098,0.06513694429752849,60,12,5
Opening,sd,D:R@CCC,D:R,CCC,3.1868740045241264,,60,12,5
Opening,mean,D:R@CCG,D:R,CCG,1.0103913943434344,0.316547917771365,165,33,5
Opening,sd,D:R@CCG,D:R,CCG,4.369432168487586,,165,33,5
Opening,mean,D:R@CCT,D:R,CCT,-0.10415938506666664,0.04598597433980338,125,25,5
Opening,sd,D:R@CCT,D:R,CCT,3.076918966787278,,125,25,5
Opening,mean,D:R@CGA,D:R,CGA,-0.37995798055555563,0.16401456322270458,120,24,5
Opening,sd,D:R@CGA,D:R,CGA,4.051997916823332,,120,24,5
Opening,mean,D:R@CGC,D:R,CGC,-0.6100283955555557,0.06828724112190393,120,24,5
Opening,sd,D:R@CGC,D:R,CGC,3.8666756800824733,,120,24,5
Opening,mean,D:R@CGG,D:R,CGG,-0.3489375392156863,0.09838158140261728,170,34,5
Opening,sd,D:R@CGG,D:R,CGG,4.000878670885955,,170,34,5
Opening,mean,D:R@CGT,D:R,CGT,-0.3869917139047619,0.10141275514861302,175,33,5
Opening,sd,D:R@CGT,D:R,CGT,3.8324199376010024,,175,33,5
Opening,mean,D:R@CTA,D:R,CTA,1.997080896296296,0.2725508172359105,135,27,5
Opening,sd,D:R@CTA,D:R,CTA,6.029598565078025,,135,27,5
Opening,mean,D:R@CTC,D:R,CTC,0.7988836144278607,0.16481411386309808,134,27,5
Opening,sd,D:R@CTC,D:R,CTC,5.4416804462487915,,134,27,5
Opening,mean,D:R@CTG,D:R,CTG,0.9257485261390886,0.2495377281023423,139,28,5
Opening,sd,D:R@CTG,D:R,CTG,5.944906675648497,,139,28,5
Opening,mean,D:R@CTT,D:R,CTT,-0.21607576975609755,0.07884497797837084,205,40,5
Opening,sd,D:R@CTT,D:R,CTT,5.208464938552187,,205,40,5
Opening,mean,D:R@GAA,D:R,GAA,1.2208767703703702,0.22106016926276084,144,29,5
Opening,sd,D:R@GAA,D:R,GAA,6.116849983565128,,144,29,5
Opening,mean,D:R@GAC,D:R,GAC,0.9960662342592591,0.17783667867380734,144,28,5
Opening,sd,D:R@GAC,D:R,GAC,6.098649953816806,,144,28,5
Opening,mean,D:R@GAG,D:R,GAG,1.254718616,0.20961162181936627,75,15,5
Opening,sd,D:R@GAG,D:R,GAG,6.2515154359666125,,75,15,5
Opening,mean,D:R@GAT,D:R,GAT,1.36923649025641,0.15321690340661373,130,26,5
Opening,sd,D:R@GAT,D:R,GAT,6.052531794422035,,130,26,5
Opening,mean,D:R@GCA,D:R,GCA,0.9599803233333333,0.1525745608129732,100,20,5
Opening,sd,D:R@GCA,D:R,GCA,3.4450098664025663,,100,20,5
Opening,mean,D:R@GCC,D:R,GCC,0.5619957041666666,0.12282390121858525,160,32,5
Opening,sd,D:R@GCC,D:R,GCC,3.3384621529946132,,160,32,5
Opening,mean,D:R@GCG,D:R,GCG,1.1970077952000002,0.13507866972975333,125,24,5
Opening,sd,D:R@GCG,D:R,GCG,3.890345654331705,,125,24,5
Opening,mean,D:R@GCT,D:R,GCT,0.12628818814814813,0.049711816021893646,135,27,5
Opening,sd,D:R@GCT,D:R,GCT,3.111514336377824,,135,27,5
Opening,mean,D:R@GGA,D:R,GGA,-0.18076653979797977,0.05173250688233824,165,33,5
Opening,sd,D:R@GGA,D:R,GGA,3.59272183692595,,165,33,5
Opening,mean,D:R@GGC,D:R,GGC,-0.5564776433333333,0.09104617707435089,160,30,5
Opening,sd,D:R@GGC,D:R,GGC,3.7631891731399874,,160,30,5
Opening,mean,D:R@GGG,D:R,GGG,-0.10756412820512821,0.07910351755483218,65,13,5
Opening,sd,D:R@GGG,D:R,GGG,3.485081287214649,,65,13,5
Opening,mean,D:R@GGT,D:R,GGT,-0.21958481666666668,0.06535713053580565,124,25,5
Opening,sd,D:R@GGT,D:R,GGT,3.5539404658350175,,124,25,5
Opening,mean,D:R@GTA,D:R,GTA,2.109493912204007,0.15563276947236349,183,37,5
Opening,sd,D:R@GTA,D:R,GTA,6.217367154092438,,183,37,5
Opening,mean,D:R@GTC,D:R,GTC,1.2246890937343358,0.20003447939977279,133,26,5
Opening,sd,D:R@GTC,D:R,GTC,5.969850977988492,,133,26,5
Opening,mean,D:R@GTG,D:R,GTG,1.35693906344086,0.2187277790601442,124,24,5
Opening,sd,D:R@GTG,D:R,GTG,6.076107981646848,,124,24,5
Opening,mean,D:R@GTT,D:R,GTT,-0.02035220159999998,0.34095711906720205,125,25,5
Opening,sd,D:R@GTT,D:R,GTT,5.914375940553428,,125,25,5
Opening,mean,D:R@TAA,D:R,TAA,0.03837837587301588,0.21332659623789893,105,21,5
Opening,sd,D:R@TAA,D:R,TAA,5.565020801596539,,105,21,5
Opening,mean,D:R@TAC,D:R,TAC,0.9396345219512195,0.10928535945331616,164,33,5
Opening,sd,D:R@TAC,D:R,TAC,5.767620614869734,,164,33,5
Opening,mean,D:R@TAG,D:R,TAG,0.4118911268965518,0.17440497074843664,145,28,5
Opening,sd,D:R@TAG,D:R,TAG,5.841831262410541,,145,28,5
Opening,mean,D:R@TAT,D:R,TAT,0.4014055178494623,0.18415131149945926,155,30,5
Opening,sd,D:R@TAT,D:R,TAT,5.89649776420602,,155,30,5
Opening,mean,D:R@TCA,D:R,TCA,1.8640524606060604,0.2156365130749546,110,22,5
Opening,sd,D:R@TCA,D:R,TCA,4.378448098948188,,110,22,5
Opening,mean,D:R@TCC,D:R,TCC,0.4263856984946237,0.06555827737410304,155,31,5
Opening,sd,D:R@TCC,D:R,TCC,3.324949039978011,,155,31,5
Opening,mean,D:R@TCG,D:R,TCG,1.3661048199999999,0.14483090587955907,160,32,5
Opening,sd,D:R@TCG,D:R,TCG,3.935341622333244,,160,32,5
Opening,mean,D:R@TCT,D:R,TCT,0.05379902280701754,0.04510169488235058,190,35,5
Opening,sd,D:R@TCT,D:R,TCT,3.194212918255777,,190,35,5
Opening,mean,D:R@TGA,D:R,TGA,-0.7344233526666666,0.08815583846457642,100,20,5
Opening,sd,D:R@TGA,D:R,TGA,3.4813505616038873,,100,20,5
Opening,mean,D:R@TGC,D:R,TGC,-0.8895097959420291,0.05190691947099736,115,22,5
Opening,sd,D:R@TGC,D:R,TGC,3.4869833801966927,,115,22,5
Opening,mean,D:R@TGG,D:R,TGG,-0.5761727799999999,0.05702441849851569,190,36,5
Opening,sd,D:R@TGG,D:R,TGG,3.4755289189844305,,190,36,5
Opening,mean,D:R@TGT,D:R,TGT,-0.5241442938666667,0.07641149892383199,125,25,5
Opening,sd,D:R@TGT,D:R,TGT,3.63711516965247,,125,25,5
Opening,mean,D:R@TTA,D:R,TTA,1.0550668104477612,0.2568159541084849,134,27,5
Opening,sd,D:R@TTA,D:R,TTA,5.615410541473132,,134,27,5
Opening,mean,D:R@TTC,D:R,TTC,0.6085673786666667,0.09965700763823125,150,29,5
Opening,sd,D:R@TTC,D:R,TTC,5.492200628537011,,150,29,5
Opening,mean,D:R@TTG,D:R,TTG,0.5357518382222222,0.19563742467992162,150,30,5
Opening,sd,D:R@TTG,D:R,TTG,5.61796503723023,,150,30,5
Opening,mean,D:R@TTT,D:R,TTT,-0.4061729796078431,0.11814607798190851,85,17,5
Opening,sd,D:R@TTT,D:R,TTT,5.091491856148915,,85,17,5
Opening,mean,E:R@AAA,E:R,AAA,1.707865099047619,0.1390687897846503,70,13,5
Opening,sd,E:R@AAA,E:R,AAA,5.630135821464122,,70,13,5
Opening,mean,E:R@AAC,E:R,AAC,1.2198354023529414,0.0981677804339795,85,17,5
Opening,sd,E:R@AAC,E:R,AAC,5.400289479158336,,85,17,5
Opening,mean,E:R@AAG,E:R,AAG,2.075440070588235,0.1817933317904474,85,17,5
Opening,sd,E:R@AAG,E:R,AAG,5.96156022884663,,85,17,5
Opening,mean,E:R@AAT,E:R,AAT,2.0406888303703705,0.1285773581063474,90,18,5
Opening,sd,E:R@AAT,E:R,AAT,5.901363798706531,,90,18,5
Opening,mean,E:R@ACA,E:R,ACA,0.47805557797101444,0.042685357826633546,115,23,5
Opening,sd,E:R@ACA,E:R,ACA,3.1051394122207374,,115,23,5
Opening,mean,E:R@ACC,E:R,ACC,0.8592999164912282,0.06623239781975232,95,19,5
Opening,sd,E:R@ACC,E:R,ACC,2.950648832249161,,95,19,5
Opening,mean,E:R@ACG,E:R,ACG,0.3593133028571428,0.07555534763454437,70,14,5
Opening,sd,E:R@ACG,E:R,ACG,3.244733512319891,,70,14,5
Opening,mean,E:R@ACT,E:R,ACT,0.9086640695652174,0.05331774098049967,115,22,5
Opening,sd,E:R@ACT,E:R,ACT,3.5433324204119736,,115,22,5
Opening,mean,E:R@AGA,E:R,AGA,1.0342870408333333,0.12258588520618692,80,16,5
Opening,sd,E:R@AGA,E:R,AGA,4.237672082313823,,80,16,5
Opening,mean,E:R@AGC,E:R,AGC,0.21098172597701148,0.046960768649120785,145,28,5
Opening,sd,E:R@AGC,E:R,AGC,3.4066231332959016,,145,28,5
Opening,mean,E:R@AGG,E:R,AGG,0.6582985764102564,0.10388655508808912,65,13,5
Opening,sd,E:R@AGG,E:R,AGG,3.7233237262045575,,65,13,5
Opening,mean,E:R@AGT,E:R,AGT,0.9690172069565218,0.0993089151912927,115,23,5
Opening,sd,E:R@AGT,E:R,AGT,3.8869479036052246,,115,23,5
Opening,mean,E:R@ATA,E:R,ATA,1.8211278814814815,0.19984162712615075,99,19,5
Opening,sd,E:R@ATA,E:R,ATA,5.73304469208959,,99,19,5
Opening,mean,E:R@ATC,E:R,ATC,1.0657357333333333,0.19242565267790307,85,17,5
Opening,sd,E:R@ATC,E:R,ATC,5.158877954508423,,85,17,5
Opening,mean,E:R@ATG,E:R,ATG,1.1858007962962964,0.24010984667270682,72,15,5
Opening,sd,E:R@ATG,E:R,ATG,5.783287980961401,,72,15,5
Opening,mean,E:R@ATT,E:R,ATT,1.3886655675,0.21334123168810817,80,16,5
Opening,sd,E:R@ATT,E:R,ATT,5.354613977946739,,80,16,5
Opening,mean,E:R@CAA,E:R,CAA,1.519855368627451,0.1739564188162972,85,17,5
Opening,sd,E:R@CAA,E:R,CAA,5.753263941915172,,85,17,5
Opening,mean,E:R@CAC,E:R,CAC,2.4830694750877194,0.14073385450709594,95,18,5
Opening,sd,E:R@CAC,E:R,CAC,5.624047112936753,,95,18,5
Opening,mean,E:R@CAG,E:R,CAG,1.804350516129032,0.12253517960954882,124,25,5
Opening,sd,E:R@CAG,E:R,CAG,5.806701100131819,,124,25,5
Opening,mean,E:R@CAT,E:R,CAT,2.836136688205128,0.39228222336672075,65,12,5
Opening,sd,E:R@CAT,E:R,CAT,6.151614167714025,,65,12,5
Opening,mean,E:R@CCA,E:R,CCA,-0.2100242351999999,0.05224558592264091,125,25,5
Opening,sd,E:R@CCA,E:R,CCA,3.056234662639407,,125,25,5
Opening,mean,E:R@CCC,E:R,CCC,0.00490838476190477,0.09725465914147235,35,7,5
Opening,sd,E:R@CCC,E:R,CCC,2.8972463537896767,,35,7,5
Opening,mean,E:R@CCG,E:R,CCG,-0.35896132199999997,0.055663476674557254,100,20,5
Opening,sd,E:R@CCG,E:R,CCG,3.05648753162127,,100,20,5
Opening,mean,E:R@CCT,E:R,CCT,0.2569369191111111,0.0691671217121999,75,15,5
Opening,sd,E:R@CCT,E:R,CCT,2.980689329852085,,75,15,5
Opening,mean,E:R@CGA,E:R,CGA,2.097641578412698,0.26635067491336556,105,21,5
Opening,sd,E:R@CGA,E:R,CGA,5.831980891991189,,105,21,5
Opening,mean,E:R@CGC,E:R,CGC,0.909270063111111,0.12467451115721802,75,14,5
Opening,sd,E:R@CGC,E:R,CGC,4.4884578755975015,,75,14,5
Opening,mean,E:R@CGG,E:R,CGG,1.5647357428571425,0.17693666824132406,70,14,5
Opening,sd,E:R@CGG,E:R,CGG,4.961695469116375,,70,14,5
Opening,mean,E:R@CGT,E:R,CGT,1.1234459922807019,0.10311916313287244,95,19,5
Opening,sd,E:R@CGT,E:R,CGT,4.274720306727663,,95,19,5
Opening,mean,E:R@CTA,E:R,CTA,0.2131626624561403,0.24032218459193097,95,19,5
Opening,sd,E:R@CTA,E:R,CTA,5.1768451437115415,,95,19,5
Opening,mean,E:R@CTC,E:R,CTC,0.2001499466666667,0.17614644144846597,60,12,5
Opening,sd,E:R@CTC,E:R,CTC,4.9655539535915,,60,12,5
Opening,mean,E:R@CTG,E:R,CTG,-0.02893764423076927,0.22973078514048825,104,21,5
Opening,sd,E:R@CTG,E:R,CTG,5.3821191523300405,,104,21,5
Opening,mean,E:R@CTT,E:R,CTT,0.04802799722222224,0.11529841510680748,120,23,5
Opening,sd,E:R@CTT,E:R,CTT,4.956914262198172,,120,23,5
Opening,mean,E:R@GAA,E:R,GAA,0.5362843320872275,0.10265269621466654,107,22,5
Opening,sd,E:R@GAA,E:R,GAA,5.405522947067563,,107,22,5
Opening,mean,E:R@GAC,E:R,GAC,0.6356237091397849,0.19227369664310331,124,24,5
Opening,sd,E:R@GAC,E:R,GAC,5.351930641706929,,124,24,5
Opening,mean,E:R@GAG,E:R,GAG,0.3752650446203024,0.10142584861651613,80,16,5
Opening,sd,E:R@GAG,E:R,GAG,5.446134709543597,,80,16,5
Opening,mean,E:R@GAT,E:R,GAT,0.9753219485943775,0.1679102346542691,83,17,5
Opening,sd,E:R@GAT,E:R,GAT,5.592489311691028,,83,17,5
Opening,mean,E:R@GCA,E:R,GCA,-0.10611857066666669,0.07415762449620027,75,15,5
Opening,sd,E:R@GCA,E:R,GCA,3.087416691766788,,75,15,5
Opening,mean,E:R@GCC,E:R,GCC,0.13984300555555554,0.04764145604440012,120,24,5
Opening,sd,E:R@GCC,E:R,GCC,2.890541236631644,,120,24,5
Opening,mean,E:R@GCG,E:R,GCG,-0.2719667079365079,0.06922334771882858,105,20,5
Opening,sd,E:R@GCG,E:R,GCG,3.0340088696568404,,105,20,5
Opening,mean,E:R@GCT,E:R,GCT,0.14133263228070173,0.073336688252925,95,19,5
Opening,sd,E:R@GCT,E:R,GCT,2.9039580609998885,,95,19,5
Opening,mean,E:R@GGA,E:R,GGA,0.3576281458823529,0.1489879043235294,85,17,5
Opening,sd,E:R@GGA,E:R,GGA,3.6538072424169954,,85,17,5
Opening,mean,E:R@GGC,E:R,GGC,-0.24015889440000002,0.05248310184065497,125,25,5
Opening,sd,E:R@GGC,E:R,GGC,3.141116697597139,,125,25,5
Opening,mean,E:R@GGG,E:R,GGG,0.3498256033333333,0.11817510669978719,60,12,5
Opening,sd,E:R@GGG,E:R,GGG,3.4226744110179097,,60,12,5
Opening,mean,E:R@GGT,E:R,GGT,0.46539472848484853,0.11810077142302043,55,11,5
Opening,sd,E:R@GGT,E:R,GGT,3.579749602628776,,55,11,5
Opening,mean,E:R@GTA,E:R,GTA,0.33249729238095244,0.15992601725188393,70,14,5
Opening,sd,E:R@GTA,E:R,GTA,5.308276677601198,,70,14,5
Opening,mean,E:R@GTC,E:R,GTC,0.6778973066666666,0.18411823513970674,70,12,5
Opening,sd,E:R@GTC,E:R,GTC,5.029903840549194,,70,12,5
Opening,mean,E:R@GTG,E:R,GTG,0.06205941265822781,0.22176746734337516,79,16,5
Opening,sd,E:R@GTG,E:R,GTG,5.330686157366768,,79,16,5
Opening,mean,E:R@GTT,E:R,GTT,0.6549059024561403,0.16917737766665814,95,19,5
Opening,sd,E:R@GTT,E:R,GTT,5.076152836177399,,95,19,5
Opening,mean,E:R@TAA,E:R,TAA,1.1099593300000001,0.32802372859426676,60,12,5
Opening,sd,E:R@TAA,E:R,TAA,5.753143748245098,,60,12,5
Opening,mean,E:R@TAC,E:R,TAC,1.3674727120274917,0.19592448612444285,97,19,5
Opening,sd,E:R@TAC,E:R,TAC,5.594339829331937,,97,19,5
Opening,mean,E:R@TAG,E:R,TAG,0.8563534395061728,0.10134054584094844,135,24,5
Opening,sd,E:R@TAG,E:R,TAG,5.69152295049987,,135,24,5
Opening,mean,E:R@TAT,E:R,TAT,1.9933328722807018,0.2446680654080487,95,19,5
Opening,sd,E:R@TAT,E:R,TAT,5.908855053122111,,95,19,5
Opening,mean,E:R@TCA,E:R,TCA,0.02785276933333334,0.10821813848367146,50,10,5
Opening,sd,E:R@TCA,E:R,TCA,3.212177276212665,,50,10,5
Opening,mean,E:R@TCC,E:R,TCC,0.27239195686274514,0.06797529849241063,85,17,5
Opening,sd,E:R@TCC,E:R,TCC,2.980084161021053,,85,17,5
Opening,mean,E:R@TCG,E:R,TCG,-0.31551468380952385,0.04558559044113641,70,14,5
Opening,sd,E:R@TCG,E:R,TCG,3.0930370674421597,,70,14,5
Opening,mean,E:R@TCT,E:R,TCT,0.17463647199999996,0.056316992679890474,125,24,5
Opening,sd,E:R@TCT,E:R,TCT,3.0625050117964614,,125,24,5
Opening,mean,E:R@TGA,E:R,TGA,0.5284407775757576,0.11384241362663235,110,21,5
Opening,sd,E:R@TGA,E:R,TGA,4.493787091657262,,110,21,5
Opening,mean,E:R@TGC,E:R,TGC,0.42172350666666664,0.12449952693000882,80,16,5
Opening,sd,E:R@TGC,E:R,TGC,4.02075334853766,,80,16,5
Opening,mean,E:R@TGG,E:R,TGG,1.3194235480701755,0.12534570660453792,95,19,5
Opening,sd,E:R@TGG,E:R,TGG,5.284495908877658,,95,19,5
Opening,mean,E:R@TGT,E:R,TGT,1.2730928952380953,0.22427733329156105,70,14,5
Opening,sd,E:R@TGT,E:R,TGT,4.87987983409538,,70,14,5
Opening,mean,E:R@TTA,E:R,TTA,0.1448652175757576,0.19281463775138277,110,21,5
Opening,sd,E:R@TTA,E:R,TTA,5.282967695616209,,110,21,5
Opening,mean,E:R@TTC,E:R,TTC,0.31287170984126983,0.1394010489345581,105,20,5
Opening,sd,E:R@TTC,E:R,TTC,5.0362605933956255,,105,20,5
Opening,mean,E:R@TTG,E:R,TTG,0.015016136329588016,0.16049624853976482,89,18,5
Opening,sd,E:R@TTG,E:R,TTG,5.366682195631091,,89,18,5
Opening,mean,E:R@TTT,E:R,TTT,0.45242812740740734,0.33550140639987547,45,8,5
Opening,sd,E:R@TTT,E:R,TTT,5.221815500919415,,45,8,5
Opening,mean,M:R@AAA,M:R,AAA,0.7587346822222223,0.2459639384028138,60,12,5
Opening,sd,M:R@AAA,M:R,AAA,5.489550620417167,,60,12,5
Opening,mean,M:R@AAC,M:R,AAC,1.010533545882353,0.19182045754253474,85,17,5
Opening,sd,M:R@AAC,M:R,AAC,5.547876244227598,,85,17,5
Opening,mean,M:R@AAG,M:R,AAG,1.1935311158974358,0.14605812704384077,65,13,5
Opening,sd,M:R@AAG,M:R,AAG,5.5434787115786035,,65,13,5
Opening,mean,M:R@AAT,M:R,AAT,1.931265025882353,0.1771507450167082,85,17,5
Opening,sd,M:R@AAT,M:R,AAT,5.57316371663308,,85,17,5
Opening,mean,M:R@ACA,M:R,ACA,1.422036293968254,0.19655383966299803,105,21,5
Opening,sd,M:R@ACA,M:R,ACA,3.6704250432432035,,105,21,5
Opening,mean,M:R@ACC,M:R,ACC,1.854907568115942,0.23308515594432533,115,23,5
Opening,sd,M:R@ACC,M:R,ACC,3.675671819539775,,115,23,5
Opening,mean,M:R@ACG,M:R,ACG,1.6489796115555557,0.2114840482135318,75,15,5
Opening,sd,M:R@ACG,M:R,ACG,4.271852262643586,,75,15,5
Opening,mean,M:R@ACT,M:R,ACT,1.6176373186666666,0.08430980575384907,100,19,5
Opening,sd,M:R@ACT,M:R,ACT,3.6669110835337113,,100,19,5
Opening,mean,M:R@AGA,M:R,AGA,0.8205898913333333,0.11772729580359559,100,20,5
Opening,sd,M:R@AGA,M:R,AGA,3.6930771254577555,,100,20,5
Opening,mean,M:R@AGC,M:R,AGC,0.4506330766666667,0.05688463956009073,100,19,5
Opening,sd,M:R@AGC,M:R,AGC,3.496678233911151,,100,19,5
Opening,mean,M:R@AGG,M:R,AGG,0.7154113244444444,0.18432043720057556,60,12,5
Opening,sd,M:R@AGG,M:R,AGG,3.4435939455400395,,60,12,5
Opening,mean,M:R@AGT,M:R,AGT,0.7734266090909091,0.13644997862619068,110,22,5
Opening,sd,M:R@AGT,M:R,AGT,3.6018790523888167,,110,22,5
Opening,mean,M:R@ATA,M:R,ATA,-0.4571358728205129,0.2688432812851241,65,12,5
Opening,sd,M:R@ATA,M:R,ATA,5.090541442638919,,65,12,5
Opening,mean,M:R@ATC,M:R,ATC,1.025768522133333,0.1815505096521336,125,25,5
Opening,sd,M:R@ATC,M:R,ATC,5.086565358668141,,125,25,5
Opening,mean,M:R@ATG,M:R,ATG,-0.038059961481481476,0.23582860936252414,90,18,5
Opening,sd,M:R@ATG,M:R,ATG,5.223426359165425,,90,18,5
Opening,mean,M:R@ATT,M:R,ATT,0.08220653846153843,0.20893546356587975,65,13,5
Opening,sd,M:R@ATT,M:R,ATT,4.853375938650035,,65,13,5
Opening,mean,M:R@CAA,M:R,CAA,0.6444746702222223,0.23410956862899884,75,15,5
Opening,sd,M:R@CAA,M:R,CAA,5.361334153059741,,75,15,5
Opening,mean,M:R@CAC,M:R,CAC,2.024088130434783,0.20069198624689305,115,23,5
Opening,sd,M:R@CAC,M:R,CAC,5.696717256319752,,115,23,5
Opening,mean,M:R@CAG,M:R,CAG,0.6909000819047619,0.20435797184750087,105,21,5
Opening,sd,M:R@CAG,M:R,CAG,5.425919914204058,,105,21,5
Opening,mean,M:R@CAT,M:R,CAT,2.8506698912820507,0.4789986211904619,65,12,5
Opening,sd,M:R@CAT,M:R,CAT,5.7087934470743305,,65,12,5
Opening,mean,M:R@CCA,M:R,CCA,0.8174117411111109,0.08331326357246138,120,24,5
Opening,sd,M:R@CCA,M:R,CCA,3.312217429590155,,120,24,5
Opening,mean,M:R@CCC,M:R,CCC,0.92846581,0.1048954559391308,40,8,5
Opening,sd,M:R@CCC,M:R,CCC,3.114218809127253,,40,8,5
Opening,mean,M:R@CCG,M:R,CCG,0.8208173455555555,0.13670500994146745,120,24,5
Opening,sd,M:R@CCG,M:R,CCG,3.7107522098036534,,120,24,5
Opening,mean,M:R@CCT,M:R,CCT,1.1136668808333332,0.12860565920333356,80,16,5
Opening,sd,M:R@CCT,M:R,CCT,3.255084842203901,,80,16,5
Opening,mean,M:R@CGA,M:R,CGA,0.14834720666666668,0.13552382591212214,90,18,5
Opening,sd,M:R@CGA,M:R,CGA,3.8290449330912004,,90,18,5
Opening,mean,M:R@CGC,M:R,CGC,0.13339827487179484,0.08575349300119404,65,13,5
Opening,sd,M:R@CGC,M:R,CGC,3.8334347306651377,,65,13,5
Opening,mean,M:R@CGG,M:R,CGG,-0.28675040761904763,0.08453548465881407,105,21,5
Opening,sd,M:R@CGG,M:R,CGG,3.553228165113486,,105,21,5
Opening,mean,M:R@CGT,M:R,CGT,0.20705489968253968,0.07635837679867996,105,21,5
Opening,sd,M:R@CGT,M:R,CGT,3.802825059203703,,105,21,5
Opening,mean,M:R@CTA,M:R,CTA,-0.41974079185185176,0.24802928381913056,90,18,5
Opening,sd,M:R@CTA,M:R,CTA,4.947316030193387,,90,18,5
Opening,mean,M:R@CTC,M:R,CTC,0.9567871090909091,0.15593151006364378,55,10,5
Opening,sd,M:R@CTC,M:R,CTC,4.802806655795766,,55,10,5
Opening,mean,M:R@CTG,M:R,CTG,-0.6325695843137255,0.14560726287970294,119,23,5
Opening,sd,M:R@CTG,M:R,CTG,5.0154325132541775,,119,23,5
Opening,mean,M:R@CTT,M:R,CTT,-0.34734052533333326,0.17042361760258504,100,20,5
Opening,sd,M:R@CTT,M:R,CTT,4.693374599324992,,100,20,5
Opening,mean,M:R@GAA,M:R,GAA,0.47254942066666655,0.1771194688338931,100,20,5
Opening,sd,M:R@GAA,M:R,GAA,5.2909869529052465,,100,20,5
Opening,mean,M:R@GAC,M:R,GAC,0.9909834510144926,0.15173625792121434,115,22,5
Opening,sd,M:R@GAC,M:R,GAC,5.493282390157705,,115,22,5
Opening,mean,M:R@GAG,M:R,GAG,1.1632237341666667,0.15902777543014937,80,16,5
Opening,sd,M:R@GAG,M:R,GAG,5.511464996094981,,80,16,5
Opening,mean,M:R@GAT,M:R,GAT,1.8103863083333331,0.2088502943875421,120,24,5
Opening,sd,M:R@GAT,M:R,GAT,5.454008239679826,,120,24,5
Opening,mean,M:R@GCA,M:R,GCA,0.8170855702564102,0.13032212398093543,65,13,5
Opening,sd,M:R@GCA,M:R,GCA,3.4335942786459492,,65,13,5
Opening,mean,M:R@GCC,M:R,GCC,0.7293885294444444,0.0804343302504227,120,23,5
Opening,sd,M:R@GCC,M:R,GCC,3.2032351412722875,,120,23,5
Opening,mean,M:R@GCG,M:R,GCG,0.43995348622222225,0.09376965305598169,75,15,5
Opening,sd,M:R@GCG,M:R,GCG,3.53128380717213,,75,15,5
Opening,mean,M:R@GCT,M:R,GCT,0.9408020266666666,0.15532805997011798,80,16,5
Opening,sd,M:R@GCT,M:R,GCT,3.396594535009797,,80,16,5
Opening,mean,M:R@GGA,M:R,GGA,0.5817568914285713,0.1102260640509055,105,21,5
Opening,sd,M:R@GGA,M:R,GGA,3.4437842430495627,,105,21,5
Opening,mean,M:R@GGC,M:R,GGC,0.3182226423809523,0.04305684175476699,140,28,5
Opening,sd,M:R@GGC,M:R,GGC,3.422017060050771,,140,28,5
Opening,mean,M:R@GGG,M:R,GGG,0.4073859251282051,0.08704781316028147,65,13,5
Opening,sd,M:R@GGG,M:R,GGG,3.2726035564667235,,65,13,5
Opening,mean,M:R@GGT,M:R,GGT,0.49117826761904776,0.09017491668945442,70,14,5
Opening,sd,M:R@GGT,M:R,GGT,3.355488824849865,,70,14,5
Opening,mean,M:R@GTA,M:R,GTA,-0.2240477263157895,0.25274607367395485,95,18,5
Opening,sd,M:R@GTA,M:R,GTA,5.3161861021302705,,95,18,5
Opening,mean,M:R@GTC,M:R,GTC,0.7166641701960784,0.21212815822755,85,16,5
Opening,sd,M:R@GTC,M:R,GTC,4.946790082898155,,85,16,5
Opening,mean,M:R@GTG,M:R,GTG,-0.24325538666666668,0.17295231552130635,90,18,5
Opening,sd,M:R@GTG,M:R,GTG,5.181507646170079,,90,18,5
Opening,mean,M:R@GTT,M:R,GTT,-0.08722684140350874,0.171912804887135,95,19,5
Opening,sd,M:R@GTT,M:R,GTT,4.800241480241191,,95,19,5
Opening,mean,M:R@TAA,M:R,TAA,0.5578321490909092,0.22538985160494243,55,11,5
Opening,sd,M:R@TAA,M:R,TAA,5.153532362396061,,55,11,5
Opening,mean,M:R@TAC,M:R,TAC,2.038328147619048,0.23070519862474292,84,17,5
Opening,sd,M:R@TAC,M:R,TAC,5.555708894554972,,84,17,5
Opening,mean,M:R@TAG,M:R,TAG,0.7278139121212124,0.1426295607114866,110,21,5
Opening,sd,M:R@TAG,M:R,TAG,5.273443070168812,,110,21,5
Opening,mean,M:R@TAT,M:R,TAT,1.3946645775438595,0.15229324527786603,95,19,5
Opening,sd,M:R@TAT,M:R,TAT,5.361646844267712,,95,19,5
Opening,mean,M:R@TCA,M:R,TCA,1.57615914877193,0.2122229505116425,95,18,5
Opening,sd,M:R@TCA,M:R,TCA,3.6536966445641226,,95,18,5
Opening,mean,M:R@TCC,M:R,TCC,1.2768567098039214,0.13029319763638558,85,17,5
Opening,sd,M:R@TCC,M:R,TCC,3.2864762898085353,,85,17,5
Opening,mean,M:R@TCG,M:R,TCG,0.9050092311111112,0.12845976813840113,90,17,5
Opening,sd,M:R@TCG,M:R,TCG,3.6977182323477797,,90,17,5
Opening,mean,M:R@TCT,M:R,TCT,1.348270137222222,0.11822428535472851,120,23,5
Opening,sd,M:R@TCT,M:R,TCT,3.490517943564407,,120,23,5
Opening,mean,M:R@TGA,M:R,TGA,-0.19481508784313725,0.05402350859524264,85,17,5
Opening,sd,M:R@TGA,M:R,TGA,3.497105894237131,,85,17,5
Opening,mean,M:R@TGC,M:R,TGC,0.09335718974358972,0.0708401504196766,65,13,5
Opening,sd,M:R@TGC,M:R,TGC,3.558238716100425,,65,13,5
Opening,mean,M:R@TGG,M:R,TGG,-0.10518609855072465,0.07412726195907532,115,23,5
Opening,sd,M:R@TGG,M:R,TGG,3.3768137686110857,,115,23,5
Opening,mean,M:R@TGT,M:R,TGT,0.08001096518518519,0.0600524008078712,90,18,5
Opening,sd,M:R@TGT,M:R,TGT,3.40167057985694,,90,18,5
Opening,mean,M:R@TTA,M:R,TTA,-0.7448553180952382,0.19118888927006839,70,14,5
Opening,sd,M:R@TTA,M:R,TTA,4.896224755843363,,70,14,5
Opening,mean,M:R@TTC,M:R,TTC,0.7101861298550723,0.10230427842791463,115,22,5
Opening,sd,M:R@TTC,M:R,TTC,4.748046302252544,,115,22,5
Opening,mean,M:R@TTG,M:R,TTG,-0.6728808284444444,0.18890512821078798,75,15,5
Opening,sd,M:R@TTG,M:R,TTG,4.904905020430687,,75,15,5
Opening,mean,M:R@TTT,M:R,TTT,0.2690002848484848,0.24791081040590454,55,11,5
Opening,sd,M:R@TTT,M:R,TTT,4.726046728751252,,55,11,5
Opening,mean,R:R@AAA,R:R,AAA,0.23047530256410254,0.2487353478460328,39,8,5
Opening,sd,R:R@AAA,R:R,AAA,5.612762643715806,,39,8,5
Opening,mean,R:R@AAC,R:R,AAC,1.0938881813333332,0.24554027536541997,50,10,5
Opening,sd,R:R@AAC,R:R,AAC,6.069661181833235,,50,10,5
Opening,mean,R:R@AAG,R:R,AAG,0.9905042555555555,0.16145998298092476,24,5,5
Opening,sd,R:R@AAG,R:R,AAG,5.72461161163216,,24,5,5
Opening,mean,R:R@AAT,R:R,AAT,1.4786311345454544,0.17343337798333983,55,11,5
Opening,sd,R:R@AAT,R:R,AAT,6.214585041880606,,55,11,5
Opening,mean,R:R@ACA,R:R,ACA,-0.35655307333333336,0.050452766625330034,60,12,5
Opening,sd,R:R@ACA,R:R,ACA,3.5314335434601682,,60,12,5
Opening,mean,R:R@ACC,R:R,ACC,0.28577352484848484,0.06148356009699911,55,11,5
Opening,sd,R:R@ACC,R:R,ACC,3.54964865258359,,55,11,5
Opening,mean,R:R@ACG,R:R,ACG,0.1694255276190476,0.10309869176803016,35,7,5
Opening,sd,R:R@ACG,R:R,ACG,4.12064728275641,,35,7,5
Opening,mean,R:R@ACT,R:R,ACT,0.29491513999999996,0.057504734061721755,40,7,5
Opening,sd,R:R@ACT,R:R,ACT,3.5626853375074736,,40,7,5
Opening,mean,R:R@AGA,R:R,AGA,-0.18826366285714288,0.12010391118090119,35,7,5
Opening,sd,R:R@AGA,R:R,AGA,3.4235379021243295,,35,7,5
Opening,mean,R:R@AGC,R:R,AGC,-0.1681003858333333,0.05009926344523267,80,15,5
Opening,sd,R:R@AGC,R:R,AGC,3.33086870172436,,80,15,5
Opening,mean,R:R@AGG,R:R,AGG,-0.0891940844444444,0.1537594491672171,15,3,5
Opening,sd,R:R@AGG,R:R,AGG,3.4424174666698732,,15,3,5
Opening,mean,R:R@AGT,R:R,AGT,0.39375545000000006,0.10728918594015717,60,12,5
Opening,sd,R:R@AGT,R:R,AGT,3.711322113568519,,60,12,5
Opening,mean,R:R@ATA,R:R,ATA,0.5048341377777777,0.15447892448171013,45,8,5
Opening,sd,R:R@ATA,R:R,ATA,5.9236329364359674,,45,8,5
Opening,mean,R:R@ATC,R:R,ATC,2.1837001641025644,0.13174351343159807,65,13,5
Opening,sd,R:R@ATC,R:R,ATC,6.160927503963325,,65,13,5
Opening,mean,R:R@ATG,R:R,ATG,1.9042308342857142,0.23335923997237834,35,7,5
Opening,sd,R:R@ATG,R:R,ATG,6.355543911316133,,35,7,5
Opening,mean,R:R@ATT,R:R,ATT,1.4703713314285711,0.23380476127887684,35,7,5
Opening,sd,R:R@ATT,R:R,ATT,6.272851011057173,,35,7,5
Opening,mean,R:R@CAA,R:R,CAA,-0.06586437000000002,0.17807670970026493,40,8,5
Opening,sd,R:R@CAA,R:R,CAA,5.784224556854147,,40,8,5
Opening,mean,R:R@CAC,R:R,CAC,2.188892794557823,0.16456268307962899,49,10,5
Opening,sd,R:R@CAC,R:R,CAC,6.418600331338328,,49,10,5
Opening,mean,R:R@CAG,R:R,CAG,1.2356922625641027,0.16333748472226914,65,13,5
Opening,sd,R:R@CAG,R:R,CAG,6.175707591386398,,65,13,5
Opening,mean,R:R@CAT,R:R,CAT,2.0162061766666666,0.2441110849028509,20,3,5
Opening,sd,R:R@CAT,R:R,CAT,6.3788779673454945,,20,3,5
Opening,mean,R:R@CCA,R:R,CCA,-0.5731848143589744,0.04734385687326833,65,13,5
Opening,sd,R:R@CCA,R:R,CCA,3.2619543470733854,,65,13,5
Opening,mean,R:R@CCC,R:R,CCC,-0.2084660044444444,0.11908002741480576,15,3,5
Opening,sd,R:R@CCC,R:R,CCC,3.1994181396581416,,15,3,5
Opening,mean,R:R@CCG,R:R,CCG,-0.3821035573333333,0.08890789046273898,50,10,5
Opening,sd,R:R@CCG,R:R,CCG,3.926111284119873,,50,10,5
Opening,mean,R:R@CCT,R:R,CCT,-0.09200171333333333,0.06585315006985959,40,8,5
Opening,sd,R:R@CCT,R:R,CCT,3.301038549771861,,40,8,5
Opening,mean,R:R@CGA,R:R,CGA,-0.5284915050000001,0.06685614222275117,40,8,5
Opening,sd,R:R@CGA,R:R,CGA,3.6123172337166283,,40,8,5
Opening,mean,R:R@CGC,R:R,CGC,-0.32562357599999997,0.08823236646317763,25,5,5
Opening,sd,R:R@CGC,R:R,CGC,3.5228124642420227,,25,5,5
Opening,mean,R:R@CGG,R:R,CGG,-0.4020719506666666,0.07423840824155024,50,10,5
Opening,sd,R:R@CGG,R:R,CGG,3.7555150567834614,,50,10,5
Opening,mean,R:R@CGT,R:R,CGT,0.24771470222222222,0.08855973597005083,60,12,5
Opening,sd,R:R@CGT,R:R,CGT,4.087317077599416,,60,12,5
Opening,mean,R:R@CTA,R:R,CTA,0.593614223030303,0.16158229840067445,55,11,5
Opening,sd,R:R@CTA,R:R,CTA,5.566738613879958,,55,11,5
Opening,mean,R:R@CTC,R:R,CTC,1.4055678266666667,0.20924469556036296,20,4,5
Opening,sd,R:R@CTC,R:R,CTC,5.803073389647525,,20,4,5
Opening,mean,R:R@CTG,R:R,CTG,1.2771235914529917,0.192836778112677,39,8,5
Opening,sd,R:R@CTG,R:R,CTG,6.194509625143586,,39,8,5
Opening,mean,R:R@CTT,R:R,CTT,0.5433713057142856,0.11389857635037716,70,14,5
Opening,sd,R:R@CTT,R:R,CTT,5.735826347547977,,70,14,5
Opening,mean,R:R@GAA,R:R,GAA,0.42263853047619043,0.20260489755410424,70,14,5
Opening,sd,R:R@GAA,R:R,GAA,5.641610222222127,,70,14,5
Opening,mean,R:R@GAC,R:R,GAC,1.5536001439999998,0.08610187797822746,50,9,5
Opening,sd,R:R@GAC,R:R,GAC,6.027184379321351,,50,9,5
Opening,mean,R:R@GAG,R:R,GAG,1.3844295422222221,0.1275494038459528,30,6,5
Opening,sd,R:R@GAG,R:R,GAG,5.700580666215095,,30,6,5
Opening,mean,R:R@GAT,R:R,GAT,1.6814060000000002,0.2404721277566889,45,9,5
Opening,sd,R:R@GAT,R:R,GAT,6.070172507750253,,45,9,5
Opening,mean,R:R@GCA,R:R,GCA,-0.6160608533333333,0.051951399714828456,20,4,5
Opening,sd,R:R@GCA,R:R,GCA,3.211686781651418,,20,4,5
Opening,mean,R:R@GCC,R:R,GCC,-0.11639118111111109,0.0430526464415985,60,12,5
Opening,sd,R:R@GCC,R:R,GCC,3.2255785529816103,,60,12,5
Opening,mean,R:R@GCG,R:R,GCG,-0.3474325439999999,0.05898307510480657,50,10,5
Opening,sd,R:R@GCG,R:R,GCG,3.487401937600261,,50,10,5
Opening,mean,R:R@GCT,R:R,GCT,-0.17276218666666665,0.05891417304052396,45,9,5
Opening,sd,R:R@GCT,R:R,GCT,3.3222864066295297,,45,9,5
Opening,mean,R:R@GGA,R:R,GGA,-0.25763999393939396,0.0586488146001215,55,11,5
Opening,sd,R:R@GGA,R:R,GGA,3.301644185502612,,55,11,5
Opening,mean,R:R@GGC,R:R,GGC,-0.20476882974358976,0.06160528539131838,65,13,5
Opening,sd,R:R@GGC,R:R,GGC,3.2048304718965728,,65,13,5
Opening,mean,R:R@GGG,R:R,GGG,-0.1322286476190476,0.06679634926787607,35,7,5
Opening,sd,R:R@GGG,R:R,GGG,3.3355272834740215,,35,7,5
Opening,mean,R:R@GGT,R:R,GGT,0.420228331111111,0.031684967068055736,30,6,5
Opening,sd,R:R@GGT,R:R,GGT,3.4529094617659863,,30,6,5
Opening,mean,R:R@GTA,R:R,GTA,1.1203467904761903,0.22223078484125838,35,7,5
Opening,sd,R:R@GTA,R:R,GTA,6.095121930266082,,35,7,5
Opening,mean,R:R@GTC,R:R,GTC,1.7257328244444443,0.12131196785464896,30,5,5
Opening,sd,R:R@GTC,R:R,GTC,6.118653200085714,,30,5,5
Opening,mean,R:R@GTG,R:R,GTG,1.8367019213333333,0.11112565125741489,50,10,5
Opening,sd,R:R@GTG,R:R,GTG,6.3968110229196125,,50,10,5
Opening,mean,R:R@GTT,R:R,GTT,0.9651837133333333,0.17934069078442724,50,10,5
Opening,sd,R:R@GTT,R:R,GTT,5.968797338692109,,50,10,5
Opening,mean,R:R@TAA,R:R,TAA,-0.5275261166666667,0.2703705331327214,20,4,5
Opening,sd,R:R@TAA,R:R,TAA,5.432194639025582,,20,4,5
Opening,mean,R:R@TAC,R:R,TAC,1.1276046977777778,0.15383261748026575,45,9,5
Opening,sd,R:R@TAC,R:R,TAC,5.97492421788232,,45,9,5
Opening,mean,R:R@TAG,R:R,TAG,0.3634621128205128,0.14417793429937367,65,12,5
Opening,sd,R:R@TAG,R:R,TAG,5.5815293814064955,,65,12,5
Opening,mean,R:R@TAT,R:R,TAT,0.8371823951515152,0.13471559033759842,55,11,5
Opening,sd,R:R@TAT,R:R,TAT,5.970659960224905,,55,11,5
Opening,mean,R:R@TCA,R:R,TCA,-0.6156655577777777,0.12931515640989943,30,6,5
Opening,sd,R:R@TCA,R:R,TCA,3.6097939676315502,,30,6,5
Opening,mean,R:R@TCC,R:R,TCC,-0.26943311999999997,0.05455989730779288,45,9,5
Opening,sd,R:R@TCC,R:R,TCC,3.2953138213755557,,45,9,5
Opening,mean,R:R@TCG,R:R,TCG,-0.4778305666666667,0.14133446687912857,50,10,5
Opening,sd,R:R@TCG,R:R,TCG,3.8175726813969937,,50,10,5
Opening,mean,R:R@TCT,R:R,TCT,-0.1951492566666667,0.07475432704185454,60,11,5
Opening,sd,R:R@TCT,R:R,TCT,3.424682757640338,,60,11,5
Opening,mean,R:R@TGA,R:R,TGA,-0.6758209599999999,0.08075491716482938,40,8,5
Opening,sd,R:R@TGA,R:R,TGA,3.4492867968760286,,40,8,5
Opening,mean,R:R@TGC,R:R,TGC,-0.4648881155555556,0.04054171730683179,30,6,5
Opening,sd,R:R@TGC,R:R,TGC,3.2486272500634428,,30,6,5
Opening,mean,R:R@TGG,R:R,TGG,-0.6186805810810809,0.042135755241152886,74,15,5
Opening,sd,R:R@TGG,R:R,TGG,3.3310403650882066,,74,15,5
Opening,mean,R:R@TGT,R:R,TGT,-0.29394051809523797,0.08119360236624976,35,7,5
Opening,sd,R:R@TGT,R:R,TGT,3.4130931077254316,,35,7,5
Opening,mean,R:R@TTA,R:R,TTA,-0.33910275259259254,0.23884557115880378,45,9,5
Opening,sd,R:R@TTA,R:R,TTA,5.554395220479012,,45,9,5
Opening,mean,R:R@TTC,R:R,TTC,0.7024055401129943,0.2416566277535405,59,11,5
Opening,sd,R:R@TTC,R:R,TTC,5.613771203096012,,59,11,5
Opening,mean,R:R@TTG,R:R,TTG,0.35828672296296293,0.1455540346187625,45,9,5
Opening,sd,R:R@TTG,R:R,TTG,5.843860025460386,,45,9,5
Opening,mean,R:R@TTT,R:R,TTT,0.27948721600000004,0.3336880713417609,25,5,5
Opening,sd,R:R@TTT,R:R,TTT,5.68047966484514,,25,5,5
Propeller,mean,D:R@AAA,D:R,AAA,-10.570018535833333,0.6289820777985294,80,16,5
Propeller,sd,D:R@AAA,D:R,AAA,8.806517007660954,,80,16,5
Propeller,mean,D:R@AAC,D:R,AAC,-8.003575337106916,0.7814239154685024,159,32,5
Propeller,sd,D:R@AAC,D:R,AAC,9.449472797870259,,159,32,5
Propeller,mean,D:R@AAG,D:R,AAG,-10.857024364666666,0.7705398438149843,100,20,5
Propeller,sd,D:R@AAG,D:R,AAG,9.027097520219092,,100,20,5
Propeller,mean,D:R@AAT,D:R,AAT,-11.330089826086956,0.5676747398895838,115,23,5
Propeller,sd,D:R@AAT,D:R,AAT,8.987014273208993,,115,23,5
Propeller,mean,D:R@ACA,D:R,ACA,-14.674120113701433,0.8011109314365368,163,32,5
Propeller,sd,D:R@ACA,D:R,ACA,9.072056660637665,,163,32,5
Propeller,mean,D:R@ACC,D:R,ACC,-8.64128582047619,0.5473864626931049,140,27,5
Propeller,sd,D:R@ACC,D:R,ACC,8.756348448227747,,140,27,5
Propeller,mean,D:R@ACG,D:R,ACG,-13.85655183678161,1.0327147770818914,145,29,5
Propeller,sd,D:R@ACG,D:R,ACG,9.4395174153852,,145,29,5
Propeller,mean,D:R@ACT,D:R,ACT,-10.784468461010102,0.6288976145357161,165,31,5
Propeller,sd,D:R@ACT,D:R,ACT,8.363798695200181,,165,31,5
Propeller,mean,D:R@AGA,D:R,AGA,-9.314362777254901,0.5682524056751926,85,17,5
Propeller,sd,D:R@AGA,D:R,AGA,8.650409165999685,,85,17,5
Propeller,mean,D:R@AGC,D:R,AGC,-6.007717228,0.49364797613949196,150,29,5
Propeller,sd,D:R@AGC,D:R,AGC,8.485516329313842,,150,29,5
Propeller,mean,D:R@AGG,D:R,AGG,-7.301477573333334,0.3013563082507231,80,16,5
Propeller,sd,D:R@AGG,D:R,AGG,8.44921938691823,,80,16,5
Propeller,mean,D:R@AGT,D:R,AGT,-7.147428276363636,0.7328776230957333,165,33,5
Propeller,sd,D:R@AGT,D:R,AGT,8.98280436205472,,165,33,5
Propeller,mean,D:R@ATA,D:R,ATA,-14.90908474,0.9673625946035702,110,21,5
Propeller,sd,D:R@ATA,D:R,ATA,8.917625844425656,,110,21,5
Propeller,mean,D:R@ATC,D:R,ATC,-9.743331772313297,0.6739895274598103,183,37,5
Propeller,sd,D:R@ATC,D:R,ATC,8.566387883971446,,183,37,5
Propeller,mean,D:R@ATG,D:R,ATG,-15.001512546794869,0.5960644765643254,104,21,5
Propeller,sd,D:R@ATG,D:R,ATG,8.525837148176718,,104,21,5
Propeller,mean,D:R@ATT,D:R,ATT,-11.779548625454545,0.6581304044000746,110,22,5
Propeller,sd,D:R@ATT,D:R,ATT,8.216422079858658,,110,22,5
Propeller,mean,D:R@CAA,D:R,CAA,-7.349348350933335,0.49336476919346783,125,25,5
Propeller,sd,D:R@CAA,D:R,CAA,8.529880988904539,,125,25,5
Propeller,mean,D:R@CAC,D:R,CAC,-4.692202422818792,0.4986509248549953,149,30,5
Propeller,sd,D:R@CAC,D:R,CAC,8.737132955296852,,149,30,5
Propeller,mean,D:R@CAG,D:R,CAG,-7.656639918279568,0.36144582864240493,155,31,5
Propeller,sd,D:R@CAG,D:R,CAG,8.681178987907519,,155,31,5
Propeller,mean,D:R@CAT,D:R,CAT,-7.994473260952382,0.380464418686512,105,20,5
Propeller,sd,D:R@CAT,D:R,CAT,8.577601185715755,,105,20,5
Propeller,mean,D:R@CCA,D:R,CCA,-12.859818348523206,0.8573541259215829,158,32,5
Propeller,sd,D:R@CCA,D:R,CCA,8.933247805360685,,158,32,5
Propeller,mean,D:R@CCC,D:R,CCC,-5.954004598888889,0.8765157239660628,60,12,5
Propeller,sd,D:R@CCC,D:R,CCC,7.7117819560159395,,60,12,5
Propeller,mean,D:R@CCG,D:R,CCG,-10.949536594747475,0.6452615876924381,165,33,5
Propeller,sd,D:R@CCG,D:R,CCG,8.765398106532476,,165,33,5
Propeller,mean,D:R@CCT,D:R,CCT,-8.079736903466666,0.5338593785428086,125,25,5
Propeller,sd,D:R@CCT,D:R,CCT,7.706718947918333,,125,25,5
Propeller,mean,D:R@CGA,D:R,CGA,-7.4905471172222216,0.3559883609073138,120,24,5
Propeller,sd,D:R@CGA,D:R,CGA,8.853715320091874,,120,24,5
Propeller,mean,D:R@CGC,D:R,CGC,-3.073859555555556,0.5620483733509872,120,24,5
Propeller,sd,D:R@CGC,D:R,CGC,8.598189021268967,,120,24,5
Propeller,mean,D:R@CGG,D:R,CGG,-4.560567230980392,0.3534921034264164,170,34,5
Propeller,sd,D:R@CGG,D:R,CGG,8.320023972816424,,170,34,5
Propeller,mean,D:R@CGT,D:R,CGT,-5.277982197714286,0.5586402308675374,175,33,5
Propeller,sd,D:R@CGT,D:R,CGT,9.143556960815712,,175,33,5
Propeller,mean,D:R@CTA,D:R,CTA,-13.999120337283951,0.6625110871334351,135,27,5
Propeller,sd,D:R@CTA,D:R,CTA,8.79302805535847,,135,27,5
Propeller,mean,D:R@CTC,D:R,CTC,-8.78984676716418,0.6487804768414489,134,27,5
Propeller,sd,D:R@CTC,D:R,CTC,8.283240069238158,,134,27,5
Propeller,mean,D:R@CTG,D:R,CTG,-11.24255134676259,0.5969961523962108,139,28,5
Propeller,sd,D:R@CTG,D:R,CTG,8.303734157457999,,139,28,5
Propeller,mean,D:R@CTT,D:R,CTT,-10.811227118699188,0.4145651832868408,205,40,5
Propeller,sd,D:R@CTT,D:R,CTT,8.099316426857122,,205,40,5
Propeller,mean,D:R@GAA,D:R,GAA,-10.276523652777778,0.3998741793791388,144,29,5
Propeller,sd,D:R@GAA,D:R,GAA,8.645440639137593,,144,29,5
Propeller,mean,D:R@GAC,D:R,GAC,-7.6613610749999985,0.7326494827128497,144,28,5
Propeller,sd,D:R@GAC,D:R,GAC,8.889546781101705,,144,28,5
Propeller,mean,D:R@GAG,D:R,GAG,-10.889543119111112,0.7449964905632881,75,15,5
Propeller,sd,D:R@GAG,D:R,GAG,8.948564320074984,,75,15,5
Propeller,mean,D:R@GAT,D:R,GAT,-9.696037077948718,0.7461603686592179,130,26,5
Propeller,sd,D:R@GAT,D:R,GAT,8.758817854078982,,130,26,5
Propeller,mean,D:R@GCA,D:R,GCA,-10.870158871999998,0.7256830127361974,100,20,5
Propeller,sd,D:R@GCA,D:R,GCA,8.20472435236069,,100,20,5
Propeller,mean,D:R@GCC,D:R,GCC,-7.501189848333334,0.69016705826439,160,32,5
Propeller,sd,D:R@GCC,D:R,GCC,8.086010633572347,,160,32,5
Propeller,mean,D:R@GCG,D:R,GCG,-12.716226299199999,0.7919349889447961,125,24,5
Propeller,sd,D:R@GCG,D:R,GCG,8.65607167156072,,125,24,5
Propeller,mean,D:R@GCT,D:R,GCT,-8.825890432098767,0.5323604228391041,135,27,5
Propeller,sd,D:R@GCT,D:R,GCT,7.7008710890357515,,135,27,5
Propeller,mean,D:R@GGA,D:R,GGA,-8.765434172929293,0.41514854586358785,165,33,5
Propeller,sd,D:R@GGA,D:R,GGA,8.421070244283083,,165,33,5
Propeller,mean,D:R@GGC,D:R,GGC,-5.210742750833334,0.44100099518193725,160,30,5
Propeller,sd,D:R@GGC,D:R,GGC,8.339950779542605,,160,30,5
Propeller,mean,D:R@GGG,D:R,GGG,-7.414780334358975,0.3969484785120291,65,13,5
Propeller,sd,D:R@GGG,D:R,GGG,8.233872049281167,,65,13,5
Propeller,mean,D:R@GGT,D:R,GGT,-7.126909688172042,0.6563609405612808,124,25,5
Propeller,sd,D:R@GGT,D:R,GGT,8.739744824886307,,124,25,5
Propeller,mean,D:R@GTA,D:R,GTA,-11.858656719489982,0.46627099592407395,183,37,5
Propeller,sd,D:R@GTA,D:R,GTA,8.719094788406174,,183,37,5
Propeller,mean,D:R@GTC,D:R,GTC,-7.026289694235588,0.5813030955172523,133,26,5
Propeller,sd,D:R@GTC,D:R,GTC,8.393777391570323,,133,26,5
Propeller,mean,D:R@GTG,D:R,GTG,-11.871880910215054,0.659587631492356,124,24,5
Propeller,sd,D:R@GTG,D:R,GTG,8.458983075785175,,124,24,5
Propeller,mean,D:R@GTT,D:R,GTT,-8.4860362288,0.7288323696122112,125,25,5
Propeller,sd,D:R@GTT,D:R,GTT,8.401957041089542,,125,25,5
Propeller,mean,D:R@TAA,D:R,TAA,-9.86192248952381,0.22864936474845088,105,21,5
Propeller,sd,D:R@TAA,D:R,TAA,8.62232856729575,,105,21,5
Propeller,mean,D:R@TAC,D:R,TAC,-6.949890293089433,0.48067468775528005,164,33,5
Propeller,sd,D:R@TAC,D:R,TAC,8.997284202297724,,164,33,5
Propeller,mean,D:R@TAG,D:R,TAG,-10.031115872643678,0.5090909377384781,145,28,5
Propeller,sd,D:R@TAG,D:R,TAG,8.819569559863668,,145,28,5
Propeller,mean,D:R@TAT,D:R,TAT,-9.994590249032258,0.4026985999569096,155,30,5
Propeller,sd,D:R@TAT,D:R,TAT,8.945928037822245,,155,30,5
Propeller,mean,D:R@TCA,D:R,TCA,-16.44038066848485,0.6661494151327869,110,22,5
Propeller,sd,D:R@TCA,D:R,TCA,8.17894656382578,,110,22,5
Propeller,mean,D:R@TCC,D:R,TCC,-9.069510577204301,0.6228613074375591,155,31,5
Propeller,sd,D:R@TCC,D:R,TCC,7.95553253603588,,155,31,5
Propeller,mean,D:R@TCG,D:R,TCG,-16.231937661666667,0.6887039526890021,160,32,5
Propeller,sd,D:R@TCG,D:R,TCG,8.432932206501675,,160,32,5
Propeller,mean,D:R@TCT,D:R,TCT,-12.03152087157895,0.5865694513242934,190,35,5
Propeller,sd,D:R@TCT,D:R,TCT,7.765509078607884,,190,35,5
Propeller,mean,D:R@TGA,D:R,TGA,-8.075771854,0.4840539429865235,100,20,5
Propeller,sd,D:R@TGA,D:R,TGA,8.84629541348405,,100,20,5
Propeller,mean,D:R@TGC,D:R,TGC,-4.298871415652174,0.49271952247485623,115,22,5
Propeller,sd,D:R@TGC,D:R,TGC,8.601118610214709,,115,22,5
Propeller,mean,D:R@TGG,D:R,TGG,-5.474547129473684,0.2891111971914386,190,36,5
Propeller,sd,D:R@TGG,D:R,TGG,8.358031672223943,,190,36,5
Propeller,mean,D:R@TGT,D:R,TGT,-7.2424734272,0.3870516423233803,125,25,5
Propeller,sd,D:R@TGT,D:R,TGT,9.238724306621705,,125,25,5
Propeller,mean,D:R@TTA,D:R,TTA,-13.163167557711445,0.6877876753132126,134,27,5
Propeller,sd,D:R@TTA,D:R,TTA,8.466839332233805,,134,27,5
Propeller,mean,D:R@TTC,D:R,TTC,-10.543850717777778,0.37167214648170727,150,29,5
Propeller,sd,D:R@TTC,D:R,TTC,8.011585101812054,,150,29,5
Propeller,mean,D:R@TTG,D:R,TTG,-12.477784116444445,0.5447486009520452,150,30,5
Propeller,sd,D:R@TTG,D:R,TTG,8.076364120997052,,150,30,5
Propeller,mean,D:R@TTT,D:R,TTT,-9.851809277647057,0.862200169080936,85,17,5
Propeller,sd,D:R@TTT,D:R,TTT,8.000015604432516,,85,17,5
Propeller,mean,E:R@AAA,E:R,AAA,-8.352515736190478,0.3648788132822984,70,13,5
Propeller,sd,E:R@AAA,E:R,AAA,7.946016628110892,,70,13,5
Propeller,mean,E:R@AAC,E:R,AAC,-7.69620747137255,0.34164190750674267,85,17,5
Propeller,sd,E:R@AAC,E:R,AAC,7.893498525272683,,85,17,5
Propeller,mean,E:R@AAG,E:R,AAG,-8.152917428235295,0.5901509173237999,85,17,5
Propeller,sd,E:R@AAG,E:R,AAG,8.046871023370853,,85,17,5
Propeller,mean,E:R@AAT,E:R,AAT,-10.192051712592592,0.3441427314163486,90,18,5
Propeller,sd,E:R@AAT,E:R,AAT,8.351124628414423,,90,18,5
Propeller,mean,E:R@ACA,E:R,ACA,-7.9449443530434785,0.3449085641306695,115,23,5
Propeller,sd,E:R@ACA,E:R,ACA,7.739216014287914,,115,23,5
Propeller,mean,E:R@ACC,E:R,ACC,-6.698779536140351,0.6319426607942993,95,19,5
Propeller,sd,E:R@ACC,E:R,ACC,6.938656998347196,,95,19,5
Propeller,mean,E:R@ACG,E:R,ACG,-6.919985995238094,0.9748330938004649,70,14,5
Propeller,sd,E:R@ACG,E:R,ACG,7.766019578592659,,70,14,5
Propeller,mean,E:R@ACT,E:R,ACT,-6.661620287536232,0.471757555274835,115,22,5
Propeller,sd,E:R@ACT,E:R,ACT,7.228600565490354,,115,22,5
Propeller,mean,E:R@AGA,E:R,AGA,-9.35697532,0.31398557747920003,80,16,5
Propeller,sd,E:R@AGA,E:R,AGA,7.875494456547438,,80,16,5
Propeller,mean,E:R@AGC,E:R,AGC,-7.520907739770116,0.2873977055692881,145,28,5
Propeller,sd,E:R@AGC,E:R,AGC,7.8956820121840225,,145,28,5
Propeller,mean,E:R@AGG,E:R,AGG,-8.741188605128206,0.4001647988852008,65,13,5
Propeller,sd,E:R@AGG,E:R,AGG,7.459984621107575,,65,13,5
Propeller,mean,E:R@AGT,E:R,AGT,-7.942924731014493,0.151124591479729,115,23,5
Propeller,sd,E:R@AGT,E:R,AGT,8.122951119564513,,115,23,5
Propeller,mean,E:R@ATA,E:R,ATA,-9.7651572,0.7480030907946728,99,19,5
Propeller,sd,E:R@ATA,E:R,ATA,7.754561162222158,,99,19,5
Propeller,mean,E:R@ATC,E:R,ATC,-7.772924837647058,0.5119867383998439,85,17,5
Propeller,sd,E:R@ATC,E:R,ATC,7.306703494584358,,85,17,5
Propeller,mean,E:R@ATG,E:R,ATG,-8.84171720462963,0.9537528881274947,72,15,5
Propeller,sd,E:R@ATG,E:R,ATG,7.79913944173197,,72,15,5
Propeller,mean,E:R@ATT,E:R,ATT,-10.034027331666667,0.45599973042823555,80,16,5
Propeller,sd,E:R@ATT,E:R,ATT,7.396289244057607,,80,16,5
Propeller,mean,E:R@CAA,E:R,CAA,-7.721473112156863,0.2756123939406465,85,17,5
Propeller,sd,E:R@CAA,E:R,CAA,8.262817411002242,,85,17,5
Propeller,mean,E:R@CAC,E:R,CAC,-4.680643800701754,0.46270917939875933,95,18,5
Propeller,sd,E:R@CAC,E:R,CAC,8.131287952865813,,95,18,5
Propeller,mean,E:R@CAG,E:R,CAG,-7.299513000537634,0.2039995385487462,124,25,5
Propeller,sd,E:R@CAG,E:R,CAG,8.23510882351513,,124,25,5
Propeller,mean,E:R@CAT,E:R,CAT,-7.459578454358974,0.5892427250818303,65,12,5
Propeller,sd,E:R@CAT,E:R,CAT,8.79013134921449,,65,12,5
Propeller,mean,E:R@CCA,E:R,CCA,-10.529710658666666,0.3612805393377441,125,25,5
Propeller,sd,E:R@CCA,E:R,CCA,7.4449269436136225,,125,25,5
Propeller,mean,E:R@CCC,E:R,CCC,-8.030473942857144,0.5436750365992841,35,7,5
Propeller,sd,E:R@CCC,E:R,CCC,6.808063559583191,,35,7,5
Propeller,mean,E:R@CCG,E:R,CCG,-8.387819925333334,0.3725323798270179,100,20,5
Propeller,sd,E:R@CCG,E:R,CCG,7.34726248917529,,100,20,5
Propeller,mean,E:R@CCT,E:R,CCT,-8.774134746666666,0.3580953728459978,75,15,5
Propeller,sd,E:R@CCT,E:R,CCT,6.930792865774921,,75,15,5
Propeller,mean,E:R@CGA,E:R,CGA,-6.542979703492063,0.4852717600178167,105,21,5
Propeller,sd,E:R@CGA,E:R,CGA,8.251095924278731,,105,21,5
Propeller,mean,E:R@CGC,E:R,CGC,-3.156682012444445,0.6675579656009372,75,14,5
Propeller,sd,E:R@CGC,E:R,CGC,8.383482411411917,,75,14,5
Propeller,mean,E:R@CGG,E:R,CGG,-4.98287555047619,0.38219840688939416,70,14,5
Propeller,sd,E:R@CGG,E:R,CGG,7.657928366123633,,70,14,5
Propeller,mean,E:R@CGT,E:R,CGT,-4.045228089824561,0.41732975127761096,95,19,5
Propeller,sd,E:R@CGT,E:R,CGT,8.15840231470537,,95,19,5
Propeller,mean,E:R@CTA,E:R,CTA,-10.793528789473683,0.5676230331761546,95,19,5
Propeller,sd,E:R@CTA,E:R,CTA,7.932364531607416,,95,19,5
Propeller,mean,E:R@CTC,E:R,CTC,-7.048358328888889,0.39312016137639144,60,12,5
Propeller,sd,E:R@CTC,E:R,CTC,7.620556846083373,,60,12,5
Propeller,mean,E:R@CTG,E:R,CTG,-9.92016372051282,0.722374082465856,104,21,5
Propeller,sd,E:R@CTG,E:R,CTG,7.828550918074644,,104,21,5
Propeller,mean,E:R@CTT,E:R,CTT,-8.76422719277778,0.26602904404492594,120,23,5
Propeller,sd,E:R@CTT,E:R,CTT,7.549189668586373,,120,23,5
Propeller,mean,E:R@GAA,E:R,GAA,-7.772828969470404,0.3318070962735235,107,22,5
Propeller,sd,E:R@GAA,E:R,GAA,8.024911428364318,,107,22,5
Propeller,mean,E:R@GAC,E:R,GAC,-7.04705968172043,0.2950769295228968,124,24,5
Propeller,sd,E:R@GAC,E:R,GAC,7.973536160898819,,124,24,5
Propeller,mean,E:R@GAG,E:R,GAG,-6.929046249999999,0.26162781868169294,80,16,5
Propeller,sd,E:R@GAG,E:R,GAG,8.07297359377086,,80,16,5
Propeller,mean,E:R@GAT,E:R,GAT,-8.530878982329316,0.4126268901670935,83,17,5
Propeller,sd,E:R@GAT,E:R,GAT,8.315726212741145,,83,17,5
Propeller,mean,E:R@GCA,E:R,GCA,-6.789122774222223,0.777606843567836,75,15,5
Propeller,sd,E:R@GCA,E:R,GCA,7.679746482169825,,75,15,5
Propeller,mean,E:R@GCC,E:R,GCC,-5.672678583333334,0.5141663668358876,120,24,5
Propeller,sd,E:R@GCC,E:R,GCC,6.835562353096855,,120,24,5
Propeller,mean,E:R@GCG,E:R,GCG,-6.664267281904762,0.5679026658862281,105,20,5
Propeller,sd,E:R@GCG,E:R,GCG,7.679708420901169,,105,20,5
Propeller,mean,E:R@GCT,E:R,GCT,-5.328410220350878,0.34849153013209694,95,19,5
Propeller,sd,E:R@GCT,E:R,GCT,7.043744972829747,,95,19,5
Propeller,mean,E:R@GGA,E:R,GGA,-8.647109552156863,0.3139277505863028,85,17,5
Propeller,sd,E:R@GGA,E:R,GGA,7.694145827455888,,85,17,5
Propeller,mean,E:R@GGC,E:R,GGC,-6.447416291199998,0.2754676503324502,125,25,5
Propeller,sd,E:R@GGC,E:R,GGC,7.874153796955623,,125,25,5
Propeller,mean,E:R@GGG,E:R,GGG,-8.02009194,0.43730487774669086,60,12,5
Propeller,sd,E:R@GGG,E:R,GGG,7.337670964576848,,60,12,5
Propeller,mean,E:R@GGT,E:R,GGT,-8.201555989090908,0.41883024949281344,55,11,5
Propeller,sd,E:R@GGT,E:R,GGT,7.901248346723926,,55,11,5
Propeller,mean,E:R@GTA,E:R,GTA,-7.436527188571428,0.7003552745154283,70,14,5
Propeller,sd,E:R@GTA,E:R,GTA,7.784949128815929,,70,14,5
Propeller,mean,E:R@GTC,E:R,GTC,-4.381089619999999,0.4096201867525205,70,12,5
Propeller,sd,E:R@GTC,E:R,GTC,7.16073986846033,,70,12,5
Propeller,mean,E:R@GTG,E:R,GTG,-5.097191804219409,0.7889884145578647,79,16,5
Propeller,sd,E:R@GTG,E:R,GTG,7.669154236292317,,79,16,5
Propeller,mean,E:R@GTT,E:R,GTT,-6.875642652631579,0.4677668567099711,95,19,5
Propeller,sd,E:R@GTT,E:R,GTT,7.159695538082143,,95,19,5
Propeller,mean,E:R@TAA,E:R,TAA,-7.722458004444444,0.5470633707605862,60,12,5
Propeller,sd,E:R@TAA,E:R,TAA,8.35869245443771,,60,12,5
Propeller,mean,E:R@TAC,E:R,TAC,-5.524526011683849,0.5528608665868359,97,19,5
Propeller,sd,E:R@TAC,E:R,TAC,8.354687504195837,,97,19,5
Propeller,mean,E:R@TAG,E:R,TAG,-7.557467514567902,0.33256414420183245,135,24,5
Propeller,sd,E:R@TAG,E:R,TAG,8.320121820964319,,135,24,5
Propeller,mean,E:R@TAT,E:R,TAT,-8.512149174736843,0.3517062896821589,95,19,5
Propeller,sd,E:R@TAT,E:R,TAT,8.568216564327441,,95,19,5
Propeller,mean,E:R@TCA,E:R,TCA,-13.424451710666666,1.2687318364721423,50,10,5
Propeller,sd,E:R@TCA,E:R,TCA,7.438784486239436,,50,10,5
Propeller,mean,E:R@TCC,E:R,TCC,-8.705557506666668,0.44504695205017264,85,17,5
Propeller,sd,E:R@TCC,E:R,TCC,6.950048512856747,,85,17,5
Propeller,mean,E:R@TCG,E:R,TCG,-9.89064982285714,0.4278539401511374,70,14,5
Propeller,sd,E:R@TCG,E:R,TCG,7.538182170516281,,70,14,5
Propeller,mean,E:R@TCT,E:R,TCT,-9.389185121599995,0.36269103266889674,125,24,5
Propeller,sd,E:R@TCT,E:R,TCT,7.186191074420456,,125,24,5
Propeller,mean,E:R@TGA,E:R,TGA,-7.696443781818183,0.45526869945808024,110,21,5
Propeller,sd,E:R@TGA,E:R,TGA,8.531810713803674,,110,21,5
Propeller,mean,E:R@TGC,E:R,TGC,-3.4172443199999996,0.7025839504298068,80,16,5
Propeller,sd,E:R@TGC,E:R,TGC,8.50117939356944,,80,16,5
Propeller,mean,E:R@TGG,E:R,TGG,-4.652437569824562,0.26782597572553524,95,19,5
Propeller,sd,E:R@TGG,E:R,TGG,7.799776374474733,,95,19,5
Propeller,mean,E:R@TGT,E:R,TGT,-4.69802632952381,0.7012379121284295,70,14,5
Propeller,sd,E:R@TGT,E:R,TGT,8.372817024122986,,70,14,5
Propeller,mean,E:R@TTA,E:R,TTA,-10.579979715151516,0.735219410277082,110,21,5
Propeller,sd,E:R@TTA,E:R,TTA,7.635258446191383,,110,21,5
Propeller,mean,E:R@TTC,E:R,TTC,-7.895220413968254,0.3531263552709091,105,20,5
Propeller,sd,E:R@TTC,E:R,TTC,7.432498981349914,,105,20,5
Propeller,mean,E:R@TTG,E:R,TTG,-9.040015795505619,0.543776590509188,89,18,5
Propeller,sd,E:R@TTG,E:R,TTG,7.7326309259293415,,89,18,5
Propeller,mean,E:R@TTT,E:R,TTT,-10.324171500740741,0.7540397883190019,45,8,5
Propeller,sd,E:R@TTT,E:R,TTT,7.604218783530722,,45,8,5
Propeller,mean,M:R@AAA,M:R,AAA,-8.547161976666667,1.434224835112513,60,12,5
Propeller,sd,M:R@AAA,M:R,AAA,8.328099194289093,,60,12,5
Propeller,mean,M:R@AAC,M:R,AAC,-2.8994680141176468,0.6898820768957329,85,17,5
Propeller,sd,M:R@AAC,M:R,AAC,8.24691394959006,,85,17,5
Propeller,mean,M:R@AAG,M:R,AAG,-7.862345533333334,0.953023963854592,65,13,5
Propeller,sd,M:R@AAG,M:R,AAG,8.463573633007357,,65,13,5
Propeller,mean,M:R@AAT,M:R,AAT,-7.1126060619607845,0.8124049448510684,85,17,5
Propeller,sd,M:R@AAT,M:R,AAT,8.257994966299258,,85,17,5
Propeller,mean,M:R@ACA,M:R,ACA,-11.944790339047621,0.8039111930816568,105,21,5
Propeller,sd,M:R@ACA,M:R,ACA,7.889885807720852,,105,21,5
Propeller,mean,M:R@ACC,M:R,ACC,-7.437602206956521,0.6609442910665942,115,23,5
Propeller,sd,M:R@ACC,M:R,ACC,7.317038583524127,,115,23,5
Propeller,mean,M:R@ACG,M:R,ACG,-12.112100822222223,1.353382847253788,75,15,5
Propeller,sd,M:R@ACG,M:R,ACG,8.347127928886211,,75,15,5
Propeller,mean,M:R@ACT,M:R,ACT,-9.715428489333334,0.8471759539440793,100,19,5
Propeller,sd,M:R@ACT,M:R,ACT,7.3912465297212915,,100,19,5
Propeller,mean,M:R@AGA,M:R,AGA,-10.793216334666667,0.5842108854026267,100,20,5
Propeller,sd,M:R@AGA,M:R,AGA,8.337726113986285,,100,20,5
Propeller,mean,M:R@AGC,M:R,AGC,-2.844909048,0.2949074762998161,100,19,5
Propeller,sd,M:R@AGC,M:R,AGC,8.1850545071444,,100,19,5
Propeller,mean,M:R@AGG,M:R,AGG,-10.45705966222222,0.8084041593377387,60,12,5
Propeller,sd,M:R@AGG,M:R,AGG,7.8328941009571995,,60,12,5
Propeller,mean,M:R@AGT,M:R,AGT,-5.64523590848485,0.39282602485893175,110,22,5
Propeller,sd,M:R@AGT,M:R,AGT,8.550071868428628,,110,22,5
Propeller,mean,M:R@ATA,M:R,ATA,-14.401145458461537,1.288986984919149,65,12,5
Propeller,sd,M:R@ATA,M:R,ATA,7.680262930373113,,65,12,5
Propeller,mean,M:R@ATC,M:R,ATC,-7.9352801152,0.839288328018891,125,25,5
Propeller,sd,M:R@ATC,M:R,ATC,8.057193524288902,,125,25,5
Propeller,mean,M:R@ATG,M:R,ATG,-13.079872198518519,0.9050960663501956,90,18,5
Propeller,sd,M:R@ATG,M:R,ATG,7.652082404368423,,90,18,5
Propeller,mean,M:R@ATT,M:R,ATT,-9.710467838974358,1.0634966459325481,65,13,5
Propeller,sd,M:R@ATT,M:R,ATT,7.635286432379378,,65,13,5
Propeller,mean,M:R@CAA,M:R,CAA,-8.172177321777776,0.3253091730036579,75,15,5
Propeller,sd,M:R@CAA,M:R,CAA,8.269589608162011,,75,15,5
Propeller,mean,M:R@CAC,M:R,CAC,-4.507002480000001,0.5613181542169369,115,23,5
Propeller,sd,M:R@CAC,M:R,CAC,8.537459051236567,,115,23,5
Propeller,mean,M:R@CAG,M:R,CAG,-8.057126637460318,0.4177085641603341,105,21,5
Propeller,sd,M:R@CAG,M:R,CAG,8.217698619256064,,105,21,5
Propeller,mean,M:R@CAT,M:R,CAT,-8.736361102564103,0.5791618145257884,65,12,5
Propeller,sd,M:R@CAT,M:R,CAT,8.267742617722499,,65,12,5
Propeller,mean,M:R@CCA,M:R,CCA,-12.520624776666663,0.5048430098242479,120,24,5
Propeller,sd,M:R@CCA,M:R,CCA,7.202461689784417,,120,24,5
Propeller,mean,M:R@CCC,M:R,CCC,-9.073923901666667,0.897409868399475,40,8,5
Propeller,sd,M:R@CCC,M:R,CCC,7.033467419035011,,40,8,5
Propeller,mean,M:R@CCG,M:R,CCG,-12.022577962222222,0.7033922081660893,120,24,5
Propeller,sd,M:R@CCG,M:R,CCG,7.594039484293772,,120,24,5
Propeller,mean,M:R@CCT,M:R,CCT,-8.895509517499999,0.4239397449705365,80,16,5
Propeller,sd,M:R@CCT,M:R,CCT,6.944782717325221,,80,16,5
Propeller,mean,M:R@CGA,M:R,CGA,-8.936137876296298,0.5899782954095627,90,18,5
Propeller,sd,M:R@CGA,M:R,CGA,8.442341772106293,,90,18,5
Propeller,mean,M:R@CGC,M:R,CGC,-5.516373611282051,0.7537054347926571,65,13,5
Propeller,sd,M:R@CGC,M:R,CGC,8.834752789262236,,65,13,5
Propeller,mean,M:R@CGG,M:R,CGG,-7.390966565714285,0.3584267772999207,105,21,5
Propeller,sd,M:R@CGG,M:R,CGG,7.83379842195343,,105,21,5
Propeller,mean,M:R@CGT,M:R,CGT,-4.821497255873016,0.5988513373027888,105,21,5
Propeller,sd,M:R@CGT,M:R,CGT,8.417775046162403,,105,21,5
Propeller,mean,M:R@CTA,M:R,CTA,-13.30307028074074,0.5954144321396109,90,18,5
Propeller,sd,M:R@CTA,M:R,CTA,8.044180824765206,,90,18,5
Propeller,mean,M:R@CTC,M:R,CTC,-6.561244646060606,0.791096481521702,55,10,5
Propeller,sd,M:R@CTC,M:R,CTC,8.052841390621523,,55,10,5
Propeller,mean,M:R@CTG,M:R,CTG,-12.038297374789916,0.7742565292910746,119,23,5
Propeller,sd,M:R@CTG,M:R,CTG,7.702396764839892,,119,23,5
Propeller,mean,M:R@CTT,M:R,CTT,-7.777596813999997,0.4791084169873451,100,20,5
Propeller,sd,M:R@CTT,M:R,CTT,7.6126026152959785,,100,20,5
Propeller,mean,M:R@GAA,M:R,GAA,-5.340233278666667,0.3777456561176236,100,20,5
Propeller,sd,M:R@GAA,M:R,GAA,8.272589812345922,,100,20,5
Propeller,mean,M:R@GAC,M:R,GAC,-2.7521944336231887,0.5493159559852356,115,22,5
Propeller,sd,M:R@GAC,M:R,GAC,8.220898185544874,,115,22,5
Propeller,mean,M:R@GAG,M:R,GAG,-6.542498391666666,0.7904919681972591,80,16,5
Propeller,sd,M:R@GAG,M:R,GAG,8.566655978417023,,80,16,5
Propeller,mean,M:R@GAT,M:R,GAT,-6.262095412777778,0.49588953400891145,120,24,5
Propeller,sd,M:R@GAT,M:R,GAT,8.400391505678469,,120,24,5
Propeller,mean,M:R@GCA,M:R,GCA,-11.654309014358974,0.9053608210014137,65,13,5
Propeller,sd,M:R@GCA,M:R,GCA,7.6279846401919915,,65,13,5
Propeller,mean,M:R@GCC,M:R,GCC,-6.810284217222223,0.5704705333580588,120,23,5
Propeller,sd,M:R@GCC,M:R,GCC,7.238150328543615,,120,23,5
Propeller,mean,M:R@GCG,M:R,GCG,-9.403697140444445,0.7270775310813281,75,15,5
Propeller,sd,M:R@GCG,M:R,GCG,7.840590348952206,,75,15,5
Propeller,mean,M:R@GCT,M:R,GCT,-8.200764679166666,0.6793411660673161,80,16,5
Propeller,sd,M:R@GCT,M:R,GCT,7.254699391543648,,80,16,5
Propeller,mean,M:R@GGA,M:R,GGA,-9.381402972063492,0.3797307306033471,105,21,5
Propeller,sd,M:R@GGA,M:R,GGA,7.941758675456433,,105,21,5
Propeller,mean,M:R@GGC,M:R,GGC,-4.368789752380952,0.3384432095413348,140,28,5
Propeller,sd,M:R@GGC,M:R,GGC,8.018664757295229,,140,28,5
Propeller,mean,M:R@GGG,M:R,GGG,-9.081749002051282,0.3882855718858857,65,13,5
Propeller,sd,M:R@GGG,M:R,GGG,7.5125318195349635,,65,13,5
Propeller,mean,M:R@GGT,M:R,GGT,-7.556073281904763,0.7224666059360708,70,14,5
Propeller,sd,M:R@GGT,M:R,GGT,8.182307283805292,,70,14,5
Propeller,mean,M:R@GTA,M:R,GTA,-14.503080007719296,0.8974663738584238,95,18,5
Propeller,sd,M:R@GTA,M:R,GTA,8.044422422694886,,95,18,5
Propeller,mean,M:R@GTC,M:R,GTC,-6.642876460392159,0.8147695143157947,85,16,5
Propeller,sd,M:R@GTC,M:R,GTC,8.006042893609207,,85,16,5
Propeller,mean,M:R@GTG,M:R,GTG,-10.256025191111112,0.794589512056829,90,18,5
Propeller,sd,M:R@GTG,M:R,GTG,7.658152050270227,,90,18,5
Propeller,mean,M:R@GTT,M:R,GTT,-6.552722174736842,0.4578982544125222,95,19,5
Propeller,sd,M:R@GTT,M:R,GTT,7.357810908930235,,95,19,5
Propeller,mean,M:R@TAA,M:R,TAA,-9.327953328484847,0.6732131125093137,55,11,5
Propeller,sd,M:R@TAA,M:R,TAA,8.319658973308451,,55,11,5
Propeller,mean,M:R@TAC,M:R,TAC,-6.376547455555556,0.6454614852173313,84,17,5
Propeller,sd,M:R@TAC,M:R,TAC,8.962362707415574,,84,17,5
Propeller,mean,M:R@TAG,M:R,TAG,-10.254867478787878,0.40978930484928955,110,21,5
Propeller,sd,M:R@TAG,M:R,TAG,8.469433354142183,,110,21,5
Propeller,mean,M:R@TAT,M:R,TAT,-9.932146775438595,0.5353840772585585,95,19,5
Propeller,sd,M:R@TAT,M:R,TAT,8.449374337546082,,95,19,5
Propeller,mean,M:R@TCA,M:R,TCA,-17.270375752280703,0.6810409360167251,95,18,5
Propeller,sd,M:R@TCA,M:R,TCA,7.4490359510941255,,95,18,5
Propeller,mean,M:R@TCC,M:R,TCC,-10.039942422745098,0.7938419678825143,85,17,5
Propeller,sd,M:R@TCC,M:R,TCC,7.246011038460969,,85,17,5
Propeller,mean,M:R@TCG,M:R,TCG,-14.888193899259257,0.7573428812324134,90,17,5
Propeller,sd,M:R@TCG,M:R,TCG,7.872017914741134,,90,17,5
Propeller,mean,M:R@TCT,M:R,TCT,-12.813021299999999,0.7082868662024081,120,23,5
Propeller,sd,M:R@TCT,M:R,TCT,7.1685220913212335,,120,23,5
Propeller,mean,M:R@TGA,M:R,TGA,-11.084570921568627,0.47664746197238894,85,17,5
Propeller,sd,M:R@TGA,M:R,TGA,8.344476853783364,,85,17,5
Propeller,mean,M:R@TGC,M:R,TGC,-5.220105084102564,0.43919524084131956,65,13,5
Propeller,sd,M:R@TGC,M:R,TGC,8.851033387951158,,65,13,5
Propeller,mean,M:R@TGG,M:R,TGG,-8.951363622608696,0.37791507709735,115,23,5
Propeller,sd,M:R@TGG,M:R,TGG,7.775014777341087,,115,23,5
Propeller,mean,M:R@TGT,M:R,TGT,-7.502278103703705,0.7888740062399358,90,18,5
Propeller,sd,M:R@TGT,M:R,TGT,8.606206131622246,,90,18,5
Propeller,mean,M:R@TTA,M:R,TTA,-13.391883694285715,1.0390061704270297,70,14,5
Propeller,sd,M:R@TTA,M:R,TTA,7.704368685558938,,70,14,5
Propeller,mean,M:R@TTC,M:R,TTC,-7.193973805217391,0.6851454987810454,115,22,5
Propeller,sd,M:R@TTC,M:R,TTC,7.85825474468454,,115,22,5
Propeller,mean,M:R@TTG,M:R,TTG,-11.967136945777776,0.8970546389962996,75,15,5
Propeller,sd,M:R@TTG,M:R,TTG,7.5265031819536805,,75,15,5
Propeller,mean,M:R@TTT,M:R,TTT,-9.066981976969698,0.7330421939049332,55,11,5
Propeller,sd,M:R@TTT,M:R,TTT,7.584840019209039,,55,11,5
Propeller,mean,R:R@AAA,R:R,AAA,-9.648675596581196,0.5811998156714905,39,8,5
Propeller,sd,R:R@AAA,R:R,AAA,8.283360591505112,,39,8,5
Propeller,mean,R:R@AAC,R:R,AAC,-9.750490590666667,0.35659951043167554,50,10,5
Propeller,sd,R:R@AAC,R:R,AAC,8.361804940630368,,50,10,5
Propeller,mean,R:R@AAG,R:R,AAG,-9.828491524999999,0.2267038416284358,24,5,5
Propeller,sd,R:R@AAG,R:R,AAG,8.532293777058447,,24,5,5
Propeller,mean,R:R@AAT,R:R,AAT,-13.498472663030306,0.2694807371256499,55,11,5
Propeller,sd,R:R@AAT,R:R,AAT,8.57886681079148,,55,11,5
Propeller,mean,R:R@ACA,R:R,ACA,-11.868926215555554,0.3741561078593953,60,12,5
Propeller,sd,R:R@ACA,R:R,ACA,8.615683834772916,,60,12,5
Propeller,mean,R:R@ACC,R:R,ACC,-9.952251059393943,0.32884256069604156,55,11,5
Propeller,sd,R:R@ACC,R:R,ACC,8.12617443253224,,55,11,5
Propeller,mean,R:R@ACG,R:R,ACG,-9.017728310476189,0.6082291700107222,35,7,5
Propeller,sd,R:R@ACG,R:R,ACG,9.038461600881952,,35,7,5
Propeller,mean,R:R@ACT,R:R,ACT,-11.286312828333333,0.3076891189869053,40,7,5
Propeller,sd,R:R@ACT,R:R,ACT,8.22562732004836,,40,7,5
Propeller,mean,R:R@AGA,R:R,AGA,-10.55062569714286,0.3144747089341736,35,7,5
Propeller,sd,R:R@AGA,R:R,AGA,7.901672430587816,,35,7,5
Propeller,mean,R:R@AGC,R:R,AGC,-8.7183789525,0.22052669702109248,80,15,5
Propeller,sd,R:R@AGC,R:R,AGC,7.765851791910191,,80,15,5
Propeller,mean,R:R@AGG,R:R,AGG,-8.943062728888888,0.30678838700309563,15,3,5
Propeller,sd,R:R@AGG,R:R,AGG,7.379443519556038,,15,3,5
Propeller,mean,R:R@AGT,R:R,AGT,-11.161217945555558,0.18922186138816768,60,12,5
Propeller,sd,R:R@AGT,R:R,AGT,8.309689537615261,,60,12,5
Propeller,mean,R:R@ATA,R:R,ATA,-14.351244478518515,0.43083412628479784,45,8,5
Propeller,sd,R:R@ATA,R:R,ATA,8.518785500398646,,45,8,5
Propeller,mean,R:R@ATC,R:R,ATC,-12.337752582564102,0.2779331518966904,65,13,5
Propeller,sd,R:R@ATC,R:R,ATC,8.47013080062496,,65,13,5
Propeller,mean,R:R@ATG,R:R,ATG,-11.719445091428572,0.3460614211331795,35,7,5
Propeller,sd,R:R@ATG,R:R,ATG,8.271456528252557,,35,7,5
Propeller,mean,R:R@ATT,R:R,ATT,-13.555726559999998,0.3706911166589052,35,7,5
Propeller,sd,R:R@ATT,R:R,ATT,8.598788140921554,,35,7,5
Propeller,mean,R:R@CAA,R:R,CAA,-10.155633045,0.36610755273814455,40,8,5
Propeller,sd,R:R@CAA,R:R,CAA,8.159542594524632,,40,8,5
Propeller,mean,R:R@CAC,R:R,CAC,-9.63569293877551,0.46553884948298474,49,10,5
Propeller,sd,R:R@CAC,R:R,CAC,8.290026898692991,,49,10,5
Propeller,mean,R:R@CAG,R:R,CAG,-8.656605227692307,0.3077109692942835,65,13,5
Propeller,sd,R:R@CAG,R:R,CAG,8.288522939729571,,65,13,5
Propeller,mean,R:R@CAT,R:R,CAT,-12.48147816,0.2740998604572496,20,3,5
Propeller,sd,R:R@CAT,R:R,CAT,8.427165128478382,,20,3,5
Propeller,mean,R:R@CCA,R:R,CCA,-8.07258891076923,0.2893412689487083,65,13,5
Propeller,sd,R:R@CCA,R:R,CCA,7.869450385498752,,65,13,5
Propeller,mean,R:R@CCC,R:R,CCC,-8.08891691111111,0.581675788924139,15,3,5
Propeller,sd,R:R@CCC,R:R,CCC,7.310534954856005,,15,3,5
Propeller,mean,R:R@CCG,R:R,CCG,-5.782181238666666,0.3314596798925079,50,10,5
Propeller,sd,R:R@CCG,R:R,CCG,7.921449226873204,,50,10,5
Propeller,mean,R:R@CCT,R:R,CCT,-8.678415065,0.2844464766999321,40,8,5
Propeller,sd,R:R@CCT,R:R,CCT,7.524204234174985,,40,8,5
Propeller,mean,R:R@CGA,R:R,CGA,-8.546114401666667,0.2668262665854243,40,8,5
Propeller,sd,R:R@CGA,R:R,CGA,8.39185918109973,,40,8,5
Propeller,mean,R:R@CGC,R:R,CGC,-7.900273162666667,0.5507358823953049,25,5,5
Propeller,sd,R:R@CGC,R:R,CGC,8.345537771854795,,25,5,5
Propeller,mean,R:R@CGG,R:R,CGG,-6.557203557333334,0.31020711153353675,50,10,5
Propeller,sd,R:R@CGG,R:R,CGG,7.839436414153787,,50,10,5
Propeller,mean,R:R@CGT,R:R,CGT,-8.741798020000001,0.23832351047871658,60,12,5
Propeller,sd,R:R@CGT,R:R,CGT,8.978769857006238,,60,12,5
Propeller,mean,R:R@CTA,R:R,CTA,-10.687840386666668,0.2883502680668478,55,11,5
Propeller,sd,R:R@CTA,R:R,CTA,8.512633773960562,,55,11,5
Propeller,mean,R:R@CTC,R:R,CTC,-9.659277973333335,0.4476471973669243,20,4,5
Propeller,sd,R:R@CTC,R:R,CTC,8.261316417581236,,20,4,5
Propeller,mean,R:R@CTG,R:R,CTG,-8.735066446153844,0.6739454016131466,39,8,5
Propeller,sd,R:R@CTG,R:R,CTG,8.230525747876456,,39,8,5
Propeller,mean,R:R@CTT,R:R,CTT,-9.871013015238095,0.27308491662228035,70,14,5
Propeller,sd,R:R@CTT,R:R,CTT,8.409979399985941,,70,14,5
Propeller,mean,R:R@GAA,R:R,GAA,-8.597763493333334,0.30307260118365403,70,14,5
Propeller,sd,R:R@GAA,R:R,GAA,8.146369544038286,,70,14,5
Propeller,mean,R:R@GAC,R:R,GAC,-10.029158145333334,0.3829471601194095,50,9,5
Propeller,sd,R:R@GAC,R:R,GAC,8.230747890245787,,50,9,5
Propeller,mean,R:R@GAG,R:R,GAG,-8.450963364444444,0.3309771678429346,30,6,5
Propeller,sd,R:R@GAG,R:R,GAG,8.13618092270615,,30,6,5
Propeller,mean,R:R@GAT,R:R,GAT,-12.518730934814817,0.38957276372364635,45,9,5
Propeller,sd,R:R@GAT,R:R,GAT,8.492374206550165,,45,9,5
Propeller,mean,R:R@GCA,R:R,GCA,-9.520220583333332,0.7180447564352556,20,4,5
Propeller,sd,R:R@GCA,R:R,GCA,7.945586796392824,,20,4,5
Propeller,mean,R:R@GCC,R:R,GCC,-8.657555136666668,0.17744965775929042,60,12,5
Propeller,sd,R:R@GCC,R:R,GCC,7.480686473204014,,60,12,5
Propeller,mean,R:R@GCG,R:R,GCG,-7.822106056,0.23722994272539683,50,10,5
Propeller,sd,R:R@GCG,R:R,GCG,8.124291929454344,,50,10,5
Propeller,mean,R:R@GCT,R:R,GCT,-9.342106299259259,0.25294477353783285,45,9,5
Propeller,sd,R:R@GCT,R:R,GCT,7.6519261482106025,,45,9,5
Propeller,mean,R:R@GGA,R:R,GGA,-10.09847256,0.3494773976813543,55,11,5
Propeller,sd,R:R@GGA,R:R,GGA,7.6198367858680385,,55,11,5
Propeller,mean,R:R@GGC,R:R,GGC,-8.667008416410257,0.21091627211588157,65,13,5
Propeller,sd,R:R@GGC,R:R,GGC,7.5265463129888985,,65,13,5
Propeller,mean,R:R@GGG,R:R,GGG,-8.056538045714285,0.3544031137021061,35,7,5
Propeller,sd,R:R@GGG,R:R,GGG,7.363913966052194,,35,7,5
Propeller,mean,R:R@GGT,R:R,GGT,-10.914465682222222,0.28264353947647847,30,6,5
Propeller,sd,R:R@GGT,R:R,GGT,8.226832800560343,,30,6,5
Propeller,mean,R:R@GTA,R:R,GTA,-10.84708268,0.4899139998737493,35,7,5
Propeller,sd,R:R@GTA,R:R,GTA,8.81259434178773,,35,7,5
Propeller,mean,R:R@GTC,R:R,GTC,-10.052751117777778,0.13957465101607613,30,5,5
Propeller,sd,R:R@GTC,R:R,GTC,8.2830241106125,,30,5,5
Propeller,mean,R:R@GTG,R:R,GTG,-8.711893369333334,0.4973407479026462,50,10,5
Propeller,sd,R:R@GTG,R:R,GTG,8.381496902053629,,50,10,5
Propeller,mean,R:R@GTT,R:R,GTT,-10.485573462666666,0.3254409452151236,50,10,5
Propeller,sd,R:R@GTT,R:R,GTT,8.288818143675186,,50,10,5
Propeller,mean,R:R@TAA,R:R,TAA,-9.5681618,0.5254043007952252,20,4,5
Propeller,sd,R:R@TAA,R:R,TAA,8.429274060282326,,20,4,5
Propeller,mean,R:R@TAC,R:R,TAC,-10.875575891851852,0.31863387177697333,45,9,5
Propeller,sd,R:R@TAC,R:R,TAC,8.73410980823989,,45,9,5
Propeller,mean,R:R@TAG,R:R,TAG,-10.705576735384614,0.22891913904431807,65,12,5
Propeller,sd,R:R@TAG,R:R,TAG,8.478138326170164,,65,12,5
Propeller,mean,R:R@TAT,R:R,TAT,-14.821462452121212,0.3828323319034519,55,11,5
Propeller,sd,R:R@TAT,R:R,TAT,8.589155493872475,,55,11,5
Propeller,mean,R:R@TCA,R:R,TCA,-11.24840522888889,0.36850750618997036,30,6,5
Propeller,sd,R:R@TCA,R:R,TCA,8.376600934999951,,30,6,5
Propeller,mean,R:R@TCC,R:R,TCC,-10.649880998518519,0.4314078510235374,45,9,5
Propeller,sd,R:R@TCC,R:R,TCC,7.575447764853951,,45,9,5
Propeller,mean,R:R@TCG,R:R,TCG,-10.242278138666666,0.403005693840998,50,10,5
Propeller,sd,R:R@TCG,R:R,TCG,8.2501046115652,,50,10,5
Propeller,mean,R:R@TCT,R:R,TCT,-10.58693314888889,0.340470270606806,60,11,5
Propeller,sd,R:R@TCT,R:R,TCT,7.968422416574215,,60,11,5
Propeller,mean,R:R@TGA,R:R,TGA,-10.589211613333333,0.4694572847935856,40,8,5
Propeller,sd,R:R@TGA,R:R,TGA,8.2447647735633,,40,8,5
Propeller,mean,R:R@TGC,R:R,TGC,-8.969987773333335,0.39997115570054065,30,6,5
Propeller,sd,R:R@TGC,R:R,TGC,8.174537287574866,,30,6,5
Propeller,mean,R:R@TGG,R:R,TGG,-8.19576437027027,0.2835915669219141,74,15,5
Propeller,sd,R:R@TGG,R:R,TGG,7.7834639399234975,,74,15,5
Propeller,mean,R:R@TGT,R:R,TGT,-10.897049321904763,0.19926407378213143,35,7,5
Propeller,sd,R:R@TGT,R:R,TGT,8.626476150834778,,35,7,5
Propeller,mean,R:R@TTA,R:R,TTA,-11.530448314074077,0.3683158543489609,45,9,5
Propeller,sd,R:R@TTA,R:R,TTA,8.633825756448768,,45,9,5
Propeller,mean,R:R@TTC,R:R,TTC,-9.14033138418079,0.34050194084354557,59,11,5
Propeller,sd,R:R@TTC,R:R,TTC,8.124092654684976,,59,11,5
Propeller,mean,R:R@TTG,R:R,TTG,-9.045226041481481,0.48210244810621483,45,9,5
Propeller,sd,R:R@TTG,R:R,TTG,8.070295303785443,,45,9,5
Propeller,mean,R:R@TTT,R:R,TTT,-9.749353677333334,0.6593229869871151,25,5,5
Propeller,sd,R:R@TTT,R:R,TTT,8.248722672777985,,25,5,5
Shear,mean,D:R@AAA,D:R,AAA,0.10172071416666664,0.007801052677508438,80,16,5
Shear,sd,D:R@AAA,D:R,AAA,0.30483113399503536,,80,16,5
Shear,mean,D:R@AAC,D:R,AAC,0.10447107463312365,0.015508753424944626,159,32,5
Shear,sd,D:R@AAC,D:R,AAC,0.3467631874750028,,159,32,5
Shear,mean,D:R@AAG,D:R,AAG,0.0542985053333333,0.005774407239339987,100,20,5
Shear,sd,D:R@AAG,D:R,AAG,0.32216474888558044,,100,20,5
Shear,mean,D:R@AAT,D:R,AAT,0.11393061565217387,0.006686527060939464,115,23,5
Shear,sd,D:R@AAT,D:R,AAT,0.3183133110749019,,115,23,5
Shear,mean,D:R@ACA,D:R,ACA,0.2981514691206544,0.026170797327185465,163,32,5
Shear,sd,D:R@ACA,D:R,ACA,0.4522792155308838,,163,32,5
Shear,mean,D:R@ACC,D:R,ACC,0.1436493914285714,0.010531605447292534,140,27,5
Shear,sd,D:R@ACC,D:R,ACC,0.3720110290616129,,140,27,5
Shear,mean,D:R@ACG,D:R,ACG,0.1430495089655172,0.0325585295407804,145,29,5
Shear,sd,D:R@ACG,D:R,ACG,0.4402369931908449,,145,29,5
Shear,mean,D:R@ACT,D:R,ACT,0.14180750747474746,0.008711548486597451,165,31,5
Shear,sd,D:R@ACT,D:R,ACT,0.3442508748548218,,165,31,5
Shear,mean,D:R@AGA,D:R,AGA,-0.05022346901960781,0.007919750860355583,85,17,5
Shear,sd,D:R@AGA,D:R,AGA,0.3340751522749422,,85,17,5
Shear,mean,D:R@AGC,D:R,AGC,-0.05678648177777774,0.004606962281066708,150,29,5
Shear,sd,D:R@AGC,D:R,AGC,0.32594333134377074,,150,29,5
Shear,mean,D:R@AGG,D:R,AGG,-0.10871636666666662,0.0067976740721104705,80,16,5
Shear,sd,D:R@AGG,D:R,AGG,0.33408844420631356,,80,16,5
Shear,mean,D:R@AGT,D:R,AGT,-0.09244364242424238,0.0074370538895561795,165,33,5
Shear,sd,D:R@AGT,D:R,AGT,0.33760469512217006,,165,33,5
Shear,mean,D:R@ATA,D:R,ATA,0.03128812121212119,0.010548274984125292,110,21,5
Shear,sd,D:R@ATA,D:R,ATA,0.3053738193710352,,110,21,5
Shear,mean,D:R@ATC,D:R,ATC,-0.08172396284153002,0.006711523057870612,183,37,5
Shear,sd,D:R@ATC,D:R,ATC,0.300395068872149,,183,37,5
Shear,mean,D:R@ATG,D:R,ATG,0.014353919871794863,0.0078059949950151355,104,21,5
Shear,sd,D:R@ATG,D:R,ATG,0.30799535421268864,,104,21,5
Shear,mean,D:R@ATT,D:R,ATT,-0.0326051024242424,0.006567552160560852,110,22,5
Shear,sd,D:R@ATT,D:R,ATT,0.29382824593487833,,110,22,5
Shear,mean,D:R@CAA,D:R,CAA,0.16653062986666664,0.006709071514066961,125,25,5
Shear,sd,D:R@CAA,D:R,CAA,0.30289208890311053,,125,25,5
Shear,mean,D:R@CAC,D:R,CAC,0.15590091543624154,0.014907259315209559,149,30,5
Shear,sd,D:R@CAC,D:R,CAC,0.34097028532876894,,149,30,5
Shear,mean,D:R@CAG,D:R,CAG,0.15075264043010747,0.009513030796210369,155,31,5
Shear,sd,D:R@CAG,D:R,CAG,0.3196445381037785,,155,31,5
Shear,mean,D:R@CAT,D:R,CAT,0.1653312774603174,0.006568825783773101,105,20,5
Shear,sd,D:R@CAT,D:R,CAT,0.30988887134548826,,105,20,5
Shear,mean,D:R@CCA,D:R,CCA,0.3272830021097046,0.04195694827367055,158,32,5
Shear,sd,D:R@CCA,D:R,CCA,0.48962450665522594,,158,32,5
Shear,mean,D:R@CCC,D:R,CCC,0.1462597744444444,0.016143360850935682,60,12,5
Shear,sd,D:R@CCC,D:R,CCC,0.356869326639997,,60,12,5
Shear,mean,D:R@CCG,D:R,CCG,0.13890291757575754,0.02683866675169026,165,33,5
Shear,sd,D:R@CCG,D:R,CCG,0.4681628550370862,,165,33,5
Shear,mean,D:R@CCT,D:R,CCT,0.15464895733333328,0.005736545932317193,125,25,5
Shear,sd,D:R@CCT,D:R,CCT,0.3302517369661471,,125,25,5
Shear,mean,D:R@CGA,D:R,CGA,-0.03587218611111111,0.014405853539092475,120,24,5
Shear,sd,D:R@CGA,D:R,CGA,0.3751109816600871,,120,24,5
Shear,mean,D:R@CGC,D:R,CGC,-0.0750622822222222,0.012089672397331268,120,24,5
Shear,sd,D:R@CGC,D:R,CGC,0.3682830811818184,,120,24,5
Shear,mean,D:R@CGG,D:R,CGG,-0.0932429458823529,0.0076271657061743985,170,34,5
Shear,sd,D:R@CGG,D:R,CGG,0.37346017240519624,,170,34,5
Shear,mean,D:R@CGT,D:R,CGT,-0.0702335036190476,0.013264825000746779,175,33,5
Shear,sd,D:R@CGT,D:R,CGT,0.37346556358817173,,175,33,5
Shear,mean,D:R@CTA,D:R,CTA,0.05743515555555553,0.012448211046783248,135,27,5
Shear,sd,D:R@CTA,D:R,CTA,0.31510955340001257,,135,27,5
Shear,mean,D:R@CTC,D:R,CTC,-0.037270196019900455,0.031249469857665007,134,27,5
Shear,sd,D:R@CTC,D:R,CTC,0.3098596832369686,,134,27,5
Shear,mean,D:R@CTG,D:R,CTG,0.019067925179856112,0.017588727433658847,139,28,5
Shear,sd,D:R@CTG,D:R,CTG,0.32701812074880193,,139,28,5
Shear,mean,D:R@CTT,D:R,CTT,0.012978861788617875,0.003683022857873393,205,40,5
Shear,sd,D:R@CTT,D:R,CTT,0.2993104759651565,,205,40,5
Shear,mean,D:R@GAA,D:R,GAA,0.1253157768518518,0.004127494938537142,144,29,5
Shear,sd,D:R@GAA,D:R,GAA,0.3015717324182315,,144,29,5
Shear,mean,D:R@GAC,D:R,GAC,0.06634273287037035,0.026720164535827488,144,28,5
Shear,sd,D:R@GAC,D:R,GAC,0.3413264761316056,,144,28,5
Shear,mean,D:R@GAG,D:R,GAG,0.021747289777777724,0.05877994964553936,75,15,5
Shear,sd,D:R@GAG,D:R,GAG,0.32294007874019187,,75,15,5
Shear,mean,D:R@GAT,D:R,GAT,0.09418382102564099,0.012811626691293276,130,26,5
Shear,sd,D:R@GAT,D:R,GAT,0.3211346612367972,,130,26,5
Shear,mean,D:R@GCA,D:R,GCA,0.1840064866666666,0.016480620424469364,100,20,5
Shear,sd,D:R@GCA,D:R,GCA,0.3601746648875956,,100,20,5
Shear,mean,D:R@GCC,D:R,GCC,0.12176345583333328,0.013388473351306836,160,32,5
Shear,sd,D:R@GCC,D:R,GCC,0.35863787453879836,,160,32,5
Shear,mean,D:R@GCG,D:R,GCG,0.10099665653333331,0.015119909212435645,125,24,5
Shear,sd,D:R@GCG,D:R,GCG,0.40362166598018917,,125,24,5
Shear,mean,D:R@GCT,D:R,GCT,0.1273688592592592,0.008173440916771284,135,27,5
Shear,sd,D:R@GCT,D:R,GCT,0.329174141301205,,135,27,5
Shear,mean,D:R@GGA,D:R,GGA,-0.062385455757575724,0.0059299294262807195,165,33,5
Shear,sd,D:R@GGA,D:R,GGA,0.3384824872199683,,165,33,5
Shear,mean,D:R@GGC,D:R,GGC,-0.05219246541666663,0.0041948336604587175,160,30,5
Shear,sd,D:R@GGC,D:R,GGC,0.33048924066358504,,160,30,5
Shear,mean,D:R@GGG,D:R,GGG,-0.10682953641025637,0.009238660484472827,65,13,5
Shear,sd,D:R@GGG,D:R,GGG,0.33700449090582985,,65,13,5
Shear,mean,D:R@GGT,D:R,GGT,-0.0960720720430107,0.005373133971540992,124,25,5
Shear,sd,D:R@GGT,D:R,GGT,0.3422286641689106,,124,25,5
Shear,mean,D:R@GTA,D:R,GTA,0.010489312568306012,0.013817505984705132,183,37,5
Shear,sd,D:R@GTA,D:R,GTA,0.33518602212877924,,183,37,5
Shear,mean,D:R@GTC,D:R,GTC,-0.0974184706766917,0.005356339732303949,133,26,5
Shear,sd,D:R@GTC,D:R,GTC,0.29849448306878307,,133,26,5
Shear,mean,D:R@GTG,D:R,GTG,-0.021306809139784933,0.012245041257636227,124,24,5
Shear,sd,D:R@GTG,D:R,GTG,0.32634834478361574,,124,24,5
Shear,mean,D:R@GTT,D:R,GTT,-0.05658373919999997,0.006298315204679368,125,25,5
Shear,sd,D:R@GTT,D:R,GTT,0.29848417612321976,,125,25,5
Shear,mean,D:R@TAA,D:R,TAA,0.15176978920634918,0.0041125452385115426,105,21,5
Shear,sd,D:R@TAA,D:R,TAA,0.2954418187859034,,105,21,5
Shear,mean,D:R@TAC,D:R,TAC,0.13124407479674793,0.004591594224869195,164,33,5
Shear,sd,D:R@TAC,D:R,TAC,0.3140301407569347,,164,33,5
Shear,mean,D:R@TAG,D:R,TAG,0.11921916597701146,0.003573607486724976,145,28,5
Shear,sd,D:R@TAG,D:R,TAG,0.31053709418843095,,145,28,5
Shear,mean,D:R@TAT,D:R,TAT,0.14445426021505373,0.004718695360179455,155,30,5
Shear,sd,D:R@TAT,D:R,TAT,0.3049757392865688,,155,30,5
Shear,mean,D:R@TCA,D:R,TCA,0.2513583690909091,0.016825354400990002,110,22,5
Shear,sd,D:R@TCA,D:R,TCA,0.40672852808235865,,110,22,5
Shear,mean,D:R@TCC,D:R,TCC,0.1461658709677419,0.010228559440341727,155,31,5
Shear,sd,D:R@TCC,D:R,TCC,0.3559476687745963,,155,31,5
Shear,mean,D:R@TCG,D:R,TCG,0.0983713733333333,0.011331652297918809,160,32,5
Shear,sd,D:R@TCG,D:R,TCG,0.39317276978292237,,160,32,5
Shear,mean,D:R@TCT,D:R,TCT,0.14844283087719293,0.006867899128320052,190,35,5
Shear,sd,D:R@TCT,D:R,TCT,0.3286102309582374,,190,35,5
Shear,mean,D:R@TGA,D:R,TGA,-0.045155583333333305,0.006245353412011306,100,20,5
Shear,sd,D:R@TGA,D:R,TGA,0.3333180135119684,,100,20,5
Shear,mean,D:R@TGC,D:R,TGC,-0.06921843072463764,0.008227552309513012,115,22,5
Shear,sd,D:R@TGC,D:R,TGC,0.33818409543719424,,115,22,5
Shear,mean,D:R@TGG,D:R,TGG,-0.10068709473684209,0.0062823708718446865,190,36,5
Shear,sd,D:R@TGG,D:R,TGG,0.3421296442297911,,190,36,5
Shear,mean,D:R@TGT,D:R,TGT,-0.0712400837333333,0.006413875387837088,125,25,5
Shear,sd,D:R@TGT,D:R,TGT,0.34806610142786537,,125,25,5
Shear,mean,D:R@TTA,D:R,TTA,-0.017241796019900495,0.007600178714236355,134,27,5
Shear,sd,D:R@TTA,D:R,TTA,0.2938680409911131,,134,27,5
Shear,mean,D:R@TTC,D:R,TTC,-0.08858327466666663,0.00535003923333434,150,29,5
Shear,sd,D:R@TTC,D:R,TTC,0.28921293302116624,,150,29,5
Shear,mean,D:R@TTG,D:R,TTG,0.0030704426666666716,0.03416159771803745,150,30,5
Shear,sd,D:R@TTG,D:R,TTG,0.3000628325854507,,150,30,5
Shear,mean,D:R@TTT,D:R,TTT,-0.044910145882352905,0.007080593620627191,85,17,5
Shear,sd,D:R@TTT,D:R,TTT,0.2856189188633738,,85,17,5
Shear,mean,E:R@AAA,E:R,AAA,-0.016465886666666693,0.03236294706077994,70,13,5
Shear,sd,E:R@AAA,E:R,AAA,0.33495398743669585,,70,13,5
Shear,mean,E:R@AAC,E:R,AAC,0.05838273019607838,0.007166338231329887,85,17,5
Shear,sd,E:R@AAC,E:R,AAC,0.29837502860345744,,85,17,5
Shear,mean,E:R@AAG,E:R,AAG,-0.17518036627450984,0.08869707341824032,85,17,5
Shear,sd,E:R@AAG,E:R,AAG,0.44567255941613076,,85,17,5
Shear,mean,E:R@AAT,E:R,AAT,-0.04072004074074077,0.05665585503364662,90,18,5
Shear,sd,E:R@AAT,E:R,AAT,0.3693662991813236,,90,18,5
Shear,mean,E:R@ACA,E:R,ACA,0.027274499710144912,0.007701241834977656,115,23,5
Shear,sd,E:R@ACA,E:R,ACA,0.3712202141190531,,115,23,5
Shear,mean,E:R@ACC,E:R,ACC,0.04519606245614033,0.012635799250904089,95,19,5
Shear,sd,E:R@ACC,E:R,ACC,0.3223597185968826,,95,19,5
Shear,mean,E:R@ACG,E:R,ACG,0.08541348190476185,0.008044856352279377,70,14,5
Shear,sd,E:R@ACG,E:R,ACG,0.35857660406374114,,70,14,5
Shear,mean,E:R@ACT,E:R,ACT,0.09329994028985503,0.006579564723530201,115,22,5
Shear,sd,E:R@ACT,E:R,ACT,0.3262247903079268,,115,22,5
Shear,mean,E:R@AGA,E:R,AGA,-0.2252176041666666,0.014305076520638296,80,16,5
Shear,sd,E:R@AGA,E:R,AGA,0.38015164839280796,,80,16,5
Shear,mean,E:R@AGC,E:R,AGC,-0.12432461563218387,0.0046835750127819575,145,28,5
Shear,sd,E:R@AGC,E:R,AGC,0.3400884722343436,,145,28,5
Shear,mean,E:R@AGG,E:R,AGG,-0.21853305025641023,0.009855637806212911,65,13,5
Shear,sd,E:R@AGG,E:R,AGG,0.3504792035266945,,65,13,5
Shear,mean,E:R@AGT,E:R,AGT,-0.2667517669565217,0.00814512674788237,115,23,5
Shear,sd,E:R@AGT,E:R,AGT,0.36934387331313506,,115,23,5
Shear,mean,E:R@ATA,E:R,ATA,-0.06953994006734002,0.007404499878589533,99,19,5
Shear,sd,E:R@ATA,E:R,ATA,0.2883429482174805,,99,19,5
Shear,mean,E:R@ATC,E:R,ATC,-0.09235401254901957,0.00754254684645151,85,17,5
Shear,sd,E:R@ATC,E:R,ATC,0.2839465433066712,,85,17,5
Shear,mean,E:R@ATG,E:R,ATG,-0.06359688796296292,0.007383378049766762,72,15,5
Shear,sd,E:R@ATG,E:R,ATG,0.29310462675882226,,72,15,5
Shear,mean,E:R@ATT,E:R,ATT,-0.11900631249999996,0.011845806958742969,80,16,5
Shear,sd,E:R@ATT,E:R,ATT,0.28108014149407345,,80,16,5
Shear,mean,E:R@CAA,E:R,CAA,0.055329258039215644,0.0050166904044147715,85,17,5
Shear,sd,E:R@CAA,E:R,CAA,0.302584982295105,,85,17,5
Shear,mean,E:R@CAC,E:R,CAC,0.06405026175438593,0.006626913389810047,95,18,5
Shear,sd,E:R@CAC,E:R,CAC,0.30294053598414267,,95,18,5
Shear,mean,E:R@CAG,E:R,CAG,0.00449372311827955,0.025327038441447663,124,25,5
Shear,sd,E:R@CAG,E:R,CAG,0.3495358484262587,,124,25,5
Shear,mean,E:R@CAT,E:R,CAT,0.059637704615384576,0.01821392656107811,65,12,5
Shear,sd,E:R@CAT,E:R,CAT,0.33381946476218133,,65,12,5
Shear,mean,E:R@CCA,E:R,CCA,0.04533393013333331,0.006782754557661959,125,25,5
Shear,sd,E:R@CCA,E:R,CCA,0.3544227255155626,,125,25,5
Shear,mean,E:R@CCC,E:R,CCC,0.03991018476190473,0.010554119741929473,35,7,5
Shear,sd,E:R@CCC,E:R,CCC,0.3089489752770029,,35,7,5
Shear,mean,E:R@CCG,E:R,CCG,0.09490480066666664,0.0051374347635227925,100,20,5
Shear,sd,E:R@CCG,E:R,CCG,0.34676997279691363,,100,20,5
Shear,mean,E:R@CCT,E:R,CCT,0.09013191288888883,0.008226080516867866,75,15,5
Shear,sd,E:R@CCT,E:R,CCT,0.3128085436720881,,75,15,5
Shear,mean,E:R@CGA,E:R,CGA,-0.34126220571428567,0.020648627020108466,105,21,5
Shear,sd,E:R@CGA,E:R,CGA,0.5117517260481319,,105,21,5
Shear,mean,E:R@CGC,E:R,CGC,-0.2009196355555555,0.012940254129481502,75,14,5
Shear,sd,E:R@CGC,E:R,CGC,0.41679409803414125,,75,14,5
Shear,mean,E:R@CGG,E:R,CGG,-0.3551316638095238,0.014669497708461538,70,14,5
Shear,sd,E:R@CGG,E:R,CGG,0.4636554882103063,,70,14,5
Shear,mean,E:R@CGT,E:R,CGT,-0.33588150596491223,0.009751068702832107,95,19,5
Shear,sd,E:R@CGT,E:R,CGT,0.4216668457823777,,95,19,5
Shear,mean,E:R@CTA,E:R,CTA,-0.021554631578947343,0.006681947349246558,95,19,5
Shear,sd,E:R@CTA,E:R,CTA,0.29263233796267984,,95,19,5
Shear,mean,E:R@CTC,E:R,CTC,-0.05702216888888886,0.006635792365082323,60,12,5
Shear,sd,E:R@CTC,E:R,CTC,0.28654988149497623,,60,12,5
Shear,mean,E:R@CTG,E:R,CTG,0.0011320891025641054,0.00889271439769311,104,21,5
Shear,sd,E:R@CTG,E:R,CTG,0.29622055469664366,,104,21,5
Shear,mean,E:R@CTT,E:R,CTT,-0.07991112611111108,0.007530966650043389,120,23,5
Shear,sd,E:R@CTT,E:R,CTT,0.2824599475370984,,120,23,5
Shear,mean,E:R@GAA,E:R,GAA,0.035479617445482836,0.015599968491787347,107,22,5
Shear,sd,E:R@GAA,E:R,GAA,0.3186647085683719,,107,22,5
Shear,mean,E:R@GAC,E:R,GAC,-0.003977637096774241,0.045476833737291326,124,24,5
Shear,sd,E:R@GAC,E:R,GAC,0.3174411924177678,,124,24,5
Shear,mean,E:R@GAG,E:R,GAG,-0.055272707500000004,0.06404924924844255,80,16,5
Shear,sd,E:R@GAG,E:R,GAG,0.3794080019879991,,80,16,5
Shear,mean,E:R@GAT,E:R,GAT,0.02929513333333329,0.04735512168338845,83,17,5
Shear,sd,E:R@GAT,E:R,GAT,0.3232416875629814,,83,17,5
Shear,mean,E:R@GCA,E:R,GCA,-0.010262012444444435,0.012890759737940058,75,15,5
Shear,sd,E:R@GCA,E:R,GCA,0.3548692764542707,,75,15,5
Shear,mean,E:R@GCC,E:R,GCC,-0.03294636555555553,0.007312903965133306,120,24,5
Shear,sd,E:R@GCC,E:R,GCC,0.31168978332041564,,120,24,5
Shear,mean,E:R@GCG,E:R,GCG,0.011060290158730147,0.009287765101994895,105,20,5
Shear,sd,E:R@GCG,E:R,GCG,0.3586545079076094,,105,20,5
Shear,mean,E:R@GCT,E:R,GCT,0.02468047228070173,0.005026375717729422,95,19,5
Shear,sd,E:R@GCT,E:R,GCT,0.31172877834299567,,95,19,5
Shear,mean,E:R@GGA,E:R,GGA,-0.19138765098039215,0.007074631612880881,85,17,5
Shear,sd,E:R@GGA,E:R,GGA,0.3532515470085849,,85,17,5
Shear,mean,E:R@GGC,E:R,GGC,-0.09744358133333329,0.003648647685444912,125,25,5
Shear,sd,E:R@GGC,E:R,GGC,0.3269885221124838,,125,25,5
Shear,mean,E:R@GGG,E:R,GGG,-0.19958473999999998,0.006286213192967899,60,12,5
Shear,sd,E:R@GGG,E:R,GGG,0.3397721462620339,,60,12,5
Shear,mean,E:R@GGT,E:R,GGT,-0.2111080096969697,0.008052263600923735,55,11,5
Shear,sd,E:R@GGT,E:R,GGT,0.3508201717824749,,55,11,5
Shear,mean,E:R@GTA,E:R,GTA,-0.12021327619047614,0.006514692216731411,70,14,5
Shear,sd,E:R@GTA,E:R,GTA,0.28759805235892144,,70,14,5
Shear,mean,E:R@GTC,E:R,GTC,-0.11993067047619042,0.004856226956474877,70,12,5
Shear,sd,E:R@GTC,E:R,GTC,0.2806212786003624,,70,12,5
Shear,mean,E:R@GTG,E:R,GTG,-0.09738253839662443,0.006472207613621219,79,16,5
Shear,sd,E:R@GTG,E:R,GTG,0.28775452955727865,,79,16,5
Shear,mean,E:R@GTT,E:R,GTT,-0.16292906666666665,0.007842673010650754,95,19,5
Shear,sd,E:R@GTT,E:R,GTT,0.2784240048683767,,95,19,5
Shear,mean,E:R@TAA,E:R,TAA,0.06180760333333329,0.004188669436569395,60,12,5
Shear,sd,E:R@TAA,E:R,TAA,0.2991915682032974,,60,12,5
Shear,mean,E:R@TAC,E:R,TAC,0.058477728522336736,0.012836463667937191,97,19,5
Shear,sd,E:R@TAC,E:R,TAC,0.3312730289266706,,97,19,5
Shear,mean,E:R@TAG,E:R,TAG,-0.02860934222222226,0.04769399343964902,135,24,5
Shear,sd,E:R@TAG,E:R,TAG,0.3470710849995917,,135,24,5
Shear,mean,E:R@TAT,E:R,TAT,0.06407043157894732,0.010766898015291473,95,19,5
Shear,sd,E:R@TAT,E:R,TAT,0.32397300961511066,,95,19,5
Shear,mean,E:R@TCA,E:R,TCA,0.06472830399999997,0.010920489187875792,50,10,5
Shear,sd,E:R@TCA,E:R,TCA,0.34464103479593705,,50,10,5
Shear,mean,E:R@TCC,E:R,TCC,0.07614917490196074,0.007329873399071448,85,17,5
Shear,sd,E:R@TCC,E:R,TCC,0.3180720332504378,,85,17,5
Shear,mean,E:R@TCG,E:R,TCG,0.10938504666666661,0.010351936888773243,70,14,5
Shear,sd,E:R@TCG,E:R,TCG,0.34675533217173393,,70,14,5
Shear,mean,E:R@TCT,E:R,TCT,0.10552872639999997,0.006234667982408968,125,24,5
Shear,sd,E:R@TCT,E:R,TCT,0.3164902365453389,,125,24,5
Shear,mean,E:R@TGA,E:R,TGA,-0.26360376909090916,0.01292073965549921,110,21,5
Shear,sd,E:R@TGA,E:R,TGA,0.421135863960141,,110,21,5
Shear,mean,E:R@TGC,E:R,TGC,-0.19210738333333327,0.01876910944984224,80,16,5
Shear,sd,E:R@TGC,E:R,TGC,0.3972334042814161,,80,16,5
Shear,mean,E:R@TGG,E:R,TGG,-0.3584927775438595,0.009513824554460601,95,19,5
Shear,sd,E:R@TGG,E:R,TGG,0.48435643811308676,,95,19,5
Shear,mean,E:R@TGT,E:R,TGT,-0.3428625866666666,0.023234576587492003,70,14,5
Shear,sd,E:R@TGT,E:R,TGT,0.4465038700001296,,70,14,5
Shear,mean,E:R@TTA,E:R,TTA,-0.0604880333333333,0.0054543293387747105,110,21,5
Shear,sd,E:R@TTA,E:R,TTA,0.2837422237108018,,110,21,5
Shear,mean,E:R@TTC,E:R,TTC,-0.07811484825396821,0.00495987298450165,105,20,5
Shear,sd,E:R@TTC,E:R,TTC,0.28161189967626127,,105,20,5
Shear,mean,E:R@TTG,E:R,TTG,-0.04721868689138574,0.006085306852219911,89,18,5
Shear,sd,E:R@TTG,E:R,TTG,0.2876891616320872,,89,18,5
Shear,mean,E:R@TTT,E:R,TTT,-0.10407705777777775,0.015414328807101795,45,8,5
Shear,sd,E:R@TTT,E:R,TTT,0.2791501229875882,,45,8,5
Shear,mean,M:R@AAA,M:R,AAA,0.02885211555555554,0.01171230477574924,60,12,5
Shear,sd,M:R@AAA,M:R,AAA,0.3011621299797565,,60,12,5
Shear,mean,M:R@AAC,M:R,AAC,0.05223304705882348,0.0260538648895061,85,17,5
Shear,sd,M:R@AAC,M:R,AAC,0.3469264854293398,,85,17,5
Shear,mean,M:R@AAG,M:R,AAG,-0.02233712205128204,0.01182344805490342,65,13,5
Shear,sd,M:R@AAG,M:R,AAG,0.3346703466246292,,65,13,5
Shear,mean,M:R@AAT,M:R,AAT,0.0068574227450980355,0.011231491260120073,85,17,5
Shear,sd,M:R@AAT,M:R,AAT,0.3199005351077033,,85,17,5
Shear,mean,M:R@ACA,M:R,ACA,-0.008200706031746021,0.014218854903010768,105,21,5
Shear,sd,M:R@ACA,M:R,ACA,0.44396657575172555,,105,21,5
Shear,mean,M:R@ACC,M:R,ACC,0.029890480000000004,0.02192177990799279,115,23,5
Shear,sd,M:R@ACC,M:R,ACC,0.4457664166223961,,115,23,5
Shear,mean,M:R@ACG,M:R,ACG,-0.06153076355555554,0.022814812237447142,75,15,5
Shear,sd,M:R@ACG,M:R,ACG,0.527094366470041,,75,15,5
Shear,mean,M:R@ACT,M:R,ACT,0.008704803333333334,0.01275837482766352,100,19,5
Shear,sd,M:R@ACT,M:R,ACT,0.4287581219606576,,100,19,5
Shear,mean,M:R@AGA,M:R,AGA,-0.20234573399999994,0.011709024277247506,100,20,5
Shear,sd,M:R@AGA,M:R,AGA,0.34465642406272706,,100,20,5
Shear,mean,M:R@AGC,M:R,AGC,-0.1810001426666666,0.00621591463394023,100,19,5
Shear,sd,M:R@AGC,M:R,AGC,0.34511805803458145,,100,19,5
Shear,mean,M:R@AGG,M:R,AGG,-0.14670835888888883,0.01113129403935119,60,12,5
Shear,sd,M:R@AGG,M:R,AGG,0.330303753032904,,60,12,5
Shear,mean,M:R@AGT,M:R,AGT,-0.16792152060606055,0.01243520182806052,110,22,5
Shear,sd,M:R@AGT,M:R,AGT,0.3415773472290173,,110,22,5
Shear,mean,M:R@ATA,M:R,ATA,-0.17170868102564096,0.00893854662958527,65,12,5
Shear,sd,M:R@ATA,M:R,ATA,0.2829171256624141,,65,12,5
Shear,mean,M:R@ATC,M:R,ATC,-0.17298167039999995,0.006721006921229479,125,25,5
Shear,sd,M:R@ATC,M:R,ATC,0.28214354913122747,,125,25,5
Shear,mean,M:R@ATG,M:R,ATG,-0.17035935555555554,0.010474424048390637,90,18,5
Shear,sd,M:R@ATG,M:R,ATG,0.2868223240857,,90,18,5
Shear,mean,M:R@ATT,M:R,ATT,-0.14668550666666663,0.008534288702311404,65,13,5
Shear,sd,M:R@ATT,M:R,ATT,0.28037101696360767,,65,13,5
Shear,mean,M:R@CAA,M:R,CAA,0.06407629333333328,0.007641599658592687,75,15,5
Shear,sd,M:R@CAA,M:R,CAA,0.29777199973185986,,75,15,5
Shear,mean,M:R@CAC,M:R,CAC,0.10342957043478257,0.008973809073355786,115,23,5
Shear,sd,M:R@CAC,M:R,CAC,0.3212674569235198,,115,23,5
Shear,mean,M:R@CAG,M:R,CAG,0.011942006349206339,0.0073996366280868605,105,21,5
Shear,sd,M:R@CAG,M:R,CAG,0.3172864643099078,,105,21,5
Shear,mean,M:R@CAT,M:R,CAT,0.055538665641025595,0.004681773866865605,65,12,5
Shear,sd,M:R@CAT,M:R,CAT,0.2986887067662044,,65,12,5
Shear,mean,M:R@CCA,M:R,CCA,-0.029734702777777757,0.006561882870714748,120,24,5
Shear,sd,M:R@CCA,M:R,CCA,0.3826416115638172,,120,24,5
Shear,mean,M:R@CCC,M:R,CCC,0.035022881666666644,0.017158289896427096,40,8,5
Shear,sd,M:R@CCC,M:R,CCC,0.3722996224750775,,40,8,5
Shear,mean,M:R@CCG,M:R,CCG,-0.07847232055555553,0.013555953022715984,120,24,5
Shear,sd,M:R@CCG,M:R,CCG,0.45151342411059414,,120,24,5
Shear,mean,M:R@CCT,M:R,CCT,0.01170045916666666,0.008724580602469105,80,16,5
Shear,sd,M:R@CCT,M:R,CCT,0.36774173562197365,,80,16,5
Shear,mean,M:R@CGA,M:R,CGA,-0.205147754074074,0.00923547646067444,90,18,5
Shear,sd,M:R@CGA,M:R,CGA,0.3667456777895174,,90,18,5
Shear,mean,M:R@CGC,M:R,CGC,-0.12866178358974356,0.014718709173092946,65,13,5
Shear,sd,M:R@CGC,M:R,CGC,0.3701800535187246,,65,13,5
Shear,mean,M:R@CGG,M:R,CGG,-0.21818656698412697,0.009410589394960105,105,21,5
Shear,sd,M:R@CGG,M:R,CGG,0.35139714257330906,,105,21,5
Shear,mean,M:R@CGT,M:R,CGT,-0.17984933396825392,0.006222849876288999,105,21,5
Shear,sd,M:R@CGT,M:R,CGT,0.37100458230438865,,105,21,5
Shear,mean,M:R@CTA,M:R,CTA,-0.1487447192592592,0.0077818661830481575,90,18,5
Shear,sd,M:R@CTA,M:R,CTA,0.2856860860154889,,90,18,5
Shear,mean,M:R@CTC,M:R,CTC,-0.1501259139393939,0.00907160245096859,55,10,5
Shear,sd,M:R@CTC,M:R,CTC,0.28193835280929497,,55,10,5
Shear,mean,M:R@CTG,M:R,CTG,-0.15092451932773104,0.009031958106538668,119,23,5
Shear,sd,M:R@CTG,M:R,CTG,0.28961720013055586,,119,23,5
Shear,mean,M:R@CTT,M:R,CTT,-0.12021408999999997,0.007485273754784778,100,20,5
Shear,sd,M:R@CTT,M:R,CTT,0.28162987702800973,,100,20,5
Shear,mean,M:R@GAA,M:R,GAA,-0.0002912540000000072,0.01062227036005154,100,20,5
Shear,sd,M:R@GAA,M:R,GAA,0.31925319616120656,,100,20,5
Shear,mean,M:R@GAC,M:R,GAC,0.0277723228985507,0.03129546279367566,115,22,5
Shear,sd,M:R@GAC,M:R,GAC,0.31624283913938583,,115,22,5
Shear,mean,M:R@GAG,M:R,GAG,-0.03102648166666665,0.008415459204356315,80,16,5
Shear,sd,M:R@GAG,M:R,GAG,0.324070101433174,,80,16,5
Shear,mean,M:R@GAT,M:R,GAT,0.011356031666666652,0.007528697519532713,120,24,5
Shear,sd,M:R@GAT,M:R,GAT,0.3135399223970312,,120,24,5
Shear,mean,M:R@GCA,M:R,GCA,-0.10561091794871791,0.022135365043260816,65,13,5
Shear,sd,M:R@GCA,M:R,GCA,0.4309126762154717,,65,13,5
Shear,mean,M:R@GCC,M:R,GCC,-0.09899545777777775,0.013221461371663011,120,23,5
Shear,sd,M:R@GCC,M:R,GCC,0.41327565967321195,,120,23,5
Shear,mean,M:R@GCG,M:R,GCG,-0.18259815822222217,0.011609175237908193,75,15,5
Shear,sd,M:R@GCG,M:R,GCG,0.4923465907393262,,75,15,5
Shear,mean,M:R@GCT,M:R,GCT,-0.04370346499999998,0.013492936007577915,80,16,5
Shear,sd,M:R@GCT,M:R,GCT,0.39868533071833856,,80,16,5
Shear,mean,M:R@GGA,M:R,GGA,-0.16501333079365077,0.009766236480993732,105,21,5
Shear,sd,M:R@GGA,M:R,GGA,0.33648121786810803,,105,21,5
Shear,mean,M:R@GGC,M:R,GGC,-0.11445908428571425,0.007415082435274279,140,28,5
Shear,sd,M:R@GGC,M:R,GGC,0.3409069157685391,,140,28,5
Shear,mean,M:R@GGG,M:R,GGG,-0.15834571589743585,0.009018347886720682,65,13,5
Shear,sd,M:R@GGG,M:R,GGG,0.32420956872723283,,65,13,5
Shear,mean,M:R@GGT,M:R,GGT,-0.11575044571428568,0.009582658124614897,70,14,5
Shear,sd,M:R@GGT,M:R,GGT,0.3279285290468467,,70,14,5
Shear,mean,M:R@GTA,M:R,GTA,-0.16341173754385957,0.008864480221140133,95,18,5
Shear,sd,M:R@GTA,M:R,GTA,0.2877765746118588,,95,18,5
Shear,mean,M:R@GTC,M:R,GTC,-0.16547831764705878,0.0048709729419413325,85,16,5
Shear,sd,M:R@GTC,M:R,GTC,0.2856308171633819,,85,16,5
Shear,mean,M:R@GTG,M:R,GTG,-0.18967204148148148,0.007032502954384148,90,18,5
Shear,sd,M:R@GTG,M:R,GTG,0.28782328479112973,,90,18,5
Shear,mean,M:R@GTT,M:R,GTT,-0.15974653403508768,0.00454781342805175,95,19,5
Shear,sd,M:R@GTT,M:R,GTT,0.2809907931273245,,95,19,5
Shear,mean,M:R@TAA,M:R,TAA,0.08118799878787875,0.008681539353378906,55,11,5
Shear,sd,M:R@TAA,M:R,TAA,0.29202917648647986,,55,11,5
Shear,mean,M:R@TAC,M:R,TAC,0.09877183412698409,0.006723762738584716,84,17,5
Shear,sd,M:R@TAC,M:R,TAC,0.3101236191042636,,84,17,5
Shear,mean,M:R@TAG,M:R,TAG,0.024803619393939373,0.004988434273336949,110,21,5
Shear,sd,M:R@TAG,M:R,TAG,0.31697634533148383,,110,21,5
Shear,mean,M:R@TAT,M:R,TAT,0.07637650526315785,0.004761346813655941,95,19,5
Shear,sd,M:R@TAT,M:R,TAT,0.2957465301822633,,95,19,5
Shear,mean,M:R@TCA,M:R,TCA,0.021240728421052638,0.019626540135333867,95,18,5
Shear,sd,M:R@TCA,M:R,TCA,0.40770290378263835,,95,18,5
Shear,mean,M:R@TCC,M:R,TCC,0.03725674823529411,0.017811227396284733,85,17,5
Shear,sd,M:R@TCC,M:R,TCC,0.38573804262750905,,85,17,5
Shear,mean,M:R@TCG,M:R,TCG,-0.10785963629629626,0.018013274944050833,90,17,5
Shear,sd,M:R@TCG,M:R,TCG,0.47072861199225396,,90,17,5
Shear,mean,M:R@TCT,M:R,TCT,0.03967269333333333,0.010448998543554371,120,23,5
Shear,sd,M:R@TCT,M:R,TCT,0.37746807650571473,,120,23,5
Shear,mean,M:R@TGA,M:R,TGA,-0.16498289568627447,0.006764199481722992,85,17,5
Shear,sd,M:R@TGA,M:R,TGA,0.34247387279093955,,85,17,5
Shear,mean,M:R@TGC,M:R,TGC,-0.11660305025641023,0.010622505500873595,65,13,5
Shear,sd,M:R@TGC,M:R,TGC,0.35691418353868076,,65,13,5
Shear,mean,M:R@TGG,M:R,TGG,-0.17127791768115935,0.00795680489392698,115,23,5
Shear,sd,M:R@TGG,M:R,TGG,0.3389039236625696,,115,23,5
Shear,mean,M:R@TGT,M:R,TGT,-0.12580034740740736,0.007383284992908561,90,18,5
Shear,sd,M:R@TGT,M:R,TGT,0.34201734179805915,,90,18,5
Shear,mean,M:R@TTA,M:R,TTA,-0.1685237733333333,0.005105568885348569,70,14,5
Shear,sd,M:R@TTA,M:R,TTA,0.2753246789512158,,70,14,5
Shear,mean,M:R@TTC,M:R,TTC,-0.16080988115942027,0.004404151530370244,115,22,5
Shear,sd,M:R@TTC,M:R,TTC,0.2765436934421347,,115,22,5
Shear,mean,M:R@TTG,M:R,TTG,-0.16618108622222216,0.003292213784409371,75,15,5
Shear,sd,M:R@TTG,M:R,TTG,0.27873077744843555,,75,15,5
Shear,mean,M:R@TTT,M:R,TTT,-0.11829907515151512,0.008453438557459936,55,11,5
Shear,sd,M:R@TTT,M:R,TTT,0.27317561260954465,,55,11,5
Shear,mean,R:R@AAA,R:R,AAA,0.07056622051282048,0.006895874613445514,39,8,5
Shear,sd,R:R@AAA,R:R,AAA,0.3036177082774952,,39,8,5
Shear,mean,R:R@AAC,R:R,AAC,0.0702463133333333,0.004735133386041468,50,10,5
Shear,sd,R:R@AAC,R:R,AAC,0.31234293325012336,,50,10,5
Shear,mean,R:R@AAG,R:R,AAG,-0.008646127777777766,0.0048812870207731035,24,5,5
Shear,sd,R:R@AAG,R:R,AAG,0.3285493582066235,,24,5,5
Shear,mean,R:R@AAT,R:R,AAT,-0.01804623515151519,0.0441988798201985,55,11,5
Shear,sd,R:R@AAT,R:R,AAT,0.40027026163555046,,55,11,5
Shear,mean,R:R@ACA,R:R,ACA,0.1681821388888888,0.0036072886858594805,60,12,5
Shear,sd,R:R@ACA,R:R,ACA,0.34866987223980944,,60,12,5
Shear,mean,R:R@ACC,R:R,ACC,0.15931479999999992,0.00540501803035991,55,11,5
Shear,sd,R:R@ACC,R:R,ACC,0.34470359221832786,,55,11,5
Shear,mean,R:R@ACG,R:R,ACG,0.1625745428571428,0.01372844220763125,35,7,5
Shear,sd,R:R@ACG,R:R,ACG,0.3805692900197684,,35,7,5
Shear,mean,R:R@ACT,R:R,ACT,0.20950003166666664,0.006697797778273611,40,7,5
Shear,sd,R:R@ACT,R:R,ACT,0.3418282458651059,,40,7,5
Shear,mean,R:R@AGA,R:R,AGA,-0.16755374857142855,0.007851558010442145,35,7,5
Shear,sd,R:R@AGA,R:R,AGA,0.33306951282128106,,35,7,5
Shear,mean,R:R@AGC,R:R,AGC,-0.13874591999999997,0.004999195783041289,80,15,5
Shear,sd,R:R@AGC,R:R,AGC,0.32910925944519687,,80,15,5
Shear,mean,R:R@AGG,R:R,AGG,-0.1685097466666666,0.007920566040561435,15,3,5
Shear,sd,R:R@AGG,R:R,AGG,0.33149265688582547,,15,3,5
Shear,mean,R:R@AGT,R:R,AGT,-0.19454733666666663,0.006516490086356854,60,12,5
Shear,sd,R:R@AGT,R:R,AGT,0.3470734798895485,,60,12,5
Shear,mean,R:R@ATA,R:R,ATA,-0.10067025629629626,0.0025764370416312375,45,8,5
Shear,sd,R:R@ATA,R:R,ATA,0.30488039309707293,,45,8,5
Shear,mean,R:R@ATC,R:R,ATC,-0.062432702564102514,0.004861604771595886,65,13,5
Shear,sd,R:R@ATC,R:R,ATC,0.3110393604060375,,65,13,5
Shear,mean,R:R@ATG,R:R,ATG,-0.10413096380952377,0.008354445515697213,35,7,5
Shear,sd,R:R@ATG,R:R,ATG,0.3059996402588858,,35,7,5
Shear,mean,R:R@ATT,R:R,ATT,-0.04403380380952377,0.003902539040146966,35,7,5
Shear,sd,R:R@ATT,R:R,ATT,0.3195643981823673,,35,7,5
Shear,mean,R:R@CAA,R:R,CAA,0.12935010666666663,0.003445097242213579,40,8,5
Shear,sd,R:R@CAA,R:R,CAA,0.3010006494485487,,40,8,5
Shear,mean,R:R@CAC,R:R,CAC,0.10007592108843533,0.003101597728858124,49,10,5
Shear,sd,R:R@CAC,R:R,CAC,0.3068709516266069,,49,10,5
Shear,mean,R:R@CAG,R:R,CAG,0.054329100512820465,0.005753654548604849,65,13,5
Shear,sd,R:R@CAG,R:R,CAG,0.31914640609255235,,65,13,5
Shear,mean,R:R@CAT,R:R,CAT,0.0909515133333333,0.0015725914314995589,20,3,5
Shear,sd,R:R@CAT,R:R,CAT,0.30584914013871306,,20,3,5
Shear,mean,R:R@CCA,R:R,CCA,0.16708393333333332,0.003458181362170694,65,13,5
Shear,sd,R:R@CCA,R:R,CCA,0.3363804388033465,,65,13,5
Shear,mean,R:R@CCC,R:R,CCC,0.15305427111111106,0.014534748121254442,15,3,5
Shear,sd,R:R@CCC,R:R,CCC,0.32453670798844164,,15,3,5
Shear,mean,R:R@CCG,R:R,CCG,0.18217390799999997,0.00995806976440713,50,10,5
Shear,sd,R:R@CCG,R:R,CCG,0.37164664387150503,,50,10,5
Shear,mean,R:R@CCT,R:R,CCT,0.186229775,0.004609603429282483,40,8,5
Shear,sd,R:R@CCT,R:R,CCT,0.3265757717241439,,40,8,5
Shear,mean,R:R@CGA,R:R,CGA,-0.12403379333333331,0.005079599167946019,40,8,5
Shear,sd,R:R@CGA,R:R,CGA,0.3557246928221426,,40,8,5
Shear,mean,R:R@CGC,R:R,CGC,-0.0894935013333333,0.01293238388028065,25,5,5
Shear,sd,R:R@CGC,R:R,CGC,0.34981497137377304,,25,5,5
Shear,mean,R:R@CGG,R:R,CGG,-0.16843961999999998,0.008497009709922516,50,10,5
Shear,sd,R:R@CGG,R:R,CGG,0.36445499263616293,,50,10,5
Shear,mean,R:R@CGT,R:R,CGT,-0.1497821377777777,0.008128112576204279,60,12,5
Shear,sd,R:R@CGT,R:R,CGT,0.3831652501367799,,60,12,5
Shear,mean,R:R@CTA,R:R,CTA,-0.052010315151515114,0.0046352945597936375,55,11,5
Shear,sd,R:R@CTA,R:R,CTA,0.315313934597742,,55,11,5
Shear,mean,R:R@CTC,R:R,CTC,-0.006586879999999992,0.007835496409215272,20,4,5
Shear,sd,R:R@CTC,R:R,CTC,0.3176815935795099,,20,4,5
Shear,mean,R:R@CTG,R:R,CTG,-0.05701899829059824,0.0067195498780301885,39,8,5
Shear,sd,R:R@CTG,R:R,CTG,0.3177633811496041,,39,8,5
Shear,mean,R:R@CTT,R:R,CTT,0.016767336190476184,0.019758051038290092,70,14,5
Shear,sd,R:R@CTT,R:R,CTT,0.3558312091285571,,70,14,5
Shear,mean,R:R@GAA,R:R,GAA,0.07833548476190472,0.015410887088460857,70,14,5
Shear,sd,R:R@GAA,R:R,GAA,0.3212587287040223,,70,14,5
Shear,mean,R:R@GAC,R:R,GAC,0.0606633173333333,0.006048374828263483,50,9,5
Shear,sd,R:R@GAC,R:R,GAC,0.31313696924913814,,50,9,5
Shear,mean,R:R@GAG,R:R,GAG,0.019613373333333312,0.0016412402024994588,30,6,5
Shear,sd,R:R@GAG,R:R,GAG,0.31820139676395176,,30,6,5
Shear,mean,R:R@GAT,R:R,GAT,0.07264201185185182,0.009670101546592622,45,9,5
Shear,sd,R:R@GAT,R:R,GAT,0.3123905438410311,,45,9,5
Shear,mean,R:R@GCA,R:R,GCA,0.09630203999999995,0.0062980394953442275,20,4,5
Shear,sd,R:R@GCA,R:R,GCA,0.3254036624433649,,20,4,5
Shear,mean,R:R@GCC,R:R,GCC,0.09210908555555553,0.004676601860829124,60,12,5
Shear,sd,R:R@GCC,R:R,GCC,0.3191543288710481,,60,12,5
Shear,mean,R:R@GCG,R:R,GCG,0.09951077066666664,0.0049981551457393735,50,10,5
Shear,sd,R:R@GCG,R:R,GCG,0.34232986772131313,,50,10,5
Shear,mean,R:R@GCT,R:R,GCT,0.1377242177777777,0.006788651474259292,45,9,5
Shear,sd,R:R@GCT,R:R,GCT,0.3287758066887543,,45,9,5
Shear,mean,R:R@GGA,R:R,GGA,-0.1108406533333333,0.004953376358998047,55,11,5
Shear,sd,R:R@GGA,R:R,GGA,0.3245600913452554,,55,11,5
Shear,mean,R:R@GGC,R:R,GGC,-0.08952791179487174,0.0035530074305407198,65,13,5
Shear,sd,R:R@GGC,R:R,GGC,0.32025282774321084,,65,13,5
Shear,mean,R:R@GGG,R:R,GGG,-0.1485562323809524,0.0057193355238932845,35,7,5
Shear,sd,R:R@GGG,R:R,GGG,0.3291030129805397,,35,7,5
Shear,mean,R:R@GGT,R:R,GGT,-0.1692374533333333,0.004722046875463748,30,6,5
Shear,sd,R:R@GGT,R:R,GGT,0.3371784722201928,,30,6,5
Shear,mean,R:R@GTA,R:R,GTA,-0.0997109047619047,0.0033241273994069056,35,7,5
Shear,sd,R:R@GTA,R:R,GTA,0.3077794546380823,,35,7,5
Shear,mean,R:R@GTC,R:R,GTC,-0.05169035555555553,0.005718749834100932,30,5,5
Shear,sd,R:R@GTC,R:R,GTC,0.31177778002030265,,30,5,5
Shear,mean,R:R@GTG,R:R,GTG,-0.11073934266666662,0.0026491360817754075,50,10,5
Shear,sd,R:R@GTG,R:R,GTG,0.3075005341619703,,50,10,5
Shear,mean,R:R@GTT,R:R,GTT,-0.06887947733333329,0.004196140207775119,50,10,5
Shear,sd,R:R@GTT,R:R,GTT,0.31208156713062907,,50,10,5
Shear,mean,R:R@TAA,R:R,TAA,0.11931667999999995,0.00991954522801789,20,4,5
Shear,sd,R:R@TAA,R:R,TAA,0.29589247112633904,,20,4,5
Shear,mean,R:R@TAC,R:R,TAC,0.09598637037037033,0.005731180804263543,45,9,5
Shear,sd,R:R@TAC,R:R,TAC,0.30964873600315224,,45,9,5
Shear,mean,R:R@TAG,R:R,TAG,0.05349037128205126,0.00501377841442113,65,12,5
Shear,sd,R:R@TAG,R:R,TAG,0.3174718903355146,,65,12,5
Shear,mean,R:R@TAT,R:R,TAT,0.09488212969696964,0.004537869614518809,55,11,5
Shear,sd,R:R@TAT,R:R,TAT,0.30511419631901787,,55,11,5
Shear,mean,R:R@TCA,R:R,TCA,0.13393241999999994,0.011914233075331983,30,6,5
Shear,sd,R:R@TCA,R:R,TCA,0.3418753365519713,,30,6,5
Shear,mean,R:R@TCC,R:R,TCC,0.10883405777777774,0.004774382960776824,45,9,5
Shear,sd,R:R@TCC,R:R,TCC,0.321661256204195,,45,9,5
Shear,mean,R:R@TCG,R:R,TCG,0.12892992666666664,0.013301653134830468,50,10,5
Shear,sd,R:R@TCG,R:R,TCG,0.3589526466408636,,50,10,5
Shear,mean,R:R@TCT,R:R,TCT,0.16053983999999996,0.006359389529153527,60,11,5
Shear,sd,R:R@TCT,R:R,TCT,0.3316900136085278,,60,11,5
Shear,mean,R:R@TGA,R:R,TGA,-0.13429225499999997,0.011065951448777216,40,8,5
Shear,sd,R:R@TGA,R:R,TGA,0.3406782968499949,,40,8,5
Shear,mean,R:R@TGC,R:R,TGC,-0.09627457111111105,0.006673947754500628,30,6,5
Shear,sd,R:R@TGC,R:R,TGC,0.3320869267542382,,30,6,5
Shear,mean,R:R@TGG,R:R,TGG,-0.16631740180180177,0.005889836911684961,74,15,5
Shear,sd,R:R@TGG,R:R,TGG,0.3399632430639682,,74,15,5
Shear,mean,R:R@TGT,R:R,TGT,-0.15792669904761905,0.0065752594171467355,35,7,5
Shear,sd,R:R@TGT,R:R,TGT,0.3414701934097305,,35,7,5
Shear,mean,R:R@TTA,R:R,TTA,-0.12858762370370366,0.006854535758551153,45,9,5
Shear,sd,R:R@TTA,R:R,TTA,0.2992175335475269,,45,9,5
Shear,mean,R:R@TTC,R:R,TTC,-0.08670639887005645,0.006791455155833468,59,11,5
Shear,sd,R:R@TTC,R:R,TTC,0.299562594044567,,59,11,5
Shear,mean,R:R@TTG,R:R,TTG,-0.11755065185185182,0.006157695096485174,45,9,5
Shear,sd,R:R@TTG,R:R,TTG,0.30007137933482486,,45,9,5
Shear,mean,R:R@TTT,R:R,TTT,-0.07042315199999996,0.012016073186396166,25,5,5
Shear,sd,R:R@TTT,R:R,TTT,0.3034689188063562,,25,5,5
Stagger,mean,D:R@AAA,D:R,AAA,-0.18108469,0.016154975871355424,80,16,5
Stagger,sd,D:R@AAA,D:R,AAA,0.4582347837742951,,80,16,5
Stagger,mean,D:R@AAC,D:R,AAC,-0.056044324109014665,0.029403049368226457,159,32,5
Stagger,sd,D:R@AAC,D:R,AAC,0.5032698960080777,,159,32,5
Stagger,mean,D:R@AAG,D:R,AAG,-0.017763815999999984,0.019996689792264783,100,20,5
Stagger,sd,D:R@AAG,D:R,AAG,0.44026699049725837,,100,20,5
Stagger,mean,D:R@AAT,D:R,AAT,0.011708111884057966,0.01918909867330092,115,23,5
Stagger,sd,D:R@AAT,D:R,AAT,0.47500293520653875,,115,23,5
Stagger,mean,D:R@ACA,D:R,ACA,-0.06568958609406952,0.020139565454999883,163,32,5
Stagger,sd,D:R@ACA,D:R,ACA,0.48221467570312676,,163,32,5
Stagger,mean,D:R@ACC,D:R,ACC,-0.21437083999999998,0.02330043665442373,140,27,5
Stagger,sd,D:R@ACC,D:R,ACC,0.46968055808930276,,140,27,5
Stagger,mean,D:R@ACG,D:R,ACG,-0.26644776689655175,0.03339395654016282,145,29,5
Stagger,sd,D:R@ACG,D:R,ACG,0.49253762590428934,,145,29,5
Stagger,mean,D:R@ACT,D:R,ACT,-0.03205224202020203,0.020573070008378574,165,31,5
Stagger,sd,D:R@ACT,D:R,ACT,0.46556702440206205,,165,31,5
Stagger,mean,D:R@AGA,D:R,AGA,0.01617364470588235,0.0193554777937815,85,17,5
Stagger,sd,D:R@AGA,D:R,AGA,0.42839837219257537,,85,17,5
Stagger,mean,D:R@AGC,D:R,AGC,0.20012839999999998,0.016286656964315843,150,29,5
Stagger,sd,D:R@AGC,D:R,AGC,0.4095986737143654,,150,29,5
Stagger,mean,D:R@AGG,D:R,AGG,0.0042099149999999955,0.012745127574551617,80,16,5
Stagger,sd,D:R@AGG,D:R,AGG,0.4069645157439831,,80,16,5
Stagger,mean,D:R@AGT,D:R,AGT,0.15535548929292933,0.030134412693234636,165,33,5
Stagger,sd,D:R@AGT,D:R,AGT,0.4594144578726232,,165,33,5
Stagger,mean,D:R@ATA,D:R,ATA,-0.0322805903030303,0.023346480697121735,110,21,5
Stagger,sd,D:R@ATA,D:R,ATA,0.443973342943813,,110,21,5
Stagger,mean,D:R@ATC,D:R,ATC,0.04607777595628414,0.014039094279338103,183,37,5
Stagger,sd,D:R@ATC,D:R,ATC,0.44668530334698875,,183,37,5
Stagger,mean,D:R@ATG,D:R,ATG,-0.1499851506410256,0.014721419008478063,104,21,5
Stagger,sd,D:R@ATG,D:R,ATG,0.4436937089161948,,104,21,5
Stagger,mean,D:R@ATT,D:R,ATT,-0.05935014727272724,0.014233479806853765,110,22,5
Stagger,sd,D:R@ATT,D:R,ATT,0.4424236864423276,,110,22,5
Stagger,mean,D:R@CAA,D:R,CAA,-0.1462093477333333,0.016333563114757026,125,25,5
Stagger,sd,D:R@CAA,D:R,CAA,0.4429326239140984,,125,25,5
Stagger,mean,D:R@CAC,D:R,CAC,-0.017949502013422814,0.024715159101894032,149,30,5
Stagger,sd,D:R@CAC,D:R,CAC,0.5005371523399641,,149,30,5
Stagger,mean,D:R@CAG,D:R,CAG,0.02147519741935483,0.010945942815424003,155,31,5
Stagger,sd,D:R@CAG,D:R,CAG,0.4296520473548148,,155,31,5
Stagger,mean,D:R@CAT,D:R,CAT,0.0798984641269841,0.021650494855785848,105,20,5
Stagger,sd,D:R@CAT,D:R,CAT,0.46026229217529185,,105,20,5
Stagger,mean,D:R@CCA,D:R,CCA,-0.037858497046413496,0.03482491086277608,158,32,5
Stagger,sd,D:R@CCA,D:R,CCA,0.4915015366173659,,158,32,5
Stagger,mean,D:R@CCC,D:R,CCC,-0.15473403333333333,0.02631747173757285,60,12,5
Stagger,sd,D:R@CCC,D:R,CCC,0.44517972202106637,,60,12,5
Stagger,mean,D:R@CCG,D:R,CCG,-0.20834865818181814,0.021583008790053267,165,33,5
Stagger,sd,D:R@CCG,D:R,CCG,0.4898628830644077,,165,33,5
Stagger,mean,D:R@CCT,D:R,CCT,-0.06669410239999998,0.019074616919761644,125,25,5
Stagger,sd,D:R@CCT,D:R,CCT,0.43500216396120767,,125,25,5
Stagger,mean,D:R@CGA,D:R,CGA,-0.028763032777777763,0.014213195600783513,120,24,5
Stagger,sd,D:R@CGA,D:R,CGA,0.4295672562661917,,120,24,5
Stagger,mean,D:R@CGC,D:R,CGC,0.17371697944444442,0.02611069236970902,120,24,5
Stagger,sd,D:R@CGC,D:R,CGC,0.42908241724529905,,120,24,5
Stagger,mean,D:R@CGG,D:R,CGG,-0.011111137254901956,0.013652626021461873,170,34,5
Stagger,sd,D:R@CGG,D:R,CGG,0.42815450731458915,,170,34,5
Stagger,mean,D:R@CGT,D:R,CGT,0.08946782895238095,0.034256529377885675,175,33,5
Stagger,sd,D:R@CGT,D:R,CGT,0.49733764696664295,,175,33,5
Stagger,mean,D:R@CTA,D:R,CTA,0.09142959901234565,0.015326842175169617,135,27,5
Stagger,sd,D:R@CTA,D:R,CTA,0.4365262447295912,,135,27,5
Stagger,mean,D:R@CTC,D:R,CTC,0.11844784726368159,0.01816493199821794,134,27,5
Stagger,sd,D:R@CTC,D:R,CTC,0.43086255868320084,,134,27,5
Stagger,mean,D:R@CTG,D:R,CTG,-0.04904379712230215,0.0167284990641519,139,28,5
Stagger,sd,D:R@CTG,D:R,CTG,0.4374429371162117,,139,28,5
Stagger,mean,D:R@CTT,D:R,CTT,0.027504982439024377,0.012443709338127698,205,40,5
Stagger,sd,D:R@CTT,D:R,CTT,0.4242928192714175,,205,40,5
Stagger,mean,D:R@GAA,D:R,GAA,-0.12384353703703699,0.013787028227186499,144,29,5
Stagger,sd,D:R@GAA,D:R,GAA,0.47357436806239694,,144,29,5
Stagger,mean,D:R@GAC,D:R,GAC,0.12960698055555553,0.026552914818163922,144,28,5
Stagger,sd,D:R@GAC,D:R,GAC,0.5137575819256663,,144,28,5
Stagger,mean,D:R@GAG,D:R,GAG,0.09365804266666665,0.02177447457896057,75,15,5
Stagger,sd,D:R@GAG,D:R,GAG,0.44981286562095846,,75,15,5
Stagger,mean,D:R@GAT,D:R,GAT,0.10001059487179485,0.01922463443334648,130,26,5
Stagger,sd,D:R@GAT,D:R,GAT,0.48274616096274997,,130,26,5
Stagger,mean,D:R@GCA,D:R,GCA,-0.07336414666666664,0.023336697151610127,100,20,5
Stagger,sd,D:R@GCA,D:R,GCA,0.43214064864464197,,100,20,5
Stagger,mean,D:R@GCC,D:R,GCC,-0.12776055708333328,0.014338833964658975,160,32,5
Stagger,sd,D:R@GCC,D:R,GCC,0.43498875774952844,,160,32,5
Stagger,mean,D:R@GCG,D:R,GCG,-0.16776001386666667,0.0205625570957405,125,24,5
Stagger,sd,D:R@GCG,D:R,GCG,0.4498218101825069,,125,24,5
Stagger,mean,D:R@GCT,D:R,GCT,-0.012891916049382716,0.015347495174477081,135,27,5
Stagger,sd,D:R@GCT,D:R,GCT,0.4176571903089709,,135,27,5
Stagger,mean,D:R@GGA,D:R,GGA,-0.13563479757575755,0.011442735747436955,165,33,5
Stagger,sd,D:R@GGA,D:R,GGA,0.4124334943631653,,165,33,5
Stagger,mean,D:R@GGC,D:R,GGC,0.05855308708333332,0.017424062078924052,160,30,5
Stagger,sd,D:R@GGC,D:R,GGC,0.4052098210130276,,160,30,5
Stagger,mean,D:R@GGG,D:R,GGG,-0.08969082769230766,0.01951920002117646,65,13,5
Stagger,sd,D:R@GGG,D:R,GGG,0.39967946857420655,,65,13,5
Stagger,mean,D:R@GGT,D:R,GGT,-0.019905932795698918,0.028135788123383586,124,25,5
Stagger,sd,D:R@GGT,D:R,GGT,0.4403464356680154,,124,25,5
Stagger,mean,D:R@GTA,D:R,GTA,-0.013476950819672132,0.023611375971056125,183,37,5
Stagger,sd,D:R@GTA,D:R,GTA,0.47932050179997526,,183,37,5
Stagger,mean,D:R@GTC,D:R,GTC,-0.1164253483709273,0.03680542254117446,133,26,5
Stagger,sd,D:R@GTC,D:R,GTC,0.4923325968175402,,133,26,5
Stagger,mean,D:R@GTG,D:R,GTG,-0.0987148440860215,0.019676128312163997,124,24,5
Stagger,sd,D:R@GTG,D:R,GTG,0.4716190915031779,,124,24,5
Stagger,mean,D:R@GTT,D:R,GTT,-0.17321523466666666,0.027259783006134655,125,25,5
Stagger,sd,D:R@GTT,D:R,GTT,0.4778256958368285,,125,25,5
Stagger,mean,D:R@TAA,D:R,TAA,-0.10409888507936506,0.01190867542531872,105,21,5
Stagger,sd,D:R@TAA,D:R,TAA,0.4490678642576378,,105,21,5
Stagger,mean,D:R@TAC,D:R,TAC,0.15250348252032517,0.02245415918592692,164,33,5
Stagger,sd,D:R@TAC,D:R,TAC,0.49462953528722703,,164,33,5
Stagger,mean,D:R@TAG,D:R,TAG,0.07388285471264365,0.007757243962689235,145,28,5
Stagger,sd,D:R@TAG,D:R,TAG,0.42915765559297947,,145,28,5
Stagger,mean,D:R@TAT,D:R,TAT,0.1451251316129032,0.012073755718288637,155,30,5
Stagger,sd,D:R@TAT,D:R,TAT,0.4625717224483677,,155,30,5
Stagger,mean,D:R@TCA,D:R,TCA,-0.1754758,0.014975293736214779,110,22,5
Stagger,sd,D:R@TCA,D:R,TCA,0.4472672399395114,,110,22,5
Stagger,mean,D:R@TCC,D:R,TCC,-0.15673409204301073,0.012322400137987846,155,31,5
Stagger,sd,D:R@TCC,D:R,TCC,0.4380778222532355,,155,31,5
Stagger,mean,D:R@TCG,D:R,TCG,-0.2853134420833333,0.015319652320328513,160,32,5
Stagger,sd,D:R@TCG,D:R,TCG,0.44941885654934755,,160,32,5
Stagger,mean,D:R@TCT,D:R,TCT,-0.04281088245614034,0.010499233572500448,190,35,5
Stagger,sd,D:R@TCT,D:R,TCT,0.41979473189215566,,190,35,5
Stagger,mean,D:R@TGA,D:R,TGA,-0.02010670199999999,0.010904434044766546,100,20,5
Stagger,sd,D:R@TGA,D:R,TGA,0.42137059338816146,,100,20,5
Stagger,mean,D:R@TGC,D:R,TGC,0.20494998086956517,0.01851565628926156,115,22,5
Stagger,sd,D:R@TGC,D:R,TGC,0.41023823329402914,,115,22,5
Stagger,mean,D:R@TGG,D:R,TGG,0.03348037087719297,0.013628127995942992,190,36,5
Stagger,sd,D:R@TGG,D:R,TGG,0.41717675359261797,,190,36,5
Stagger,mean,D:R@TGT,D:R,TGT,0.20031397493333328,0.02033130779676895,125,25,5
Stagger,sd,D:R@TGT,D:R,TGT,0.46549209033953615,,125,25,5
Stagger,mean,D:R@TTA,D:R,TTA,-0.13439487611940296,0.012621602677352985,134,27,5
Stagger,sd,D:R@TTA,D:R,TTA,0.45301974131661255,,134,27,5
Stagger,mean,D:R@TTC,D:R,TTC,-0.028901247111111104,0.013876909855795183,150,29,5
Stagger,sd,D:R@TTC,D:R,TTC,0.4449007483311943,,150,29,5
Stagger,mean,D:R@TTG,D:R,TTG,-0.2253808195555555,0.018904767545628184,150,30,5
Stagger,sd,D:R@TTG,D:R,TTG,0.4559783919112145,,150,30,5
Stagger,mean,D:R@TTT,D:R,TTT,-0.1420313498039215,0.015965504044420736,85,17,5
Stagger,sd,D:R@TTT,D:R,TTT,0.436742637113321,,85,17,5
Stagger,mean,E:R@AAA,E:R,AAA,-0.061452025714285693,0.013753602884027608,70,13,5
Stagger,sd,E:R@AAA,E:R,AAA,0.46260395375617247,,70,13,5
Stagger,mean,E:R@AAC,E:R,AAC,-0.27272148,0.016535728968917054,85,17,5
Stagger,sd,E:R@AAC,E:R,AAC,0.4552737554975564,,85,17,5
Stagger,mean,E:R@AAG,E:R,AAG,0.04621658196078429,0.01492635068265996,85,17,5
Stagger,sd,E:R@AAG,E:R,AAG,0.4366719191283749,,85,17,5
Stagger,mean,E:R@AAT,E:R,AAT,-0.1256961318518518,0.014783841215034253,90,18,5
Stagger,sd,E:R@AAT,E:R,AAT,0.47059137124217904,,90,18,5
Stagger,mean,E:R@ACA,E:R,ACA,-0.025266531014492735,0.014073037228421698,115,23,5
Stagger,sd,E:R@ACA,E:R,ACA,0.4078765221629257,,115,23,5
Stagger,mean,E:R@ACC,E:R,ACC,-0.03972825263157893,0.014243991698510589,95,19,5
Stagger,sd,E:R@ACC,E:R,ACC,0.3984373477442663,,95,19,5
Stagger,mean,E:R@ACG,E:R,ACG,-0.007880775238095229,0.009618784715904058,70,14,5
Stagger,sd,E:R@ACG,E:R,ACG,0.3977323126619327,,70,14,5
Stagger,mean,E:R@ACT,E:R,ACT,-0.0031992939130434787,0.013706423041188567,115,22,5
Stagger,sd,E:R@ACT,E:R,ACT,0.40523896730216474,,115,22,5
Stagger,mean,E:R@AGA,E:R,AGA,-0.06670678333333332,0.01497736781732596,80,16,5
Stagger,sd,E:R@AGA,E:R,AGA,0.41602580211056406,,80,16,5
Stagger,mean,E:R@AGC,E:R,AGC,0.010613829885057475,0.012483378742727879,145,28,5
Stagger,sd,E:R@AGC,E:R,AGC,0.3987453594083653,,145,28,5
Stagger,mean,E:R@AGG,E:R,AGG,-0.05512293641025638,0.014670282083364919,65,13,5
Stagger,sd,E:R@AGG,E:R,AGG,0.3921380163274104,,65,13,5
Stagger,mean,E:R@AGT,E:R,AGT,-0.1678807646376811,0.016615447728909508,115,23,5
Stagger,sd,E:R@AGT,E:R,AGT,0.4164820570626992,,115,23,5
Stagger,mean,E:R@ATA,E:R,ATA,0.1522364195286195,0.01653283252735153,99,19,5
Stagger,sd,E:R@ATA,E:R,ATA,0.4039800513357337,,99,19,5
Stagger,mean,E:R@ATC,E:R,ATC,0.10357624862745099,0.013319235751598253,85,17,5
Stagger,sd,E:R@ATC,E:R,ATC,0.41865749857130274,,85,17,5
Stagger,mean,E:R@ATG,E:R,ATG,0.19077389351851848,0.009031621377540308,72,15,5
Stagger,sd,E:R@ATG,E:R,ATG,0.40617744602183325,,72,15,5
Stagger,mean,E:R@ATT,E:R,ATT,0.018901925833333333,0.01675522069368306,80,16,5
Stagger,sd,E:R@ATT,E:R,ATT,0.4052998554919208,,80,16,5
Stagger,mean,E:R@CAA,E:R,CAA,0.031915734901960764,0.013060721081097598,85,17,5
Stagger,sd,E:R@CAA,E:R,CAA,0.46900299066462836,,85,17,5
Stagger,mean,E:R@CAC,E:R,CAC,-0.26774099298245607,0.014225393545089253,95,18,5
Stagger,sd,E:R@CAC,E:R,CAC,0.5025275506613266,,95,18,5
Stagger,mean,E:R@CAG,E:R,CAG,0.1628224811827957,0.009586625215878834,124,25,5
Stagger,sd,E:R@CAG,E:R,CAG,0.43781135752130035,,124,25,5
Stagger,mean,E:R@CAT,E:R,CAT,-0.05649353538461536,0.014465662116201336,65,12,5
Stagger,sd,E:R@CAT,E:R,CAT,0.49398778716633646,,65,12,5
Stagger,mean,E:R@CCA,E:R,CCA,0.11554088586666662,0.010456491336807535,125,25,5
Stagger,sd,E:R@CCA,E:R,CCA,0.37091341075769296,,125,25,5
Stagger,mean,E:R@CCC,E:R,CCC,0.12824314285714283,0.012637497681901104,35,7,5
Stagger,sd,E:R@CCC,E:R,CCC,0.36914783683687813,,35,7,5
Stagger,mean,E:R@CCG,E:R,CCG,0.13411879599999998,0.007980249446107287,100,20,5
Stagger,sd,E:R@CCG,E:R,CCG,0.3658770343655115,,100,20,5
Stagger,mean,E:R@CCT,E:R,CCT,0.15627795111111106,0.013111451182397833,75,15,5
Stagger,sd,E:R@CCT,E:R,CCT,0.36558125946697084,,75,15,5
Stagger,mean,E:R@CGA,E:R,CGA,-0.19254871111111108,0.015190827055794895,105,21,5
Stagger,sd,E:R@CGA,E:R,CGA,0.44001100428792456,,105,21,5
Stagger,mean,E:R@CGC,E:R,CGC,-0.1745262302222222,0.024714782020828673,75,14,5
Stagger,sd,E:R@CGC,E:R,CGC,0.4304962262501387,,75,14,5
Stagger,mean,E:R@CGG,E:R,CGG,-0.19777667809523808,0.011560267194559963,70,14,5
Stagger,sd,E:R@CGG,E:R,CGG,0.41547270074086,,70,14,5
Stagger,mean,E:R@CGT,E:R,CGT,-0.3548006863157894,0.019853657883921367,95,19,5
Stagger,sd,E:R@CGT,E:R,CGT,0.43955270469870894,,95,19,5
Stagger,mean,E:R@CTA,E:R,CTA,0.2192350863157895,0.015971141643484094,95,19,5
Stagger,sd,E:R@CTA,E:R,CTA,0.3823462814828848,,95,19,5
Stagger,mean,E:R@CTC,E:R,CTC,0.21007846555555554,0.028127191505849462,60,12,5
Stagger,sd,E:R@CTC,E:R,CTC,0.39920564331716235,,60,12,5
Stagger,mean,E:R@CTG,E:R,CTG,0.22304584679487177,0.007915660151188301,104,21,5
Stagger,sd,E:R@CTG,E:R,CTG,0.3813656379345828,,104,21,5
Stagger,mean,E:R@CTT,E:R,CTT,0.11923621055555551,0.008936713601150217,120,23,5
Stagger,sd,E:R@CTT,E:R,CTT,0.38305640956493653,,120,23,5
Stagger,mean,E:R@GAA,E:R,GAA,-0.03945223302180683,0.011381358820308525,107,22,5
Stagger,sd,E:R@GAA,E:R,GAA,0.4621846856013227,,107,22,5
Stagger,mean,E:R@GAC,E:R,GAC,-0.2254040123655914,0.020595743167856378,124,24,5
Stagger,sd,E:R@GAC,E:R,GAC,0.46811150736534113,,124,24,5
Stagger,mean,E:R@GAG,E:R,GAG,0.06361673666666663,0.013228072656778186,80,16,5
Stagger,sd,E:R@GAG,E:R,GAG,0.437053569246176,,80,16,5
Stagger,mean,E:R@GAT,E:R,GAT,-0.13205084417670682,0.01857800368294081,83,17,5
Stagger,sd,E:R@GAT,E:R,GAT,0.4667269464490332,,83,17,5
Stagger,mean,E:R@GCA,E:R,GCA,0.0586544053333333,0.014836580295007593,75,15,5
Stagger,sd,E:R@GCA,E:R,GCA,0.38872840761496463,,75,15,5
Stagger,mean,E:R@GCC,E:R,GCC,0.07227538611111109,0.00920218695155153,120,24,5
Stagger,sd,E:R@GCC,E:R,GCC,0.38220223275095566,,120,24,5
Stagger,mean,E:R@GCG,E:R,GCG,0.07218955682539678,0.008796416152365993,105,20,5
Stagger,sd,E:R@GCG,E:R,GCG,0.39062595696005914,,105,20,5
Stagger,mean,E:R@GCT,E:R,GCT,0.11580683157894732,0.01572449116195107,95,19,5
Stagger,sd,E:R@GCT,E:R,GCT,0.37357274899649334,,95,19,5
Stagger,mean,E:R@GGA,E:R,GGA,-0.12853422745098037,0.011104219752711897,85,17,5
Stagger,sd,E:R@GGA,E:R,GGA,0.3959817612059304,,85,17,5
Stagger,mean,E:R@GGC,E:R,GGC,-0.09417451839999996,0.013044562939537001,125,25,5
Stagger,sd,E:R@GGC,E:R,GGC,0.38354216915433637,,125,25,5
Stagger,mean,E:R@GGG,E:R,GGG,-0.16444867777777775,0.012261109938343135,60,12,5
Stagger,sd,E:R@GGG,E:R,GGG,0.3754812970680658,,60,12,5
Stagger,mean,E:R@GGT,E:R,GGT,-0.23502503636363634,0.01925291157158225,55,11,5
Stagger,sd,E:R@GGT,E:R,GGT,0.3944174560748814,,55,11,5
Stagger,mean,E:R@GTA,E:R,GTA,-0.00813036095238094,0.016939159406063727,70,14,5
Stagger,sd,E:R@GTA,E:R,GTA,0.40346162080331666,,70,14,5
Stagger,mean,E:R@GTC,E:R,GTC,-0.1321326085714285,0.010643372740972872,70,12,5
Stagger,sd,E:R@GTC,E:R,GTC,0.40484063331490255,,70,12,5
Stagger,mean,E:R@GTG,E:R,GTG,0.02165364219409281,0.012478357224969755,79,16,5
Stagger,sd,E:R@GTG,E:R,GTG,0.3999322719891375,,79,16,5
Stagger,mean,E:R@GTT,E:R,GTT,-0.16231684421052625,0.011124550493517096,95,19,5
Stagger,sd,E:R@GTT,E:R,GTT,0.3887048557822219,,95,19,5
Stagger,mean,E:R@TAA,E:R,TAA,0.05492543555555552,0.017210991733428608,60,12,5
Stagger,sd,E:R@TAA,E:R,TAA,0.455366898300633,,60,12,5
Stagger,mean,E:R@TAC,E:R,TAC,-0.16756704879725084,0.018021353606304056,97,19,5
Stagger,sd,E:R@TAC,E:R,TAC,0.4980172770630351,,97,19,5
Stagger,mean,E:R@TAG,E:R,TAG,0.1514923595061728,0.01085418632733436,135,24,5
Stagger,sd,E:R@TAG,E:R,TAG,0.43248984474332425,,135,24,5
Stagger,mean,E:R@TAT,E:R,TAT,-0.013809180350877177,0.02111463655412135,95,19,5
Stagger,sd,E:R@TAT,E:R,TAT,0.46964356770345195,,95,19,5
Stagger,mean,E:R@TCA,E:R,TCA,0.13510933599999997,0.026271044366965923,50,10,5
Stagger,sd,E:R@TCA,E:R,TCA,0.3719306986862043,,50,10,5
Stagger,mean,E:R@TCC,E:R,TCC,0.16482190196078428,0.011490361986201595,85,17,5
Stagger,sd,E:R@TCC,E:R,TCC,0.37501182519378734,,85,17,5
Stagger,mean,E:R@TCG,E:R,TCG,0.1940234114285714,0.012909591513828594,70,14,5
Stagger,sd,E:R@TCG,E:R,TCG,0.3748045043024724,,70,14,5
Stagger,mean,E:R@TCT,E:R,TCT,0.23627058826666666,0.010605974044161524,125,24,5
Stagger,sd,E:R@TCT,E:R,TCT,0.3726868403231031,,125,24,5
Stagger,mean,E:R@TGA,E:R,TGA,-0.15091327333333326,0.010970379850381016,110,21,5
Stagger,sd,E:R@TGA,E:R,TGA,0.4266432469557993,,110,21,5
Stagger,mean,E:R@TGC,E:R,TGC,-0.12043817583333331,0.018634126373159164,80,16,5
Stagger,sd,E:R@TGC,E:R,TGC,0.417407082532395,,80,16,5
Stagger,mean,E:R@TGG,E:R,TGG,-0.15344286736842103,0.007982068171577185,95,19,5
Stagger,sd,E:R@TGG,E:R,TGG,0.4103845640403052,,95,19,5
Stagger,mean,E:R@TGT,E:R,TGT,-0.3035876466666666,0.02430980659101853,70,14,5
Stagger,sd,E:R@TGT,E:R,TGT,0.4351744381144049,,70,14,5
Stagger,mean,E:R@TTA,E:R,TTA,0.2543619103030303,0.015196870164382377,110,21,5
Stagger,sd,E:R@TTA,E:R,TTA,0.3809013966515877,,110,21,5
Stagger,mean,E:R@TTC,E:R,TTC,0.2268312247619047,0.015101845511726827,105,20,5
Stagger,sd,E:R@TTC,E:R,TTC,0.38611446161201496,,105,20,5
Stagger,mean,E:R@TTG,E:R,TTG,0.27195720973782767,0.020670284523890792,89,18,5
Stagger,sd,E:R@TTG,E:R,TTG,0.38065068680445374,,89,18,5
Stagger,mean,E:R@TTT,E:R,TTT,0.16517688296296293,0.02418494806330623,45,8,5
Stagger,sd,E:R@TTT,E:R,TTT,0.3807932749870397,,45,8,5
Stagger,mean,M:R@AAA,M:R,AAA,-0.1415219944444444,0.031273594105830714,60,12,5
Stagger,sd,M:R@AAA,M:R,AAA,0.43528945535610286,,60,12,5
Stagger,mean,M:R@AAC,M:R,AAC,-0.3284881803921569,0.022949514160494917,85,17,5
Stagger,sd,M:R@AAC,M:R,AAC,0.462490113260701,,85,17,5
Stagger,mean,M:R@AAG,M:R,AAG,-0.08123631384615382,0.01936844018686192,65,13,5
Stagger,sd,M:R@AAG,M:R,AAG,0.4304860148523148,,65,13,5
Stagger,mean,M:R@AAT,M:R,AAT,-0.17695002039215682,0.0254718590025559,85,17,5
Stagger,sd,M:R@AAT,M:R,AAT,0.4483766212197333,,85,17,5
Stagger,mean,M:R@ACA,M:R,ACA,-0.3449525028571428,0.02313125592263947,105,21,5
Stagger,sd,M:R@ACA,M:R,ACA,0.46585038799587003,,105,21,5
Stagger,mean,M:R@ACC,M:R,ACC,-0.42546016579710144,0.021365375459563612,115,23,5
Stagger,sd,M:R@ACC,M:R,ACC,0.45398222020938556,,115,23,5
Stagger,mean,M:R@ACG,M:R,ACG,-0.385897928,0.0266613587578039,75,15,5
Stagger,sd,M:R@ACG,M:R,ACG,0.5038145634903961,,75,15,5
Stagger,mean,M:R@ACT,M:R,ACT,-0.34548994666666666,0.02647738808525925,100,19,5
Stagger,sd,M:R@ACT,M:R,ACT,0.47914135394808643,,100,19,5
Stagger,mean,M:R@AGA,M:R,AGA,-0.05598366066666666,0.025662970272962535,100,20,5
Stagger,sd,M:R@AGA,M:R,AGA,0.4050091399030807,,100,20,5
Stagger,mean,M:R@AGC,M:R,AGC,0.05416389799999996,0.011626798053540797,100,19,5
Stagger,sd,M:R@AGC,M:R,AGC,0.3865711860483419,,100,19,5
Stagger,mean,M:R@AGG,M:R,AGG,-0.052792848888888876,0.048097176729156726,60,12,5
Stagger,sd,M:R@AGG,M:R,AGG,0.38632969285586605,,60,12,5
Stagger,mean,M:R@AGT,M:R,AGT,-0.13603690242424238,0.02423307180847621,110,22,5
Stagger,sd,M:R@AGT,M:R,AGT,0.4275336114646274,,110,22,5
Stagger,mean,M:R@ATA,M:R,ATA,0.025288368205128205,0.024494469564329782,65,12,5
Stagger,sd,M:R@ATA,M:R,ATA,0.40696647798426494,,65,12,5
Stagger,mean,M:R@ATC,M:R,ATC,-0.031586111999999986,0.019921116826579835,125,25,5
Stagger,sd,M:R@ATC,M:R,ATC,0.4670100167701055,,125,25,5
Stagger,mean,M:R@ATG,M:R,ATG,-0.022965038518518513,0.015617429080918881,90,18,5
Stagger,sd,M:R@ATG,M:R,ATG,0.4182558577638254,,90,18,5
Stagger,mean,M:R@ATT,M:R,ATT,-0.22292286051282045,0.025173728019504984,65,13,5
Stagger,sd,M:R@ATT,M:R,ATT,0.4360446438490807,,65,13,5
Stagger,mean,M:R@CAA,M:R,CAA,-0.13896684355555555,0.017799441124909866,75,15,5
Stagger,sd,M:R@CAA,M:R,CAA,0.43846774938886096,,75,15,5
Stagger,mean,M:R@CAC,M:R,CAC,-0.11140861275362318,0.027684016524117963,115,23,5
Stagger,sd,M:R@CAC,M:R,CAC,0.4844016557401311,,115,23,5
Stagger,mean,M:R@CAG,M:R,CAG,0.012915768888888884,0.015502225033845277,105,21,5
Stagger,sd,M:R@CAG,M:R,CAG,0.41042084941134716,,105,21,5
Stagger,mean,M:R@CAT,M:R,CAT,0.07010859487179485,0.02923389220490582,65,12,5
Stagger,sd,M:R@CAT,M:R,CAT,0.45467303141636267,,65,12,5
Stagger,mean,M:R@CCA,M:R,CCA,-0.26238391444444437,0.010047012315286447,120,24,5
Stagger,sd,M:R@CCA,M:R,CCA,0.40527974032268793,,120,24,5
Stagger,mean,M:R@CCC,M:R,CCC,-0.31426612,0.022016717443088304,40,8,5
Stagger,sd,M:R@CCC,M:R,CCC,0.41704605504319436,,40,8,5
Stagger,mean,M:R@CCG,M:R,CCG,-0.32381478,0.015717129124210097,120,24,5
Stagger,sd,M:R@CCG,M:R,CCG,0.44447293562888684,,120,24,5
Stagger,mean,M:R@CCT,M:R,CCT,-0.22441087999999992,0.015441452355513597,80,16,5
Stagger,sd,M:R@CCT,M:R,CCT,0.41876008576784296,,80,16,5
Stagger,mean,M:R@CGA,M:R,CGA,-0.142827517037037,0.023369606446102323,90,18,5
Stagger,sd,M:R@CGA,M:R,CGA,0.4111523671296723,,90,18,5
Stagger,mean,M:R@CGC,M:R,CGC,0.025594743589743573,0.023067304602795987,65,13,5
Stagger,sd,M:R@CGC,M:R,CGC,0.4251688950361146,,65,13,5
Stagger,mean,M:R@CGG,M:R,CGG,-0.14870216507936504,0.01916821263677835,105,21,5
Stagger,sd,M:R@CGG,M:R,CGG,0.3934665866596523,,105,21,5
Stagger,mean,M:R@CGT,M:R,CGT,-0.21337218730158725,0.02625179493333652,105,21,5
Stagger,sd,M:R@CGT,M:R,CGT,0.4364269276939095,,105,21,5
Stagger,mean,M:R@CTA,M:R,CTA,0.06903242222222221,0.016313472490562406,90,18,5
Stagger,sd,M:R@CTA,M:R,CTA,0.39493817332264036,,90,18,5
Stagger,mean,M:R@CTC,M:R,CTC,0.047678672727272706,0.02434457265296461,55,10,5
Stagger,sd,M:R@CTC,M:R,CTC,0.42783283010659595,,55,10,5
Stagger,mean,M:R@CTG,M:R,CTG,0.007332289075630244,0.017589158410343583,119,23,5
Stagger,sd,M:R@CTG,M:R,CTG,0.4009977441955409,,119,23,5
Stagger,mean,M:R@CTT,M:R,CTT,-0.06283837799999997,0.0133629302824711,100,20,5
Stagger,sd,M:R@CTT,M:R,CTT,0.40834380447399304,,100,20,5
Stagger,mean,M:R@GAA,M:R,GAA,-0.18014520999999994,0.017424850575065973,100,20,5
Stagger,sd,M:R@GAA,M:R,GAA,0.44151697832110975,,100,20,5
Stagger,mean,M:R@GAC,M:R,GAC,-0.25636980405797094,0.029038526768565585,115,22,5
Stagger,sd,M:R@GAC,M:R,GAC,0.4857513291205619,,115,22,5
Stagger,mean,M:R@GAG,M:R,GAG,-0.059179452499999986,0.014969292767722206,80,16,5
Stagger,sd,M:R@GAG,M:R,GAG,0.43328952687378663,,80,16,5
Stagger,mean,M:R@GAT,M:R,GAT,-0.12283760444444441,0.025945086801683642,120,24,5
Stagger,sd,M:R@GAT,M:R,GAT,0.4613688201076388,,120,24,5
Stagger,mean,M:R@GCA,M:R,GCA,-0.25592855076923077,0.02387843239789046,65,13,5
Stagger,sd,M:R@GCA,M:R,GCA,0.4268463333406101,,65,13,5
Stagger,mean,M:R@GCC,M:R,GCC,-0.2794344355555555,0.01474622327949419,120,23,5
Stagger,sd,M:R@GCC,M:R,GCC,0.4337253155060663,,120,23,5
Stagger,mean,M:R@GCG,M:R,GCG,-0.34653679288888883,0.024264869690061225,75,15,5
Stagger,sd,M:R@GCG,M:R,GCG,0.4713983992117476,,75,15,5
Stagger,mean,M:R@GCT,M:R,GCT,-0.20151914249999994,0.0219563133270618,80,16,5
Stagger,sd,M:R@GCT,M:R,GCT,0.4425262214992028,,80,16,5
Stagger,mean,M:R@GGA,M:R,GGA,-0.18164732698412694,0.016889375896949967,105,21,5
Stagger,sd,M:R@GGA,M:R,GGA,0.3878504140741086,,105,21,5
Stagger,mean,M:R@GGC,M:R,GGC,-0.043068265714285695,0.014708797382846127,140,28,5
Stagger,sd,M:R@GGC,M:R,GGC,0.37922484694043185,,140,28,5
Stagger,mean,M:R@GGG,M:R,GGG,-0.22940461948717947,0.014562712099168918,65,13,5
Stagger,sd,M:R@GGG,M:R,GGG,0.37117081142384845,,65,13,5
Stagger,mean,M:R@GGT,M:R,GGT,-0.20339887333333329,0.03182734000631626,70,14,5
Stagger,sd,M:R@GGT,M:R,GGT,0.41527601202597364,,70,14,5
Stagger,mean,M:R@GTA,M:R,GTA,-0.1426137080701754,0.02124540644691327,95,18,5
Stagger,sd,M:R@GTA,M:R,GTA,0.4282751937243321,,95,18,5
Stagger,mean,M:R@GTC,M:R,GTC,-0.2600480784313725,0.042423294057665616,85,16,5
Stagger,sd,M:R@GTC,M:R,GTC,0.48857161210719935,,85,16,5
Stagger,mean,M:R@GTG,M:R,GTG,-0.16746463259259256,0.019085348952500476,90,18,5
Stagger,sd,M:R@GTG,M:R,GTG,0.4355484362624224,,90,18,5
Stagger,mean,M:R@GTT,M:R,GTT,-0.43700607438596495,0.01585005470077198,95,19,5
Stagger,sd,M:R@GTT,M:R,GTT,0.44583670607913856,,95,19,5
Stagger,mean,M:R@TAA,M:R,TAA,-0.053108630303030285,0.017527685391235035,55,11,5
Stagger,sd,M:R@TAA,M:R,TAA,0.4247143643406464,,55,11,5
Stagger,mean,M:R@TAC,M:R,TAC,0.06309203095238096,0.04164518268299325,84,17,5
Stagger,sd,M:R@TAC,M:R,TAC,0.4964801579830923,,84,17,5
Stagger,mean,M:R@TAG,M:R,TAG,0.07290587030303028,0.009604771235780357,110,21,5
Stagger,sd,M:R@TAG,M:R,TAG,0.40963097820117855,,110,21,5
Stagger,mean,M:R@TAT,M:R,TAT,0.06835079719298243,0.01569153063400857,95,19,5
Stagger,sd,M:R@TAT,M:R,TAT,0.44079984686530105,,95,19,5
Stagger,mean,M:R@TCA,M:R,TCA,-0.22184683368421046,0.018985913032456742,95,18,5
Stagger,sd,M:R@TCA,M:R,TCA,0.40906212455009916,,95,18,5
Stagger,mean,M:R@TCC,M:R,TCC,-0.3041585898039215,0.019251349870327335,85,17,5
Stagger,sd,M:R@TCC,M:R,TCC,0.4188427501400131,,85,17,5
Stagger,mean,M:R@TCG,M:R,TCG,-0.2791302385185184,0.015534937518751143,90,17,5
Stagger,sd,M:R@TCG,M:R,TCG,0.45039654950317776,,90,17,5
Stagger,mean,M:R@TCT,M:R,TCT,-0.1319774483333333,0.019034917901173058,120,23,5
Stagger,sd,M:R@TCT,M:R,TCT,0.4236824222704174,,120,23,5
Stagger,mean,M:R@TGA,M:R,TGA,-0.11435707372549016,0.020187725696981504,85,17,5
Stagger,sd,M:R@TGA,M:R,TGA,0.4038953992288363,,85,17,5
Stagger,mean,M:R@TGC,M:R,TGC,0.04822787076923075,0.018382687206757353,65,13,5
Stagger,sd,M:R@TGC,M:R,TGC,0.40659991715610777,,65,13,5
Stagger,mean,M:R@TGG,M:R,TGG,-0.09126896927536228,0.011869851233042496,115,23,5
Stagger,sd,M:R@TGG,M:R,TGG,0.38354647632283606,,115,23,5
Stagger,mean,M:R@TGT,M:R,TGT,-0.06176558444444444,0.034775375933390786,90,18,5
Stagger,sd,M:R@TGT,M:R,TGT,0.445357817743441,,90,18,5
Stagger,mean,M:R@TTA,M:R,TTA,-0.025423195238095234,0.028650536963758175,70,14,5
Stagger,sd,M:R@TTA,M:R,TTA,0.3931969965765647,,70,14,5
Stagger,mean,M:R@TTC,M:R,TTC,-0.02447592637681159,0.020735516647785446,115,22,5
Stagger,sd,M:R@TTC,M:R,TTC,0.4319943364315594,,115,22,5
Stagger,mean,M:R@TTG,M:R,TTG,-0.028413882666666664,0.03828216945241211,75,15,5
Stagger,sd,M:R@TTG,M:R,TTG,0.40363711358466814,,75,15,5
Stagger,mean,M:R@TTT,M:R,TTT,-0.12151716606060603,0.032981685103506846,55,11,5
Stagger,sd,M:R@TTT,M:R,TTT,0.4140494813434414,,55,11,5
Stagger,mean,R:R@AAA,R:R,AAA,-0.07265761709401708,0.01572699608968268,39,8,5
Stagger,sd,R:R@AAA,R:R,AAA,0.451932694026591,,39,8,5
Stagger,mean,R:R@AAC,R:R,AAC,-0.14548050266666662,0.020677115013166034,50,10,5
Stagger,sd,R:R@AAC,R:R,AAC,0.4810459780221514,,50,10,5
Stagger,mean,R:R@AAG,R:R,AAG,0.07438498333333328,0.013330930742229258,24,5,5
Stagger,sd,R:R@AAG,R:R,AAG,0.42696549094457387,,24,5,5
Stagger,mean,R:R@AAT,R:R,AAT,-0.06970430666666663,0.012683903454979377,55,11,5
Stagger,sd,R:R@AAT,R:R,AAT,0.47336583953325745,,55,11,5
Stagger,mean,R:R@ACA,R:R,ACA,0.014197363333333329,0.01851350515217735,60,12,5
Stagger,sd,R:R@ACA,R:R,ACA,0.44479080190490683,,60,12,5
Stagger,mean,R:R@ACC,R:R,ACC,-0.13678785454545447,0.015003179525643706,55,11,5
Stagger,sd,R:R@ACC,R:R,ACC,0.4117994441869241,,55,11,5
Stagger,mean,R:R@ACG,R:R,ACG,-0.07872383238095236,0.030703299632734153,35,7,5
Stagger,sd,R:R@ACG,R:R,ACG,0.46428799185211256,,35,7,5
Stagger,mean,R:R@ACT,R:R,ACT,-0.014110558333333332,0.010634350034858698,40,7,5
Stagger,sd,R:R@ACT,R:R,ACT,0.435829250549038,,40,7,5
Stagger,mean,R:R@AGA,R:R,AGA,-0.04633438095238094,0.02088263667281187,35,7,5
Stagger,sd,R:R@AGA,R:R,AGA,0.40746275017828837,,35,7,5
Stagger,mean,R:R@AGC,R:R,AGC,0.039891154166666644,0.008813011377056715,80,15,5
Stagger,sd,R:R@AGC,R:R,AGC,0.39641997424001096,,80,15,5
Stagger,mean,R:R@AGG,R:R,AGG,-0.04546909777777773,0.013958796618746898,15,3,5
Stagger,sd,R:R@AGG,R:R,AGG,0.3821541500062986,,15,3,5
Stagger,mean,R:R@AGT,R:R,AGT,-0.0234887511111111,0.013047516405572576,60,12,5
Stagger,sd,R:R@AGT,R:R,AGT,0.442296381349086,,60,12,5
Stagger,mean,R:R@ATA,R:R,ATA,0.10838404444444442,0.017405693584164217,45,8,5
Stagger,sd,R:R@ATA,R:R,ATA,0.44405042659969396,,45,8,5
Stagger,mean,R:R@ATC,R:R,ATC,0.057368894358974326,0.015610780162905487,65,13,5
Stagger,sd,R:R@ATC,R:R,ATC,0.48074987447977746,,65,13,5
Stagger,mean,R:R@ATG,R:R,ATG,0.06742398285714282,0.018450301709270166,35,7,5
Stagger,sd,R:R@ATG,R:R,ATG,0.44600576487858606,,35,7,5
Stagger,mean,R:R@ATT,R:R,ATT,-0.061848424761904726,0.02640230406522553,35,7,5
Stagger,sd,R:R@ATT,R:R,ATT,0.4675536005860733,,35,7,5
Stagger,mean,R:R@CAA,R:R,CAA,-0.029199766666666647,0.022165920611321364,40,8,5
Stagger,sd,R:R@CAA,R:R,CAA,0.4420829948065116,,40,8,5
Stagger,mean,R:R@CAC,R:R,CAC,-0.006412855782312918,0.010133299277561354,49,10,5
Stagger,sd,R:R@CAC,R:R,CAC,0.4771287097647073,,49,10,5
Stagger,mean,R:R@CAG,R:R,CAG,0.11439343897435893,0.010883111092076085,65,13,5
Stagger,sd,R:R@CAG,R:R,CAG,0.41764471724423,,65,13,5
Stagger,mean,R:R@CAT,R:R,CAT,0.13201125666666663,0.016859030763878464,20,3,5
Stagger,sd,R:R@CAT,R:R,CAT,0.4627515738886567,,20,3,5
Stagger,mean,R:R@CCA,R:R,CCA,-0.04208221230769228,0.014311638233704113,65,13,5
Stagger,sd,R:R@CCA,R:R,CCA,0.38564829468095135,,65,13,5
Stagger,mean,R:R@CCC,R:R,CCC,-0.15477399555555552,0.015486760480917247,15,3,5
Stagger,sd,R:R@CCC,R:R,CCC,0.37020951643463484,,15,3,5
Stagger,mean,R:R@CCG,R:R,CCG,-0.09191880799999995,0.01485779358657105,50,10,5
Stagger,sd,R:R@CCG,R:R,CCG,0.40051395622580654,,50,10,5
Stagger,mean,R:R@CCT,R:R,CCT,-0.03605735499999998,0.015432889232134983,40,8,5
Stagger,sd,R:R@CCT,R:R,CCT,0.3797929484461403,,40,8,5
Stagger,mean,R:R@CGA,R:R,CGA,-0.09414522666666664,0.02570063915611738,40,8,5
Stagger,sd,R:R@CGA,R:R,CGA,0.4186616650095587,,40,8,5
Stagger,mean,R:R@CGC,R:R,CGC,0.006953629333333345,0.013704656521688837,25,5,5
Stagger,sd,R:R@CGC,R:R,CGC,0.41662872498953407,,25,5,5
Stagger,mean,R:R@CGG,R:R,CGG,-0.10358594266666664,0.015284767385781273,50,10,5
Stagger,sd,R:R@CGG,R:R,CGG,0.3989855898957863,,50,10,5
Stagger,mean,R:R@CGT,R:R,CGT,-0.12190166666666663,0.014519903155831682,60,12,5
Stagger,sd,R:R@CGT,R:R,CGT,0.4740104257724763,,60,12,5
Stagger,mean,R:R@CTA,R:R,CTA,0.15845919878787873,0.010732940158171547,55,11,5
Stagger,sd,R:R@CTA,R:R,CTA,0.40821045677872303,,55,11,5
Stagger,mean,R:R@CTC,R:R,CTC,0.1318504833333333,0.018209570012263174,20,4,5
Stagger,sd,R:R@CTC,R:R,CTC,0.4270906764503265,,20,4,5
Stagger,mean,R:R@CTG,R:R,CTG,0.11103845470085465,0.009784742483309595,39,8,5
Stagger,sd,R:R@CTG,R:R,CTG,0.4233411647916899,,39,8,5
Stagger,mean,R:R@CTT,R:R,CTT,0.04783151047619046,0.01569282473645159,70,14,5
Stagger,sd,R:R@CTT,R:R,CTT,0.42435855319872967,,70,14,5
Stagger,mean,R:R@GAA,R:R,GAA,-0.048088926666666656,0.01952177323005794,70,14,5
Stagger,sd,R:R@GAA,R:R,GAA,0.4611282597653572,,70,14,5
Stagger,mean,R:R@GAC,R:R,GAC,-0.012923631999999994,0.027073862849116098,50,9,5
Stagger,sd,R:R@GAC,R:R,GAC,0.49847484833975647,,50,9,5
Stagger,mean,R:R@GAG,R:R,GAG,0.1135202555555555,0.014502902206275599,30,6,5
Stagger,sd,R:R@GAG,R:R,GAG,0.42394839674443396,,30,6,5
Stagger,mean,R:R@GAT,R:R,GAT,-0.019807318518518524,0.022582107125382216,45,9,5
Stagger,sd,R:R@GAT,R:R,GAT,0.4749901496325743,,45,9,5
Stagger,mean,R:R@GCA,R:R,GCA,0.05753098999999996,0.013508821598961926,20,4,5
Stagger,sd,R:R@GCA,R:R,GCA,0.39609940685938105,,20,4,5
Stagger,mean,R:R@GCC,R:R,GCC,-0.05651769222222217,0.011252232301024966,60,12,5
Stagger,sd,R:R@GCC,R:R,GCC,0.3834206902900656,,60,12,5
Stagger,mean,R:R@GCG,R:R,GCG,-0.036662207999999995,0.014990176593841607,50,10,5
Stagger,sd,R:R@GCG,R:R,GCG,0.4143806834309256,,50,10,5
Stagger,mean,R:R@GCT,R:R,GCT,0.043776684444444415,0.011437183361441772,45,9,5
Stagger,sd,R:R@GCT,R:R,GCT,0.3970703933021256,,45,9,5
Stagger,mean,R:R@GGA,R:R,GGA,-0.18613469333333335,0.012804129397080307,55,11,5
Stagger,sd,R:R@GGA,R:R,GGA,0.38970827690974785,,55,11,5
Stagger,mean,R:R@GGC,R:R,GGC,-0.046495394871794854,0.01446926743880742,65,13,5
Stagger,sd,R:R@GGC,R:R,GGC,0.38354239789234834,,65,13,5
Stagger,mean,R:R@GGG,R:R,GGG,-0.13625969714285713,0.016774006987953026,35,7,5
Stagger,sd,R:R@GGG,R:R,GGG,0.3697636365279665,,35,7,5
Stagger,mean,R:R@GGT,R:R,GGT,-0.1556623199999999,0.014459857302501348,30,6,5
Stagger,sd,R:R@GGT,R:R,GGT,0.41560910982680543,,30,6,5
Stagger,mean,R:R@GTA,R:R,GTA,-0.021678131428571428,0.013469902355273197,35,7,5
Stagger,sd,R:R@GTA,R:R,GTA,0.4745881330506926,,35,7,5
Stagger,mean,R:R@GTC,R:R,GTC,-0.03166059333333333,0.03465385968634901,30,5,5
Stagger,sd,R:R@GTC,R:R,GTC,0.5037874194055771,,30,5,5
Stagger,mean,R:R@GTG,R:R,GTG,-0.0008402839999999903,0.013518830154063965,50,10,5
Stagger,sd,R:R@GTG,R:R,GTG,0.48398200547684467,,50,10,5
Stagger,mean,R:R@GTT,R:R,GTT,-0.18667270933333327,0.012624642014836082,50,10,5
Stagger,sd,R:R@GTT,R:R,GTT,0.48027252395621356,,50,10,5
Stagger,mean,R:R@TAA,R:R,TAA,0.01691064666666666,0.04236222057132585,20,4,5
Stagger,sd,R:R@TAA,R:R,TAA,0.43446600087130294,,20,4,5
Stagger,mean,R:R@TAC,R:R,TAC,0.05230157925925925,0.02428268035467457,45,9,5
Stagger,sd,R:R@TAC,R:R,TAC,0.4778540848591155,,45,9,5
Stagger,mean,R:R@TAG,R:R,TAG,0.14205693846153844,0.011017324208675615,65,12,5
Stagger,sd,R:R@TAG,R:R,TAG,0.40792710540879884,,65,12,5
Stagger,mean,R:R@TAT,R:R,TAT,0.09648001696969695,0.012880482318241676,55,11,5
Stagger,sd,R:R@TAT,R:R,TAT,0.4410045388988265,,55,11,5
Stagger,mean,R:R@TCA,R:R,TCA,-0.10451047999999998,0.016617772173785374,30,6,5
Stagger,sd,R:R@TCA,R:R,TCA,0.40705524900346096,,30,6,5
Stagger,mean,R:R@TCC,R:R,TCC,-0.21236657185185182,0.00832107830937529,45,9,5
Stagger,sd,R:R@TCC,R:R,TCC,0.3911504392081962,,45,9,5
Stagger,mean,R:R@TCG,R:R,TCG,-0.0945538373333333,0.01263242395551194,50,10,5
Stagger,sd,R:R@TCG,R:R,TCG,0.4154227666162864,,50,10,5
Stagger,mean,R:R@TCT,R:R,TCT,-0.045764409999999985,0.01841699565973832,60,11,5
Stagger,sd,R:R@TCT,R:R,TCT,0.4068177197827103,,60,11,5
Stagger,mean,R:R@TGA,R:R,TGA,-0.0690685433333333,0.015251950801135946,40,8,5
Stagger,sd,R:R@TGA,R:R,TGA,0.409777108448929,,40,8,5
Stagger,mean,R:R@TGC,R:R,TGC,0.020545677777777768,0.011622238011251937,30,6,5
Stagger,sd,R:R@TGC,R:R,TGC,0.4020239674923803,,30,6,5
Stagger,mean,R:R@TGG,R:R,TGG,-0.026276003603603583,0.006694322293582626,74,15,5
Stagger,sd,R:R@TGG,R:R,TGG,0.38779176617340294,,74,15,5
Stagger,mean,R:R@TGT,R:R,TGT,-0.00342104571428573,0.016567921658347667,35,7,5
Stagger,sd,R:R@TGT,R:R,TGT,0.4402743534016363,,35,7,5
Stagger,mean,R:R@TTA,R:R,TTA,-0.007839921481481469,0.01503502974961518,45,9,5
Stagger,sd,R:R@TTA,R:R,TTA,0.4413073194747685,,45,9,5
Stagger,mean,R:R@TTC,R:R,TTC,-0.04660168474576271,0.023452007976133213,59,11,5
Stagger,sd,R:R@TTC,R:R,TTC,0.46095665336363245,,59,11,5
Stagger,mean,R:R@TTG,R:R,TTG,0.0022174755555555573,0.0235662711656468,45,9,5
Stagger,sd,R:R@TTG,R:R,TTG,0.4352691403322183,,45,9,5
Stagger,mean,R:R@TTT,R:R,TTT,-0.11005908266666661,0.03959098310152945,25,5,5
Stagger,sd,R:R@TTT,R:R,TTT,0.453671254875433,,25,5,5
Stretch,mean,D:R@AAA,D:R,AAA,0.023433199166666623,0.0026165819040404135,80,16,5
Stretch,sd,D:R@AAA,D:R,AAA,0.13929156362448397,,80,16,5
Stretch,mean,D:R@AAC,D:R,AAC,0.02019187672955971,0.0031306739681483185,159,32,5
Stretch,sd,D:R@AAC,D:R,AAC,0.14256086233991966,,159,32,5
Stretch,mean,D:R@AAG,D:R,AAG,0.024500750666666623,0.0024028280231087563,100,20,5
Stretch,sd,D:R@AAG,D:R,AAG,0.13629764641663125,,100,20,5
Stretch,mean,D:R@AAT,D:R,AAT,0.025047804057970968,0.002002687301701099,115,23,5
Stretch,sd,D:R@AAT,D:R,AAT,0.1331160468359652,,115,23,5
Stretch,mean,D:R@ACA,D:R,ACA,-0.041028509611451915,0.005428003309123968,163,32,5
Stretch,sd,D:R@ACA,D:R,ACA,0.15222360972651722,,163,32,5
Stretch,mean,D:R@ACC,D:R,ACC,-0.06326207190476187,0.002776600016311615,140,27,5
Stretch,sd,D:R@ACC,D:R,ACC,0.12303178566626179,,140,27,5
Stretch,mean,D:R@ACG,D:R,ACG,-0.0235780317241379,0.007510885718149118,145,29,5
Stretch,sd,D:R@ACG,D:R,ACG,0.14636023996020836,,145,29,5
Stretch,mean,D:R@ACT,D:R,ACT,-0.08216419959595955,0.0026054452197843765,165,31,5
Stretch,sd,D:R@ACT,D:R,ACT,0.11987676411071883,,165,31,5
Stretch,mean,D:R@AGA,D:R,AGA,-0.04897532862745094,0.002730608921048512,85,17,5
Stretch,sd,D:R@AGA,D:R,AGA,0.11951166059201065,,85,17,5
Stretch,mean,D:R@AGC,D:R,AGC,-0.047592162666666625,0.002219731987854245,150,29,5
Stretch,sd,D:R@AGC,D:R,AGC,0.11602433277297902,,150,29,5
Stretch,mean,D:R@AGG,D:R,AGG,-0.0597699908333333,0.0020753292594920193,80,16,5
Stretch,sd,D:R@AGG,D:R,AGG,0.11884826571843612,,80,16,5
Stretch,mean,D:R@AGT,D:R,AGT,-0.06314497171717166,0.002455158569511881,165,33,5
Stretch,sd,D:R@AGT,D:R,AGT,0.1204919268421861,,165,33,5
Stretch,mean,D:R@ATA,D:R,ATA,0.03934840181818179,0.004306089812996341,110,21,5
Stretch,sd,D:R@ATA,D:R,ATA,0.1458311333671186,,110,21,5
Stretch,mean,D:R@ATC,D:R,ATC,0.02068186120218577,0.0033748499061753206,183,37,5
Stretch,sd,D:R@ATC,D:R,ATC,0.13597177381114903,,183,37,5
Stretch,mean,D:R@ATG,D:R,ATG,0.029369339102564066,0.003640994892967578,104,21,5
Stretch,sd,D:R@ATG,D:R,ATG,0.14200255115935295,,104,21,5
Stretch,mean,D:R@ATT,D:R,ATT,0.0032554430303030277,0.0026195840049180624,110,22,5
Stretch,sd,D:R@ATT,D:R,ATT,0.12826102048014762,,110,22,5
Stretch,mean,D:R@CAA,D:R,CAA,0.0366142549333333,0.0024336348628086527,125,25,5
Stretch,sd,D:R@CAA,D:R,CAA,0.13978985705858799,,125,25,5
Stretch,mean,D:R@CAC,D:R,CAC,0.025585673825503318,0.003497829474644939,149,30,5
Stretch,sd,D:R@CAC,D:R,CAC,0.14163016895360925,,149,30,5
Stretch,mean,D:R@CAG,D:R,CAG,0.04078356301075265,0.0018858487105801254,155,31,5
Stretch,sd,D:R@CAG,D:R,CAG,0.13655979935507784,,155,31,5
Stretch,mean,D:R@CAT,D:R,CAT,0.03656639047619043,0.0021653025382649934,105,20,5
Stretch,sd,D:R@CAT,D:R,CAT,0.1341095580966927,,105,20,5
Stretch,mean,D:R@CCA,D:R,CCA,-0.04533769831223626,0.010878068166236056,158,32,5
Stretch,sd,D:R@CCA,D:R,CCA,0.1599516783011704,,158,32,5
Stretch,mean,D:R@CCC,D:R,CCC,-0.06704249222222218,0.004523269497183534,60,12,5
Stretch,sd,D:R@CCC,D:R,CCC,0.11493620068033622,,60,12,5
Stretch,mean,D:R@CCG,D:R,CCG,-0.04961420686868684,0.005680425648031805,165,33,5
Stretch,sd,D:R@CCG,D:R,CCG,0.13759777510373153,,165,33,5
Stretch,mean,D:R@CCT,D:R,CCT,-0.07905233279999996,0.0019913609205263996,125,25,5
Stretch,sd,D:R@CCT,D:R,CCT,0.10985743328037828,,125,25,5
Stretch,mean,D:R@CGA,D:R,CGA,-0.04362255777777775,0.003711745085091765,120,24,5
Stretch,sd,D:R@CGA,D:R,CGA,0.12725607745290887,,120,24,5
Stretch,mean,D:R@CGC,D:R,CGC,-0.04747467777777774,0.003268835606605324,120,24,5
Stretch,sd,D:R@CGC,D:R,CGC,0.1304767073650254,,120,24,5
Stretch,mean,D:R@CGG,D:R,CGG,-0.05076163882352938,0.0028047900182371147,170,34,5
Stretch,sd,D:R@CGG,D:R,CGG,0.13321317491888376,,170,34,5
Stretch,mean,D:R@CGT,D:R,CGT,-0.06716574133333328,0.0017343413994949498,175,33,5
Stretch,sd,D:R@CGT,D:R,CGT,0.12796048859326403,,175,33,5
Stretch,mean,D:R@CTA,D:R,CTA,0.0161993120987654,0.002253206853881618,135,27,5
Stretch,sd,D:R@CTA,D:R,CTA,0.13775352053433257,,135,27,5
Stretch,mean,D:R@CTC,D:R,CTC,0.0026399159203980035,0.0053318933905076565,134,27,5
Stretch,sd,D:R@CTC,D:R,CTC,0.13027236770859654,,134,27,5
Stretch,mean,D:R@CTG,D:R,CTG,0.013798834532374066,0.00532322120209794,139,28,5
Stretch,sd,D:R@CTG,D:R,CTG,0.14177040719925865,,139,28,5
Stretch,mean,D:R@CTT,D:R,CTT,-0.006486204878048768,0.0018605795594033635,205,40,5
Stretch,sd,D:R@CTT,D:R,CTT,0.12390985656243127,,205,40,5
Stretch,mean,D:R@GAA,D:R,GAA,0.03405972314814811,0.0014596187438339224,144,29,5
Stretch,sd,D:R@GAA,D:R,GAA,0.14160331581564384,,144,29,5
Stretch,mean,D:R@GAC,D:R,GAC,0.019081256481481453,0.004888830498617849,144,28,5
Stretch,sd,D:R@GAC,D:R,GAC,0.14236327419466402,,144,28,5
Stretch,mean,D:R@GAG,D:R,GAG,0.023752778666666627,0.005632457696792282,75,15,5
Stretch,sd,D:R@GAG,D:R,GAG,0.1382691520178856,,75,15,5
Stretch,mean,D:R@GAT,D:R,GAT,0.021564892820512785,0.0026841643051918984,130,26,5
Stretch,sd,D:R@GAT,D:R,GAT,0.13717787701624803,,130,26,5
Stretch,mean,D:R@GCA,D:R,GCA,-0.04913536533333329,0.004538898273786435,100,20,5
Stretch,sd,D:R@GCA,D:R,GCA,0.12132917171881959,,100,20,5
Stretch,mean,D:R@GCC,D:R,GCC,-0.053870424583333285,0.0028509820752144798,160,32,5
Stretch,sd,D:R@GCC,D:R,GCC,0.11651817789063681,,160,32,5
Stretch,mean,D:R@GCG,D:R,GCG,-0.039232310933333306,0.003554816236564267,125,24,5
Stretch,sd,D:R@GCG,D:R,GCG,0.1266444908751485,,125,24,5
Stretch,mean,D:R@GCT,D:R,GCT,-0.07157530123456786,0.0017309232426436707,135,27,5
Stretch,sd,D:R@GCT,D:R,GCT,0.11080927503257577,,135,27,5
Stretch,mean,D:R@GGA,D:R,GGA,-0.0536269834343434,0.001330559142361009,165,33,5
Stretch,sd,D:R@GGA,D:R,GGA,0.11796621559112921,,165,33,5
Stretch,mean,D:R@GGC,D:R,GGC,-0.05162252916666663,0.0021345554451432003,160,30,5
Stretch,sd,D:R@GGC,D:R,GGC,0.11585974591959722,,160,30,5
Stretch,mean,D:R@GGG,D:R,GGG,-0.0624670974358974,0.002563091374339564,65,13,5
Stretch,sd,D:R@GGG,D:R,GGG,0.11670257039886464,,65,13,5
Stretch,mean,D:R@GGT,D:R,GGT,-0.06625933010752684,0.0019346751800154696,124,25,5
Stretch,sd,D:R@GGT,D:R,GGT,0.11911190862449583,,124,25,5
Stretch,mean,D:R@GTA,D:R,GTA,0.012355362477231308,0.002908992432407344,183,37,5
Stretch,sd,D:R@GTA,D:R,GTA,0.1425633426258603,,183,37,5
Stretch,mean,D:R@GTC,D:R,GTC,-0.006207037092731812,0.002425263800692053,133,26,5
Stretch,sd,D:R@GTC,D:R,GTC,0.13303199548970193,,133,26,5
Stretch,mean,D:R@GTG,D:R,GTG,0.019946920967741904,0.003552746046098884,124,24,5
Stretch,sd,D:R@GTG,D:R,GTG,0.14191032585117688,,124,24,5
Stretch,mean,D:R@GTT,D:R,GTT,-0.010348314133333309,0.0032701360443486804,125,25,5
Stretch,sd,D:R@GTT,D:R,GTT,0.1331939456223238,,125,25,5
Stretch,mean,D:R@TAA,D:R,TAA,0.02381815746031742,0.0011817346814813725,105,21,5
Stretch,sd,D:R@TAA,D:R,TAA,0.12993966017970457,,105,21,5
Stretch,mean,D:R@TAC,D:R,TAC,0.014656057317073142,0.002051767724446469,164,33,5
Stretch,sd,D:R@TAC,D:R,TAC,0.13405021571489273,,164,33,5
Stretch,mean,D:R@TAG,D:R,TAG,0.023755876321839037,0.0018339756659052288,145,28,5
Stretch,sd,D:R@TAG,D:R,TAG,0.12948193669613128,,145,28,5
Stretch,mean,D:R@TAT,D:R,TAT,0.021158404301075233,0.003501373396211829,155,30,5
Stretch,sd,D:R@TAT,D:R,TAT,0.13276503694450736,,155,30,5
Stretch,mean,D:R@TCA,D:R,TCA,-0.0388689036363636,0.00346285055965685,110,22,5
Stretch,sd,D:R@TCA,D:R,TCA,0.13577894139468477,,110,22,5
Stretch,mean,D:R@TCC,D:R,TCC,-0.05290435526881717,0.002313232086552052,155,31,5
Stretch,sd,D:R@TCC,D:R,TCC,0.11664536335582491,,155,31,5
Stretch,mean,D:R@TCG,D:R,TCG,-0.03214394458333329,0.0036504938702079078,160,32,5
Stretch,sd,D:R@TCG,D:R,TCG,0.1270300138209637,,160,32,5
Stretch,mean,D:R@TCT,D:R,TCT,-0.0702554280701754,0.0018791549790665941,190,35,5
Stretch,sd,D:R@TCT,D:R,TCT,0.11075644414056016,,190,35,5
Stretch,mean,D:R@TGA,D:R,TGA,-0.06014099266666662,0.0014547234193979161,100,20,5
Stretch,sd,D:R@TGA,D:R,TGA,0.11207007394555916,,100,20,5
Stretch,mean,D:R@TGC,D:R,TGC,-0.06303117101449272,0.0017900942966796794,115,22,5
Stretch,sd,D:R@TGC,D:R,TGC,0.11661564072090833,,115,22,5
Stretch,mean,D:R@TGG,D:R,TGG,-0.06616152912280697,0.001519999921620232,190,36,5
Stretch,sd,D:R@TGG,D:R,TGG,0.11492116433203081,,190,36,5
Stretch,mean,D:R@TGT,D:R,TGT,-0.07729382453333329,0.0020343320393879246,125,25,5
Stretch,sd,D:R@TGT,D:R,TGT,0.12221748558265623,,125,25,5
Stretch,mean,D:R@TTA,D:R,TTA,0.03439604776119399,0.002208542640316405,134,27,5
Stretch,sd,D:R@TTA,D:R,TTA,0.13259011914747312,,134,27,5
Stretch,mean,D:R@TTC,D:R,TTC,0.024881679111111072,0.001957280191018284,150,29,5
Stretch,sd,D:R@TTC,D:R,TTC,0.1283128531548055,,150,29,5
Stretch,mean,D:R@TTG,D:R,TTG,0.030474577333333298,0.0054104067375486346,150,30,5
Stretch,sd,D:R@TTG,D:R,TTG,0.1346286747356941,,150,30,5
Stretch,mean,D:R@TTT,D:R,TTT,0.017673287843137216,0.0028356345508355643,85,17,5
Stretch,sd,D:R@TTT,D:R,TTT,0.12392389808288684,,85,17,5
Stretch,mean,E:R@AAA,E:R,AAA,0.0204238333333333,0.004597680950369437,70,13,5
Stretch,sd,E:R@AAA,E:R,AAA,0.134196879002056,,70,13,5
Stretch,mean,E:R@AAC,E:R,AAC,0.01551398509803917,0.0011657671323478053,85,17,5
Stretch,sd,E:R@AAC,E:R,AAC,0.12875612370894535,,85,17,5
Stretch,mean,E:R@AAG,E:R,AAG,0.0013318901960783975,0.011652856501452482,85,17,5
Stretch,sd,E:R@AAG,E:R,AAG,0.14681051584442356,,85,17,5
Stretch,mean,E:R@AAT,E:R,AAT,0.012826328148148108,0.006976674222488467,90,18,5
Stretch,sd,E:R@AAT,E:R,AAT,0.13991558179005528,,90,18,5
Stretch,mean,E:R@ACA,E:R,ACA,-0.06683115478260865,0.0017266945098040208,115,23,5
Stretch,sd,E:R@ACA,E:R,ACA,0.11082354080150628,,115,23,5
Stretch,mean,E:R@ACC,E:R,ACC,-0.05510733333333329,0.0017804827714497152,95,19,5
Stretch,sd,E:R@ACC,E:R,ACC,0.10675613900700281,,95,19,5
Stretch,mean,E:R@ACG,E:R,ACG,-0.06983578857142854,0.0019475359038204556,70,14,5
Stretch,sd,E:R@ACG,E:R,ACG,0.11001590354142674,,70,14,5
Stretch,mean,E:R@ACT,E:R,ACT,-0.06324466202898546,0.0013545242750949323,115,22,5
Stretch,sd,E:R@ACT,E:R,ACT,0.11202976717358183,,115,22,5
Stretch,mean,E:R@AGA,E:R,AGA,-0.0557559333333333,0.002990520138066248,80,16,5
Stretch,sd,E:R@AGA,E:R,AGA,0.13840084877248457,,80,16,5
Stretch,mean,E:R@AGC,E:R,AGC,-0.057093397241379275,0.0010972682732551294,145,28,5
Stretch,sd,E:R@AGC,E:R,AGC,0.11659606605001142,,145,28,5
Stretch,mean,E:R@AGG,E:R,AGG,-0.06662567897435896,0.0031249942724333553,65,13,5
Stretch,sd,E:R@AGG,E:R,AGG,0.12598960212969115,,65,13,5
Stretch,mean,E:R@AGT,E:R,AGT,-0.08171889623188401,0.0016235912924276316,115,23,5
Stretch,sd,E:R@AGT,E:R,AGT,0.12840143956837866,,115,23,5
Stretch,mean,E:R@ATA,E:R,ATA,0.02069064781144778,0.002067925683415872,99,19,5
Stretch,sd,E:R@ATA,E:R,ATA,0.1330760639042545,,99,19,5
Stretch,mean,E:R@ATC,E:R,ATC,0.002104392156862735,0.001560013914389292,85,17,5
Stretch,sd,E:R@ATC,E:R,ATC,0.12034104752228364,,85,17,5
Stretch,mean,E:R@ATG,E:R,ATG,0.01648615740740737,0.0022155263684065576,72,15,5
Stretch,sd,E:R@ATG,E:R,ATG,0.13256873392520793,,72,15,5
Stretch,mean,E:R@ATT,E:R,ATT,0.012711174999999967,0.0015979579966892052,80,16,5
Stretch,sd,E:R@ATT,E:R,ATT,0.12081158059682458,,80,16,5
Stretch,mean,E:R@CAA,E:R,CAA,0.03332149725490192,0.0016234383900551406,85,17,5
Stretch,sd,E:R@CAA,E:R,CAA,0.13430249885802817,,85,17,5
Stretch,mean,E:R@CAC,E:R,CAC,0.028399841403508725,0.0021392588165830765,95,18,5
Stretch,sd,E:R@CAC,E:R,CAC,0.13694112270003866,,95,18,5
Stretch,mean,E:R@CAG,E:R,CAG,0.01791393333333329,0.00391298984611264,124,25,5
Stretch,sd,E:R@CAG,E:R,CAG,0.13822070614023116,,124,25,5
Stretch,mean,E:R@CAT,E:R,CAT,0.033170372307692264,0.00508049642773759,65,12,5
Stretch,sd,E:R@CAT,E:R,CAT,0.14405916038535058,,65,12,5
Stretch,mean,E:R@CCA,E:R,CCA,-0.07185173119999998,0.0015440195249851137,125,25,5
Stretch,sd,E:R@CCA,E:R,CCA,0.10673783740182363,,125,25,5
Stretch,mean,E:R@CCC,E:R,CCC,-0.05481643238095233,0.0021812810817869307,35,7,5
Stretch,sd,E:R@CCC,E:R,CCC,0.10318480915680901,,35,7,5
Stretch,mean,E:R@CCG,E:R,CCG,-0.07323040133333329,0.001318260814632672,100,20,5
Stretch,sd,E:R@CCG,E:R,CCG,0.10602432710985735,,100,20,5
Stretch,mean,E:R@CCT,E:R,CCT,-0.06027433777777774,0.0009450265025103294,75,15,5
Stretch,sd,E:R@CCT,E:R,CCT,0.10478967575147889,,75,15,5
Stretch,mean,E:R@CGA,E:R,CGA,-0.0342203041269841,0.00737303200982592,105,21,5
Stretch,sd,E:R@CGA,E:R,CGA,0.17772055000938083,,105,21,5
Stretch,mean,E:R@CGC,E:R,CGC,-0.04345658222222219,0.00571972479088785,75,14,5
Stretch,sd,E:R@CGC,E:R,CGC,0.15698035945043637,,75,14,5
Stretch,mean,E:R@CGG,E:R,CGG,-0.05111348952380949,0.0035420824677553572,70,14,5
Stretch,sd,E:R@CGG,E:R,CGG,0.1571232212243008,,70,14,5
Stretch,mean,E:R@CGT,E:R,CGT,-0.0793282624561403,0.0031590566178051347,95,19,5
Stretch,sd,E:R@CGT,E:R,CGT,0.13926593257982126,,95,19,5
Stretch,mean,E:R@CTA,E:R,CTA,0.0017709592982456121,0.0031321748124776617,95,19,5
Stretch,sd,E:R@CTA,E:R,CTA,0.12523012304255152,,95,19,5
Stretch,mean,E:R@CTC,E:R,CTC,-0.002454501111111106,0.0033968956590391926,60,12,5
Stretch,sd,E:R@CTC,E:R,CTC,0.1209431193437938,,60,12,5
Stretch,mean,E:R@CTG,E:R,CTG,0.0035982993589743556,0.0018094476499644489,104,21,5
Stretch,sd,E:R@CTG,E:R,CTG,0.12783225801938797,,104,21,5
Stretch,mean,E:R@CTT,E:R,CTT,0.012929927777777746,0.0017066372628700478,120,23,5
Stretch,sd,E:R@CTT,E:R,CTT,0.1183469822878867,,120,23,5
Stretch,mean,E:R@GAA,E:R,GAA,0.02552040124610588,0.0027702479464972313,107,22,5
Stretch,sd,E:R@GAA,E:R,GAA,0.12952614584921723,,107,22,5
Stretch,mean,E:R@GAC,E:R,GAC,0.006115480645161255,0.005631779154712284,124,24,5
Stretch,sd,E:R@GAC,E:R,GAC,0.12920869319699047,,124,24,5
Stretch,mean,E:R@GAG,E:R,GAG,0.00404347249999996,0.00834994860552818,80,16,5
Stretch,sd,E:R@GAG,E:R,GAG,0.13519800273068355,,80,16,5
Stretch,mean,E:R@GAT,E:R,GAT,0.015334792771084297,0.006139558005241993,83,17,5
Stretch,sd,E:R@GAT,E:R,GAT,0.12913602623730316,,83,17,5
Stretch,mean,E:R@GCA,E:R,GCA,-0.057613515555555515,0.002265796573706456,75,15,5
Stretch,sd,E:R@GCA,E:R,GCA,0.10939496386880028,,75,15,5
Stretch,mean,E:R@GCC,E:R,GCC,-0.043189597777777734,0.0008184950949261384,120,24,5
Stretch,sd,E:R@GCC,E:R,GCC,0.10167466880195357,,120,24,5
Stretch,mean,E:R@GCG,E:R,GCG,-0.06215045269841265,0.0006540176151132518,105,20,5
Stretch,sd,E:R@GCG,E:R,GCG,0.1053578864105851,,105,20,5
Stretch,mean,E:R@GCT,E:R,GCT,-0.04989446315789471,0.0020498290153773036,95,19,5
Stretch,sd,E:R@GCT,E:R,GCT,0.10223789870334075,,95,19,5
Stretch,mean,E:R@GGA,E:R,GGA,-0.05568741882352937,0.0026970023112553566,85,17,5
Stretch,sd,E:R@GGA,E:R,GGA,0.12229818734745623,,85,17,5
Stretch,mean,E:R@GGC,E:R,GGC,-0.054002102933333296,0.0010494519832036637,125,25,5
Stretch,sd,E:R@GGC,E:R,GGC,0.11006030073788223,,125,25,5
Stretch,mean,E:R@GGG,E:R,GGG,-0.06450797999999996,0.002897384915236618,60,12,5
Stretch,sd,E:R@GGG,E:R,GGG,0.11791772198755573,,60,12,5
Stretch,mean,E:R@GGT,E:R,GGT,-0.075553023030303,0.0025485327670505724,55,11,5
Stretch,sd,E:R@GGT,E:R,GGT,0.11919553276364374,,55,11,5
Stretch,mean,E:R@GTA,E:R,GTA,0.0216420971428571,0.001906572600137737,70,14,5
Stretch,sd,E:R@GTA,E:R,GTA,0.12386431604953338,,70,14,5
Stretch,mean,E:R@GTC,E:R,GTC,0.008404700952380925,0.0013554877922650357,70,12,5
Stretch,sd,E:R@GTC,E:R,GTC,0.12103749943358315,,70,12,5
Stretch,mean,E:R@GTG,E:R,GTG,0.022795416877637094,0.0016200818809605296,79,16,5
Stretch,sd,E:R@GTG,E:R,GTG,0.12464365145676308,,79,16,5
Stretch,mean,E:R@GTT,E:R,GTT,0.01557774245614031,0.0013506588464184477,95,19,5
Stretch,sd,E:R@GTT,E:R,GTT,0.12250313728912028,,95,19,5
Stretch,mean,E:R@TAA,E:R,TAA,0.027187932222222176,0.0023615640514697243,60,12,5
Stretch,sd,E:R@TAA,E:R,TAA,0.13136099634687468,,60,12,5
Stretch,mean,E:R@TAC,E:R,TAC,0.01691186804123708,0.002660962309592538,97,19,5
Stretch,sd,E:R@TAC,E:R,TAC,0.13405394114356728,,97,19,5
Stretch,mean,E:R@TAG,E:R,TAG,0.0040439688888888525,0.00686113240440265,135,24,5
Stretch,sd,E:R@TAG,E:R,TAG,0.13276280535427812,,135,24,5
Stretch,mean,E:R@TAT,E:R,TAT,0.024564236491228048,0.0035311056548834176,95,19,5
Stretch,sd,E:R@TAT,E:R,TAT,0.13585234327657045,,95,19,5
Stretch,mean,E:R@TCA,E:R,TCA,-0.07393612399999996,0.0019007378432999392,50,10,5
Stretch,sd,E:R@TCA,E:R,TCA,0.10858042525215846,,50,10,5
Stretch,mean,E:R@TCC,E:R,TCC,-0.05930323450980389,0.001305146314747703,85,17,5
Stretch,sd,E:R@TCC,E:R,TCC,0.10554857771057122,,85,17,5
Stretch,mean,E:R@TCG,E:R,TCG,-0.08174390571428569,0.0011253171048365227,70,14,5
Stretch,sd,E:R@TCG,E:R,TCG,0.10783571494300993,,70,14,5
Stretch,mean,E:R@TCT,E:R,TCT,-0.06840740479999995,0.0011131919805147485,125,24,5
Stretch,sd,E:R@TCT,E:R,TCT,0.10605047647502358,,125,24,5
Stretch,mean,E:R@TGA,E:R,TGA,-0.06575830848484845,0.0018405366234284925,110,21,5
Stretch,sd,E:R@TGA,E:R,TGA,0.13580236161936945,,110,21,5
Stretch,mean,E:R@TGC,E:R,TGC,-0.05850880749999996,0.003970683241521077,80,16,5
Stretch,sd,E:R@TGC,E:R,TGC,0.13257639501749363,,80,16,5
Stretch,mean,E:R@TGG,E:R,TGG,-0.05990601964912277,0.0024220992359969534,95,19,5
Stretch,sd,E:R@TGG,E:R,TGG,0.15615788748189122,,95,19,5
Stretch,mean,E:R@TGT,E:R,TGT,-0.07976740380952374,0.0048796581600778375,70,14,5
Stretch,sd,E:R@TGT,E:R,TGT,0.15052029562838345,,70,14,5
Stretch,mean,E:R@TTA,E:R,TTA,0.003735421818181799,0.002795798518806623,110,21,5
Stretch,sd,E:R@TTA,E:R,TTA,0.12388314893019857,,110,21,5
Stretch,mean,E:R@TTC,E:R,TTC,0.0015213612698412706,0.0012460732399042634,105,20,5
Stretch,sd,E:R@TTC,E:R,TTC,0.11824383964661525,,105,20,5
Stretch,mean,E:R@TTG,E:R,TTG,0.0049888749063670326,0.0019755181769282367,89,18,5
Stretch,sd,E:R@TTG,E:R,TTG,0.12494978979969319,,89,18,5
Stretch,mean,E:R@TTT,E:R,TTT,0.018467373333333297,0.001869146857438709,45,8,5
Stretch,sd,E:R@TTT,E:R,TTT,0.11954076213584995,,45,8,5
Stretch,mean,M:R@AAA,M:R,AAA,0.02412588222222218,0.0028997276783055727,60,12,5
Stretch,sd,M:R@AAA,M:R,AAA,0.12949924079780528,,60,12,5
Stretch,mean,M:R@AAC,M:R,AAC,-0.005361472941176458,0.0038553709090633774,85,17,5
Stretch,sd,M:R@AAC,M:R,AAC,0.13648565479848956,,85,17,5
Stretch,mean,M:R@AAG,M:R,AAG,0.011050470769230738,0.0018052754077392732,65,13,5
Stretch,sd,M:R@AAG,M:R,AAG,0.1273478147590948,,65,13,5
Stretch,mean,M:R@AAT,M:R,AAT,0.009515029019607818,0.002761944490985163,85,17,5
Stretch,sd,M:R@AAT,M:R,AAT,0.13105889653106817,,85,17,5
Stretch,mean,M:R@ACA,M:R,ACA,-0.08409029015873012,0.002869365010931951,105,21,5
Stretch,sd,M:R@ACA,M:R,ACA,0.12223267397260588,,105,21,5
Stretch,mean,M:R@ACC,M:R,ACC,-0.0677509901449275,0.003548749253988943,115,23,5
Stretch,sd,M:R@ACC,M:R,ACC,0.13384773393553204,,115,23,5
Stretch,mean,M:R@ACG,M:R,ACG,-0.06279723555555553,0.008682523430703455,75,15,5
Stretch,sd,M:R@ACG,M:R,ACG,0.14967193185198646,,75,15,5
Stretch,mean,M:R@ACT,M:R,ACT,-0.08396773266666661,0.002446200408799846,100,19,5
Stretch,sd,M:R@ACT,M:R,ACT,0.12327259755115184,,100,19,5
Stretch,mean,M:R@AGA,M:R,AGA,-0.07235408066666663,0.00298266621904592,100,20,5
Stretch,sd,M:R@AGA,M:R,AGA,0.1200306301400397,,100,20,5
Stretch,mean,M:R@AGC,M:R,AGC,-0.05851740999999997,0.0018792927315780972,100,19,5
Stretch,sd,M:R@AGC,M:R,AGC,0.1196412773377263,,100,19,5
Stretch,mean,M:R@AGG,M:R,AGG,-0.06481480777777773,0.003550759933960725,60,12,5
Stretch,sd,M:R@AGG,M:R,AGG,0.11608590591248745,,60,12,5
Stretch,mean,M:R@AGT,M:R,AGT,-0.07300874787878785,0.0031721745693039996,110,22,5
Stretch,sd,M:R@AGT,M:R,AGT,0.12108537873954756,,110,22,5
Stretch,mean,M:R@ATA,M:R,ATA,0.005098686153846142,0.0042798321791998415,65,12,5
Stretch,sd,M:R@ATA,M:R,ATA,0.11880717283748868,,65,12,5
Stretch,mean,M:R@ATC,M:R,ATC,0.0018164549333333372,0.003203931391057601,125,25,5
Stretch,sd,M:R@ATC,M:R,ATC,0.12174875036506723,,125,25,5
Stretch,mean,M:R@ATG,M:R,ATG,0.01006415259259257,0.003261006736619243,90,18,5
Stretch,sd,M:R@ATG,M:R,ATG,0.1239188663141867,,90,18,5
Stretch,mean,M:R@ATT,M:R,ATT,-0.0060826143589743364,0.003461806086086311,65,13,5
Stretch,sd,M:R@ATT,M:R,ATT,0.12120296223068103,,65,13,5
Stretch,mean,M:R@CAA,M:R,CAA,0.015184107555555526,0.0030173375373264027,75,15,5
Stretch,sd,M:R@CAA,M:R,CAA,0.12455527486630662,,75,15,5
Stretch,mean,M:R@CAC,M:R,CAC,0.013858092753623163,0.002102963076523145,115,23,5
Stretch,sd,M:R@CAC,M:R,CAC,0.13502221286035396,,115,23,5
Stretch,mean,M:R@CAG,M:R,CAG,0.00804670857142855,0.001898996186099803,105,21,5
Stretch,sd,M:R@CAG,M:R,CAG,0.12437863851179541,,105,21,5
Stretch,mean,M:R@CAT,M:R,CAT,0.018652787692307656,0.0028451702047254846,65,12,5
Stretch,sd,M:R@CAT,M:R,CAT,0.13362596670405827,,65,12,5
Stretch,mean,M:R@CCA,M:R,CCA,-0.06832905388888885,0.001046064872357787,120,24,5
Stretch,sd,M:R@CCA,M:R,CCA,0.10953489267827547,,120,24,5
Stretch,mean,M:R@CCC,M:R,CCC,-0.057000309999999964,0.002366529954068889,40,8,5
Stretch,sd,M:R@CCC,M:R,CCC,0.11231146044863378,,40,8,5
Stretch,mean,M:R@CCG,M:R,CCG,-0.05733613722222219,0.0035511170219921515,120,24,5
Stretch,sd,M:R@CCG,M:R,CCG,0.1264682420172155,,120,24,5
Stretch,mean,M:R@CCT,M:R,CCT,-0.06525871583333329,0.0014703967070604882,80,16,5
Stretch,sd,M:R@CCT,M:R,CCT,0.11098190446102085,,80,16,5
Stretch,mean,M:R@CGA,M:R,CGA,-0.07973583999999996,0.0030335093179716804,90,18,5
Stretch,sd,M:R@CGA,M:R,CGA,0.12265517731188977,,90,18,5
Stretch,mean,M:R@CGC,M:R,CGC,-0.062179869743589716,0.0035188507888270037,65,13,5
Stretch,sd,M:R@CGC,M:R,CGC,0.1292629625925949,,65,13,5
Stretch,mean,M:R@CGG,M:R,CGG,-0.0926434971428571,0.0028242567719500215,105,21,5
Stretch,sd,M:R@CGG,M:R,CGG,0.11680106333683435,,105,21,5
Stretch,mean,M:R@CGT,M:R,CGT,-0.08252860698412692,0.0023176556975033173,105,21,5
Stretch,sd,M:R@CGT,M:R,CGT,0.12623176944353498,,105,21,5
Stretch,mean,M:R@CTA,M:R,CTA,0.0061606281481481175,0.0009112369411478027,90,18,5
Stretch,sd,M:R@CTA,M:R,CTA,0.11665869661654565,,90,18,5
Stretch,mean,M:R@CTC,M:R,CTC,0.004262482424242406,0.0013339347238619903,55,10,5
Stretch,sd,M:R@CTC,M:R,CTC,0.11580007639482637,,55,10,5
Stretch,mean,M:R@CTG,M:R,CTG,0.012216168627450948,0.0017269083617524662,119,23,5
Stretch,sd,M:R@CTG,M:R,CTG,0.11892210479686921,,119,23,5
Stretch,mean,M:R@CTT,M:R,CTT,0.006756889333333301,0.0012652618408548187,100,20,5
Stretch,sd,M:R@CTT,M:R,CTT,0.11471752214639849,,100,20,5
Stretch,mean,M:R@GAA,M:R,GAA,0.013095757999999968,0.0016162024910566291,100,20,5
Stretch,sd,M:R@GAA,M:R,GAA,0.12577189398642427,,100,20,5
Stretch,mean,M:R@GAC,M:R,GAC,-0.005468291594202891,0.004184313470542811,115,22,5
Stretch,sd,M:R@GAC,M:R,GAC,0.13073395666096457,,115,22,5
Stretch,mean,M:R@GAG,M:R,GAG,0.010703571666666637,0.00258912707124455,80,16,5
Stretch,sd,M:R@GAG,M:R,GAG,0.12686277560479914,,80,16,5
Stretch,mean,M:R@GAT,M:R,GAT,0.008012679999999979,0.0026376233529968305,120,24,5
Stretch,sd,M:R@GAT,M:R,GAT,0.12913254985604306,,120,24,5
Stretch,mean,M:R@GCA,M:R,GCA,-0.05896572410256406,0.0026943606684558504,65,13,5
Stretch,sd,M:R@GCA,M:R,GCA,0.11428642163097646,,65,13,5
Stretch,mean,M:R@GCC,M:R,GCC,-0.041609482777777734,0.0017259611627538929,120,23,5
Stretch,sd,M:R@GCC,M:R,GCC,0.1146705396823679,,120,23,5
Stretch,mean,M:R@GCG,M:R,GCG,-0.05027204622222217,0.0031380280091951353,75,15,5
Stretch,sd,M:R@GCG,M:R,GCG,0.12116564893212704,,75,15,5
Stretch,mean,M:R@GCT,M:R,GCT,-0.05740798749999996,0.0018599978744990578,80,16,5
Stretch,sd,M:R@GCT,M:R,GCT,0.11459961678798167,,80,16,5
Stretch,mean,M:R@GGA,M:R,GGA,-0.06295678666666663,0.0027881453777999967,105,21,5
Stretch,sd,M:R@GGA,M:R,GGA,0.11640027944852123,,105,21,5
Stretch,mean,M:R@GGC,M:R,GGC,-0.05119121809523805,0.001963020167164436,140,28,5
Stretch,sd,M:R@GGC,M:R,GGC,0.11708603904333204,,140,28,5
Stretch,mean,M:R@GGG,M:R,GGG,-0.07070467487179484,0.002629639901656115,65,13,5
Stretch,sd,M:R@GGG,M:R,GGG,0.11085327570007937,,65,13,5
Stretch,mean,M:R@GGT,M:R,GGT,-0.06597568761904757,0.004279776190134313,70,14,5
Stretch,sd,M:R@GGT,M:R,GGT,0.11477480356613436,,70,14,5
Stretch,mean,M:R@GTA,M:R,GTA,0.0004061887719298114,0.0036848394004866396,95,18,5
Stretch,sd,M:R@GTA,M:R,GTA,0.12383580794036313,,95,18,5
Stretch,mean,M:R@GTC,M:R,GTC,-0.011042745098039191,0.0038088804704668553,85,16,5
Stretch,sd,M:R@GTC,M:R,GTC,0.12701146854346754,,85,16,5
Stretch,mean,M:R@GTG,M:R,GTG,0.010031114814814794,0.002700753784687014,90,18,5
Stretch,sd,M:R@GTG,M:R,GTG,0.12316333744542846,,90,18,5
Stretch,mean,M:R@GTT,M:R,GTT,-0.01880964982456137,0.0023395286959928575,95,19,5
Stretch,sd,M:R@GTT,M:R,GTT,0.1299361090758912,,95,19,5
Stretch,mean,M:R@TAA,M:R,TAA,0.01933793575757571,0.0031447363874416855,55,11,5
Stretch,sd,M:R@TAA,M:R,TAA,0.12200041087068839,,55,11,5
Stretch,mean,M:R@TAC,M:R,TAC,0.007766142857142838,0.00281961268123983,84,17,5
Stretch,sd,M:R@TAC,M:R,TAC,0.13602400292729502,,84,17,5
Stretch,mean,M:R@TAG,M:R,TAG,0.007440798787878766,0.001733214377377155,110,21,5
Stretch,sd,M:R@TAG,M:R,TAG,0.12170893882325907,,110,21,5
Stretch,mean,M:R@TAT,M:R,TAT,0.011214025964912246,0.000846783129325244,95,19,5
Stretch,sd,M:R@TAT,M:R,TAT,0.1252119149871499,,95,19,5
Stretch,mean,M:R@TCA,M:R,TCA,-0.06291771157894734,0.002951057187541563,95,18,5
Stretch,sd,M:R@TCA,M:R,TCA,0.11489246376701087,,95,18,5
Stretch,mean,M:R@TCC,M:R,TCC,-0.044848822745097994,0.0033736676643427626,85,17,5
Stretch,sd,M:R@TCC,M:R,TCC,0.11584283315100191,,85,17,5
Stretch,mean,M:R@TCG,M:R,TCG,-0.04756300814814811,0.002489565226150612,90,17,5
Stretch,sd,M:R@TCG,M:R,TCG,0.12254977269229228,,90,17,5
Stretch,mean,M:R@TCT,M:R,TCT,-0.05862997111111108,0.002135815226682017,120,23,5
Stretch,sd,M:R@TCT,M:R,TCT,0.11379260055993073,,120,23,5
Stretch,mean,M:R@TGA,M:R,TGA,-0.08155276313725486,0.0022127487192383027,85,17,5
Stretch,sd,M:R@TGA,M:R,TGA,0.11401365182020279,,85,17,5
Stretch,mean,M:R@TGC,M:R,TGC,-0.06655287179487175,0.0020977684088449838,65,13,5
Stretch,sd,M:R@TGC,M:R,TGC,0.11935886861755955,,65,13,5
Stretch,mean,M:R@TGG,M:R,TGG,-0.0833827205797101,0.0027823721400471913,115,23,5
Stretch,sd,M:R@TGG,M:R,TGG,0.113613670900609,,115,23,5
Stretch,mean,M:R@TGT,M:R,TGT,-0.08332265185185182,0.0011807543798700892,90,18,5
Stretch,sd,M:R@TGT,M:R,TGT,0.11538633621028462,,90,18,5
Stretch,mean,M:R@TTA,M:R,TTA,0.02220755142857139,0.003874516260984979,70,14,5
Stretch,sd,M:R@TTA,M:R,TTA,0.11803430845979797,,70,14,5
Stretch,mean,M:R@TTC,M:R,TTC,0.014105271304347801,0.003156109563708195,115,22,5
Stretch,sd,M:R@TTC,M:R,TTC,0.11580441552685895,,115,22,5
Stretch,mean,M:R@TTG,M:R,TTG,0.021773691555555502,0.0023956267259160014,75,15,5
Stretch,sd,M:R@TTG,M:R,TTG,0.1188718839101326,,75,15,5
Stretch,mean,M:R@TTT,M:R,TTT,0.013532163636363597,0.001999357998423346,55,11,5
Stretch,sd,M:R@TTT,M:R,TTT,0.11692129366285209,,55,11,5
Stretch,mean,R:R@AAA,R:R,AAA,0.03223344615384611,0.0025770370100341713,39,8,5
Stretch,sd,R:R@AAA,R:R,AAA,0.12886424726319506,,39,8,5
Stretch,mean,R:R@AAC,R:R,AAC,0.013519399999999973,0.0014208850317201894,50,10,5
Stretch,sd,R:R@AAC,R:R,AAC,0.14073663507354492,,50,10,5
Stretch,mean,R:R@AAG,R:R,AAG,0.01954914999999997,0.001033749755441487,24,5,5
Stretch,sd,R:R@AAG,R:R,AAG,0.129979932198899,,24,5,5
Stretch,mean,R:R@AAT,R:R,AAT,0.007386527272727243,0.005235719354010937,55,11,5
Stretch,sd,R:R@AAT,R:R,AAT,0.1433407259435716,,55,11,5
Stretch,mean,R:R@ACA,R:R,ACA,-0.09996804999999996,0.0014197179877765615,60,12,5
Stretch,sd,R:R@ACA,R:R,ACA,0.11780944388856085,,60,12,5
Stretch,mean,R:R@ACC,R:R,ACC,-0.0796431442424242,0.0015398221383706118,55,11,5
Stretch,sd,R:R@ACC,R:R,ACC,0.11782541592968504,,55,11,5
Stretch,mean,R:R@ACG,R:R,ACG,-0.08145294857142853,0.0033597122091948914,35,7,5
Stretch,sd,R:R@ACG,R:R,ACG,0.1380418811533826,,35,7,5
Stretch,mean,R:R@ACT,R:R,ACT,-0.0959480533333333,0.0014032724981040703,40,7,5
Stretch,sd,R:R@ACT,R:R,ACT,0.11908874768068882,,40,7,5
Stretch,mean,R:R@AGA,R:R,AGA,-0.07824464761904758,0.0022217159125139385,35,7,5
Stretch,sd,R:R@AGA,R:R,AGA,0.113219287768293,,35,7,5
Stretch,mean,R:R@AGC,R:R,AGC,-0.07369921916666662,0.001209108303266028,80,15,5
Stretch,sd,R:R@AGC,R:R,AGC,0.11389732794014809,,80,15,5
Stretch,mean,R:R@AGG,R:R,AGG,-0.07694342666666663,0.002272361150552902,15,3,5
Stretch,sd,R:R@AGG,R:R,AGG,0.11618148114527416,,15,3,5
Stretch,mean,R:R@AGT,R:R,AGT,-0.09103338222222217,0.0023826128629917008,60,12,5
Stretch,sd,R:R@AGT,R:R,AGT,0.12576134188882296,,60,12,5
Stretch,mean,R:R@ATA,R:R,ATA,0.014281131851851812,0.0011376315742463966,45,8,5
Stretch,sd,R:R@ATA,R:R,ATA,0.12859468817968114,,45,8,5
Stretch,mean,R:R@ATC,R:R,ATC,0.027363780512820478,0.0018376925810734788,65,13,5
Stretch,sd,R:R@ATC,R:R,ATC,0.14119668504592078,,65,13,5
Stretch,mean,R:R@ATG,R:R,ATG,0.03270112571428566,0.001241576933364477,35,7,5
Stretch,sd,R:R@ATG,R:R,ATG,0.13994149523089514,,35,7,5
Stretch,mean,R:R@ATT,R:R,ATT,0.014335916190476158,0.002587566044901297,35,7,5
Stretch,sd,R:R@ATT,R:R,ATT,0.1370470240181305,,35,7,5
Stretch,mean,R:R@CAA,R:R,CAA,0.036802008333333296,0.0017614001176165935,40,8,5
Stretch,sd,R:R@CAA,R:R,CAA,0.1282262296769921,,40,8,5
Stretch,mean,R:R@CAC,R:R,CAC,0.030836331972789077,0.002315136225635312,49,10,5
Stretch,sd,R:R@CAC,R:R,CAC,0.14429260287485723,,49,10,5
Stretch,mean,R:R@CAG,R:R,CAG,0.0294603456410256,0.001848429358281997,65,13,5
Stretch,sd,R:R@CAG,R:R,CAG,0.13703606689908251,,65,13,5
Stretch,mean,R:R@CAT,R:R,CAT,0.03142911666666663,0.0027992579513120776,20,3,5
Stretch,sd,R:R@CAT,R:R,CAT,0.14155480524462524,,20,3,5
Stretch,mean,R:R@CCA,R:R,CCA,-0.08666165025641023,0.0009432295317474571,65,13,5
Stretch,sd,R:R@CCA,R:R,CCA,0.1116948318264582,,65,13,5
Stretch,mean,R:R@CCC,R:R,CCC,-0.07516534666666663,0.002379210149417587,15,3,5
Stretch,sd,R:R@CCC,R:R,CCC,0.1094877664220874,,15,3,5
Stretch,mean,R:R@CCG,R:R,CCG,-0.07614836266666662,0.0018563498036242533,50,10,5
Stretch,sd,R:R@CCG,R:R,CCG,0.12994445828801035,,50,10,5
Stretch,mean,R:R@CCT,R:R,CCT,-0.08097384333333328,0.001863531621771141,40,8,5
Stretch,sd,R:R@CCT,R:R,CCT,0.11461358675616404,,40,8,5
Stretch,mean,R:R@CGA,R:R,CGA,-0.0672895433333333,0.0013933526311428039,40,8,5
Stretch,sd,R:R@CGA,R:R,CGA,0.11783182971689832,,40,8,5
Stretch,mean,R:R@CGC,R:R,CGC,-0.06613226666666663,0.0013675134454262546,25,5,5
Stretch,sd,R:R@CGC,R:R,CGC,0.11889472989626855,,25,5,5
Stretch,mean,R:R@CGG,R:R,CGG,-0.07599128666666663,0.0026504005355877693,50,10,5
Stretch,sd,R:R@CGG,R:R,CGG,0.12241213287065156,,50,10,5
Stretch,mean,R:R@CGT,R:R,CGT,-0.07765025666666665,0.0029734041928635158,60,12,5
Stretch,sd,R:R@CGT,R:R,CGT,0.1370292528880009,,60,12,5
Stretch,mean,R:R@CTA,R:R,CTA,0.014753995151515114,0.001026890258681259,55,11,5
Stretch,sd,R:R@CTA,R:R,CTA,0.12574339939440607,,55,11,5
Stretch,mean,R:R@CTC,R:R,CTC,0.017393406666666635,0.0022552221763745962,20,4,5
Stretch,sd,R:R@CTC,R:R,CTC,0.13251275122039285,,20,4,5
Stretch,mean,R:R@CTG,R:R,CTG,0.02844608888888885,0.002177281904528795,39,8,5
Stretch,sd,R:R@CTG,R:R,CTG,0.1363849795514267,,39,8,5
Stretch,mean,R:R@CTT,R:R,CTT,0.014837417142857107,0.0028320159337058997,70,14,5
Stretch,sd,R:R@CTT,R:R,CTT,0.13163202868281018,,70,14,5
Stretch,mean,R:R@GAA,R:R,GAA,0.032636033333333286,0.002673387285131067,70,14,5
Stretch,sd,R:R@GAA,R:R,GAA,0.1322426560505994,,70,14,5
Stretch,mean,R:R@GAC,R:R,GAC,0.014654069333333306,0.0029487940085653913,50,9,5
Stretch,sd,R:R@GAC,R:R,GAC,0.13909399075770318,,50,9,5
Stretch,mean,R:R@GAG,R:R,GAG,0.019181953333333293,0.0017615314236316736,30,6,5
Stretch,sd,R:R@GAG,R:R,GAG,0.13105698071796304,,30,6,5
Stretch,mean,R:R@GAT,R:R,GAT,0.023474983703703656,0.002112320602621482,45,9,5
Stretch,sd,R:R@GAT,R:R,GAT,0.1365140998496462,,45,9,5
Stretch,mean,R:R@GCA,R:R,GCA,-0.08099048666666661,0.00231794758049447,20,4,5
Stretch,sd,R:R@GCA,R:R,GCA,0.10943116651829643,,20,4,5
Stretch,mean,R:R@GCC,R:R,GCC,-0.06352547333333329,0.0011530930572409654,60,12,5
Stretch,sd,R:R@GCC,R:R,GCC,0.11021797433569415,,60,12,5
Stretch,mean,R:R@GCG,R:R,GCG,-0.07019359599999996,0.0017459667580097767,50,10,5
Stretch,sd,R:R@GCG,R:R,GCG,0.11665298108367438,,50,10,5
Stretch,mean,R:R@GCT,R:R,GCT,-0.07571312888888886,0.0013160187073870079,45,9,5
Stretch,sd,R:R@GCT,R:R,GCT,0.11309856964620513,,45,9,5
Stretch,mean,R:R@GGA,R:R,GGA,-0.058636585454545406,0.0022947899641585314,55,11,5
Stretch,sd,R:R@GGA,R:R,GGA,0.11196441431933353,,55,11,5
Stretch,mean,R:R@GGC,R:R,GGC,-0.0652125579487179,0.000998327528538902,65,13,5
Stretch,sd,R:R@GGC,R:R,GGC,0.10931486877027644,,65,13,5
Stretch,mean,R:R@GGG,R:R,GGG,-0.0695550971428571,0.00223553161391783,35,7,5
Stretch,sd,R:R@GGG,R:R,GGG,0.11279579190430185,,35,7,5
Stretch,mean,R:R@GGT,R:R,GGT,-0.08275158222222218,0.001541000862631045,30,6,5
Stretch,sd,R:R@GGT,R:R,GGT,0.11652591061134085,,30,6,5
Stretch,mean,R:R@GTA,R:R,GTA,0.015255179047619017,0.001613172087044759,35,7,5
Stretch,sd,R:R@GTA,R:R,GTA,0.13491582325289747,,35,7,5
Stretch,mean,R:R@GTC,R:R,GTC,0.01505818888888886,0.0014589521877839348,30,5,5
Stretch,sd,R:R@GTC,R:R,GTC,0.14255390309602764,,30,5,5
Stretch,mean,R:R@GTG,R:R,GTG,0.032687487999999966,0.0012640093794985528,50,10,5
Stretch,sd,R:R@GTG,R:R,GTG,0.14308734914622118,,50,10,5
Stretch,mean,R:R@GTT,R:R,GTT,0.0056385919999999805,0.002036972572717869,50,10,5
Stretch,sd,R:R@GTT,R:R,GTT,0.13798398297318154,,50,10,5
Stretch,mean,R:R@TAA,R:R,TAA,0.03162784666666664,0.0006856033258593887,20,4,5
Stretch,sd,R:R@TAA,R:R,TAA,0.1243657404353831,,20,4,5
Stretch,mean,R:R@TAC,R:R,TAC,0.014851019259259218,0.001714096458413679,45,9,5
Stretch,sd,R:R@TAC,R:R,TAC,0.13477140468393867,,45,9,5
Stretch,mean,R:R@TAG,R:R,TAG,0.014578327179487144,0.0015682146411873977,65,12,5
Stretch,sd,R:R@TAG,R:R,TAG,0.12629198496315824,,65,12,5
Stretch,mean,R:R@TAT,R:R,TAT,0.012460681212121178,0.0010988322745267437,55,11,5
Stretch,sd,R:R@TAT,R:R,TAT,0.12891264100297953,,55,11,5
Stretch,mean,R:R@TCA,R:R,TCA,-0.07647485333333329,0.0036638158919296234,30,6,5
Stretch,sd,R:R@TCA,R:R,TCA,0.12317485798605765,,30,6,5
Stretch,mean,R:R@TCC,R:R,TCC,-0.059987494814814774,0.0018202896884189162,45,9,5
Stretch,sd,R:R@TCC,R:R,TCC,0.1111237914202265,,45,9,5
Stretch,mean,R:R@TCG,R:R,TCG,-0.06963183999999996,0.004442305617252161,50,10,5
Stretch,sd,R:R@TCG,R:R,TCG,0.1284364677429268,,50,10,5
Stretch,mean,R:R@TCT,R:R,TCT,-0.07488695999999995,0.0013449344722769243,60,11,5
Stretch,sd,R:R@TCT,R:R,TCT,0.11352660068667575,,60,11,5
Stretch,mean,R:R@TGA,R:R,TGA,-0.07777659666666663,0.002186413580324503,40,8,5
Stretch,sd,R:R@TGA,R:R,TGA,0.11272847944680686,,40,8,5
Stretch,mean,R:R@TGC,R:R,TGC,-0.07812335777777775,0.0010798049440029801,30,6,5
Stretch,sd,R:R@TGC,R:R,TGC,0.10965736219907271,,30,6,5
Stretch,mean,R:R@TGG,R:R,TGG,-0.08716141801801797,0.0014929404623051795,74,15,5
Stretch,sd,R:R@TGG,R:R,TGG,0.11315900462646322,,74,15,5
Stretch,mean,R:R@TGT,R:R,TGT,-0.09784021714285711,0.0026989353125555096,35,7,5
Stretch,sd,R:R@TGT,R:R,TGT,0.11523118825374397,,35,7,5
Stretch,mean,R:R@TTA,R:R,TTA,0.03058179851851848,0.0011127681631970447,45,9,5
Stretch,sd,R:R@TTA,R:R,TTA,0.12601996734821722,,45,9,5
Stretch,mean,R:R@TTC,R:R,TTC,0.03354874802259883,0.001459883236246701,59,11,5
Stretch,sd,R:R@TTC,R:R,TTC,0.1299574446848449,,59,11,5
Stretch,mean,R:R@TTG,R:R,TTG,0.039734648888888856,0.000678995273896916,45,9,5
Stretch,sd,R:R@TTG,R:R,TTG,0.1308314123853816,,45,9,5
Stretch,mean,R:R@TTT,R:R,TTT,0.032928498666666625,0.002110594845991759,25,5,5
Stretch,sd,R:R@TTT,R:R,TTT,0.1307555600473484,,25,5,5
c1c1,mean,D:R@AAA,D:R,AAA,10.55535187,0.026489768140521754,80,16,5
c1c1,sd,D:R@AAA,D:R,AAA,0.32741091720185445,,80,16,5
c1c1,mean,D:R@AAC,D:R,AAC,10.57611398625,0.012176356776825928,160,32,5
c1c1,sd,D:R@AAC,D:R,AAC,0.3068537408457555,,160,32,5
c1c1,mean,D:R@AAG,D:R,AAG,10.511739883999999,0.022192033616506044,100,20,5
c1c1,sd,D:R@AAG,D:R,AAG,0.31871071682982577,,100,20,5
c1c1,mean,D:R@AAT,D:R,AAT,10.608242919420292,0.010874249455038988,115,23,5
c1c1,sd,D:R@AAT,D:R,AAT,0.29773953045172447,,115,23,5
c1c1,mean,D:R@ACA,D:R,ACA,10.550458954747475,0.011357776484586576,165,32,5
c1c1,sd,D:R@ACA,D:R,ACA,0.21672374613667922,,165,32,5
c1c1,mean,D:R@ACC,D:R,ACC,10.655994802380953,0.005251054720470976,140,27,5
c1c1,sd,D:R@ACC,D:R,ACC,0.1701358564017014,,140,27,5
c1c1,mean,D:R@ACG,D:R,ACG,10.569172506206897,0.01813038664888833,145,29,5
c1c1,sd,D:R@ACG,D:R,ACG,0.21244760540616212,,145,29,5
c1c1,mean,D:R@ACT,D:R,ACT,10.67965179919192,0.0033111183148607937,165,31,5
c1c1,sd,D:R@ACT,D:R,ACT,0.16367978153343446,,165,31,5
c1c1,mean,D:R@AGA,D:R,AGA,10.70057924,0.007156655772686824,85,17,5
c1c1,sd,D:R@AGA,D:R,AGA,0.19223038176846008,,85,17,5
c1c1,mean,D:R@AGC,D:R,AGC,10.713781099111111,0.005939315906624488,150,29,5
c1c1,sd,D:R@AGC,D:R,AGC,0.18047661811235713,,150,29,5
c1c1,mean,D:R@AGG,D:R,AGG,10.675452195,0.0047773003062846564,80,16,5
c1c1,sd,D:R@AGG,D:R,AGG,0.18579696087162936,,80,16,5
c1c1,mean,D:R@AGT,D:R,AGT,10.686193305050503,0.004196640744279236,165,33,5
c1c1,sd,D:R@AGT,D:R,AGT,0.1802925753563294,,165,33,5
c1c1,mean,D:R@ATA,D:R,ATA,10.482925214545457,0.012866004679321441,110,21,5
c1c1,sd,D:R@ATA,D:R,ATA,0.2871010771161925,,110,21,5
c1c1,mean,D:R@ATC,D:R,ATC,10.54854935855856,0.008204155905962351,185,37,5
c1c1,sd,D:R@ATC,D:R,ATC,0.2664702011889241,,185,37,5
c1c1,mean,D:R@ATG,D:R,ATG,10.528842394920634,0.011457424425308425,105,21,5
c1c1,sd,D:R@ATG,D:R,ATG,0.28734129748058723,,105,21,5
c1c1,mean,D:R@ATT,D:R,ATT,10.614892167878788,0.009362617740962052,110,22,5
c1c1,sd,D:R@ATT,D:R,ATT,0.2643672104057083,,110,22,5
c1c1,mean,D:R@CAA,D:R,CAA,10.627507353066665,0.017107075508114557,125,25,5
c1c1,sd,D:R@CAA,D:R,CAA,0.313419784287521,,125,25,5
c1c1,mean,D:R@CAC,D:R,CAC,10.604624888000002,0.009105194314984162,150,30,5
c1c1,sd,D:R@CAC,D:R,CAC,0.3005796849043942,,150,30,5
c1c1,mean,D:R@CAG,D:R,CAG,10.625585708817203,0.01292393317383422,155,31,5
c1c1,sd,D:R@CAG,D:R,CAG,0.3267684682794571,,155,31,5
c1c1,mean,D:R@CAT,D:R,CAT,10.622835565714286,0.009861729461626877,105,20,5
c1c1,sd,D:R@CAT,D:R,CAT,0.30115578374092605,,105,20,5
c1c1,mean,D:R@CCA,D:R,CCA,10.621679431249998,0.017336534735428885,160,32,5
c1c1,sd,D:R@CCA,D:R,CCA,0.20805857966605718,,160,32,5
c1c1,mean,D:R@CCC,D:R,CCC,10.71638325,0.0046044975821305624,60,12,5
c1c1,sd,D:R@CCC,D:R,CCC,0.15779171185715699,,60,12,5
c1c1,mean,D:R@CCG,D:R,CCG,10.679560463030302,0.009412453941510662,165,33,5
c1c1,sd,D:R@CCG,D:R,CCG,0.18962354617024685,,165,33,5
c1c1,mean,D:R@CCT,D:R,CCT,10.723053617066668,0.0024455805647945984,125,25,5
c1c1,sd,D:R@CCT,D:R,CCT,0.15321147097114926,,125,25,5
c1c1,mean,D:R@CGA,D:R,CGA,10.727126433333332,0.007066654957220075,120,24,5
c1c1,sd,D:R@CGA,D:R,CGA,0.19618152110149237,,120,24,5
c1c1,mean,D:R@CGC,D:R,CGC,10.715834527222224,0.0063222479580899126,120,24,5
c1c1,sd,D:R@CGC,D:R,CGC,0.18224127244404784,,120,24,5
c1c1,mean,D:R@CGG,D:R,CGG,10.696849182745098,0.006608873110456042,170,34,5
c1c1,sd,D:R@CGG,D:R,CGG,0.1866449714291706,,170,34,5
c1c1,mean,D:R@CGT,D:R,CGT,10.705029436190475,0.005522903564534296,175,33,5
c1c1,sd,D:R@CGT,D:R,CGT,0.18102531140911482,,175,33,5
c1c1,mean,D:R@CTA,D:R,CTA,10.542532291358025,0.011290023696639756,135,27,5
c1c1,sd,D:R@CTA,D:R,CTA,0.2701265252212692,,135,27,5
c1c1,mean,D:R@CTC,D:R,CTC,10.59575004691358,0.009452100105685882,135,27,5
c1c1,sd,D:R@CTC,D:R,CTC,0.2517937944188541,,135,27,5
c1c1,mean,D:R@CTG,D:R,CTG,10.597623233333334,0.011438580720552276,140,28,5
c1c1,sd,D:R@CTG,D:R,CTG,0.277582271996524,,140,28,5
c1c1,mean,D:R@CTT,D:R,CTT,10.642030936585364,0.004340125298042951,205,40,5
c1c1,sd,D:R@CTT,D:R,CTT,0.25295596113609486,,205,40,5
c1c1,mean,D:R@GAA,D:R,GAA,10.570183742528737,0.012876745425117275,145,29,5
c1c1,sd,D:R@GAA,D:R,GAA,0.30835254247674976,,145,29,5
c1c1,mean,D:R@GAC,D:R,GAC,10.557431446896551,0.011153929436213279,145,28,5
c1c1,sd,D:R@GAC,D:R,GAC,0.2939246394447381,,145,28,5
c1c1,mean,D:R@GAG,D:R,GAG,10.537250450666667,0.016130621255291324,75,15,5
c1c1,sd,D:R@GAG,D:R,GAG,0.306257958024284,,75,15,5
c1c1,mean,D:R@GAT,D:R,GAT,10.565700084102565,0.009301824412002963,130,26,5
c1c1,sd,D:R@GAT,D:R,GAT,0.2907179665731987,,130,26,5
c1c1,mean,D:R@GCA,D:R,GCA,10.628310284666666,0.011984081722980327,100,20,5
c1c1,sd,D:R@GCA,D:R,GCA,0.1788212527591825,,100,20,5
c1c1,mean,D:R@GCC,D:R,GCC,10.695429582500001,0.006215780227536512,160,32,5
c1c1,sd,D:R@GCC,D:R,GCC,0.16408971120276186,,160,32,5
c1c1,mean,D:R@GCG,D:R,GCG,10.648671896,0.009865030221364571,125,24,5
c1c1,sd,D:R@GCG,D:R,GCG,0.186603205627989,,125,24,5
c1c1,mean,D:R@GCT,D:R,GCT,10.711837566913582,0.003829531221890176,135,27,5
c1c1,sd,D:R@GCT,D:R,GCT,0.15678669616552438,,135,27,5
c1c1,mean,D:R@GGA,D:R,GGA,10.714706396363637,0.0055238478379124895,165,33,5
c1c1,sd,D:R@GGA,D:R,GGA,0.1861984610110349,,165,33,5
c1c1,mean,D:R@GGC,D:R,GGC,10.73581841875,0.005084972722130401,160,30,5
c1c1,sd,D:R@GGC,D:R,GGC,0.1735082979460069,,160,30,5
c1c1,mean,D:R@GGG,D:R,GGG,10.701432336410258,0.006554559916502666,65,13,5
c1c1,sd,D:R@GGG,D:R,GGG,0.17986591875370628,,65,13,5
c1c1,mean,D:R@GGT,D:R,GGT,10.7054118176,0.0040889146990488925,125,25,5
c1c1,sd,D:R@GGT,D:R,GGT,0.1767695316924109,,125,25,5
c1c1,mean,D:R@GTA,D:R,GTA,10.519233930450449,0.005938717093478804,185,37,5
c1c1,sd,D:R@GTA,D:R,GTA,0.2836637851330403,,185,37,5
c1c1,mean,D:R@GTC,D:R,GTC,10.566963781234568,0.007642910078176106,135,26,5
c1c1,sd,D:R@GTC,D:R,GTC,0.2605909330043488,,135,26,5
c1c1,mean,D:R@GTG,D:R,GTG,10.567456455466665,0.013985473135773864,125,24,5
c1c1,sd,D:R@GTG,D:R,GTG,0.2901892850792078,,125,24,5
c1c1,mean,D:R@GTT,D:R,GTT,10.640539249066666,0.009604021653662398,125,25,5
c1c1,sd,D:R@GTT,D:R,GTT,0.2644757380598638,,125,25,5
c1c1,mean,D:R@TAA,D:R,TAA,10.61179990793651,0.00972264785114784,105,21,5
c1c1,sd,D:R@TAA,D:R,TAA,0.2960098262604956,,105,21,5
c1c1,mean,D:R@TAC,D:R,TAC,10.55456441050505,0.007444791764194148,165,33,5
c1c1,sd,D:R@TAC,D:R,TAC,0.28588173444831577,,165,33,5
c1c1,mean,D:R@TAG,D:R,TAG,10.580713471264367,0.01308745530685697,145,28,5
c1c1,sd,D:R@TAG,D:R,TAG,0.30898793498900856,,145,28,5
c1c1,mean,D:R@TAT,D:R,TAT,10.605262171612901,0.010787124373228915,155,30,5
c1c1,sd,D:R@TAT,D:R,TAT,0.2933809100443839,,155,30,5
c1c1,mean,D:R@TCA,D:R,TCA,10.610842446060603,0.009982384888226652,110,22,5
c1c1,sd,D:R@TCA,D:R,TCA,0.1975281306421532,,110,22,5
c1c1,mean,D:R@TCC,D:R,TCC,10.69954700688172,0.004096777687088451,155,31,5
c1c1,sd,D:R@TCC,D:R,TCC,0.16564559510275106,,155,31,5
c1c1,mean,D:R@TCG,D:R,TCG,10.646074694166666,0.008784069753943056,160,32,5
c1c1,sd,D:R@TCG,D:R,TCG,0.19850775985476538,,160,32,5
c1c1,mean,D:R@TCT,D:R,TCT,10.711586630526314,0.0029386634057607646,190,35,5
c1c1,sd,D:R@TCT,D:R,TCT,0.16005620488253464,,190,35,5
c1c1,mean,D:R@TGA,D:R,TGA,10.733745316,0.006330623149540188,100,20,5
c1c1,sd,D:R@TGA,D:R,TGA,0.18415090579408808,,100,20,5
c1c1,mean,D:R@TGC,D:R,TGC,10.729061931594202,0.004269868418938469,115,22,5
c1c1,sd,D:R@TGC,D:R,TGC,0.1753794622286901,,115,22,5
c1c1,mean,D:R@TGG,D:R,TGG,10.70272304526316,0.00603010925376313,190,36,5
c1c1,sd,D:R@TGG,D:R,TGG,0.18050360568628215,,190,36,5
c1c1,mean,D:R@TGT,D:R,TGT,10.7081879552,0.003183479999069908,125,25,5
c1c1,sd,D:R@TGT,D:R,TGT,0.17714256965994443,,125,25,5
c1c1,mean,D:R@TTA,D:R,TTA,10.58865756839506,0.011456560253924572,135,27,5
c1c1,sd,D:R@TTA,D:R,TTA,0.2741347814370875,,135,27,5
c1c1,mean,D:R@TTC,D:R,TTC,10.60609719111111,0.005766208488312598,150,29,5
c1c1,sd,D:R@TTC,D:R,TTC,0.2572683530721128,,150,29,5
c1c1,mean,D:R@TTG,D:R,TTG,10.614049148000001,0.01174413453450235,150,30,5
c1c1,sd,D:R@TTG,D:R,TTG,0.277582731900397,,150,30,5
c1c1,mean,D:R@TTT,D:R,TTT,10.660733588235294,0.006557495242101954,85,17,5
c1c1,sd,D:R@TTT,D:R,TTT,0.25558523786474857,,85,17,5
c1c1,mean,E:R@AAA,E:R,AAA,10.584807748571428,0.0066205516518397225,70,13,5
c1c1,sd,E:R@AAA,E:R,AAA,0.268226313580675,,70,13,5
c1c1,mean,E:R@AAC,E:R,AAC,10.610036044705883,0.005025107535472711,85,17,5
c1c1,sd,E:R@AAC,E:R,AAC,0.26187907859710374,,85,17,5
c1c1,mean,E:R@AAG,E:R,AAG,10.587495189019608,0.011594916968398834,85,17,5
c1c1,sd,E:R@AAG,E:R,AAG,0.2751253280748196,,85,17,5
c1c1,mean,E:R@AAT,E:R,AAT,10.57492252962963,0.007618942382913911,90,18,5
c1c1,sd,E:R@AAT,E:R,AAT,0.27701152124100803,,90,18,5
c1c1,mean,E:R@ACA,E:R,ACA,10.71023908057971,0.0028847722184584044,115,23,5
c1c1,sd,E:R@ACA,E:R,ACA,0.15655392424463516,,115,23,5
c1c1,mean,E:R@ACC,E:R,ACC,10.692290709473683,0.0040458528890022554,95,19,5
c1c1,sd,E:R@ACC,E:R,ACC,0.14974753243796338,,95,19,5
c1c1,mean,E:R@ACG,E:R,ACG,10.718305767619048,0.0038012730030904623,70,14,5
c1c1,sd,E:R@ACG,E:R,ACG,0.1568187443997878,,70,14,5
c1c1,mean,E:R@ACT,E:R,ACT,10.667832882898548,0.0029377418403853605,115,22,5
c1c1,sd,E:R@ACT,E:R,ACT,0.15487937662057769,,115,22,5
c1c1,mean,E:R@AGA,E:R,AGA,10.685811325,0.003947387410667396,80,16,5
c1c1,sd,E:R@AGA,E:R,AGA,0.18025441353539587,,80,16,5
c1c1,mean,E:R@AGC,E:R,AGC,10.72424864045977,0.0021305069641444803,145,28,5
c1c1,sd,E:R@AGC,E:R,AGC,0.16083012826309334,,145,28,5
c1c1,mean,E:R@AGG,E:R,AGG,10.701302666666665,0.003287086883279567,65,13,5
c1c1,sd,E:R@AGG,E:R,AGG,0.16744662191336823,,65,13,5
c1c1,mean,E:R@AGT,E:R,AGT,10.668233481739133,0.0031626677765147324,115,23,5
c1c1,sd,E:R@AGT,E:R,AGT,0.17393941308769356,,115,23,5
c1c1,mean,E:R@ATA,E:R,ATA,10.560742670666663,0.0072362814552213925,100,19,5
c1c1,sd,E:R@ATA,E:R,ATA,0.26197692787799565,,100,19,5
c1c1,mean,E:R@ATC,E:R,ATC,10.582253368627452,0.008876620973290844,85,17,5
c1c1,sd,E:R@ATC,E:R,ATC,0.24304257949854757,,85,17,5
c1c1,mean,E:R@ATG,E:R,ATG,10.592517998222222,0.009941136496150261,75,15,5
c1c1,sd,E:R@ATG,E:R,ATG,0.27287233854906956,,75,15,5
c1c1,mean,E:R@ATT,E:R,ATT,10.566807469166665,0.009510827795536329,80,16,5
c1c1,sd,E:R@ATT,E:R,ATT,0.25709320798315777,,80,16,5
c1c1,mean,E:R@CAA,E:R,CAA,10.57520242117647,0.0069405582913680255,85,17,5
c1c1,sd,E:R@CAA,E:R,CAA,0.2645689047327561,,85,17,5
c1c1,mean,E:R@CAC,E:R,CAC,10.530969168421054,0.005619700709421315,95,18,5
c1c1,sd,E:R@CAC,E:R,CAC,0.25216139408785737,,95,18,5
c1c1,mean,E:R@CAG,E:R,CAG,10.572549970666667,0.00655081394006137,125,25,5
c1c1,sd,E:R@CAG,E:R,CAG,0.26250058938254506,,125,25,5
c1c1,mean,E:R@CAT,E:R,CAT,10.512214137435897,0.012300952548676823,65,12,5
c1c1,sd,E:R@CAT,E:R,CAT,0.2700511516805287,,65,12,5
c1c1,mean,E:R@CCA,E:R,CCA,10.7432829856,0.002327560222621238,125,25,5
c1c1,sd,E:R@CCA,E:R,CCA,0.15064239348823424,,125,25,5
c1c1,mean,E:R@CCC,E:R,CCC,10.73684353904762,0.004974816601369775,35,7,5
c1c1,sd,E:R@CCC,E:R,CCC,0.14483494174429487,,35,7,5
c1c1,mean,E:R@CCG,E:R,CCG,10.753606988000003,0.003261743796463239,100,20,5
c1c1,sd,E:R@CCG,E:R,CCG,0.15164789518476074,,100,20,5
c1c1,mean,E:R@CCT,E:R,CCT,10.713397162666666,0.0036514489220583874,75,15,5
c1c1,sd,E:R@CCT,E:R,CCT,0.1466428095909034,,75,15,5
c1c1,mean,E:R@CGA,E:R,CGA,10.626898885714287,0.00554438202398088,105,21,5
c1c1,sd,E:R@CGA,E:R,CGA,0.20395535291528374,,105,21,5
c1c1,mean,E:R@CGC,E:R,CGC,10.669574155555557,0.004138336625923971,75,14,5
c1c1,sd,E:R@CGC,E:R,CGC,0.1742382301755337,,75,14,5
c1c1,mean,E:R@CGG,E:R,CGG,10.641831562857142,0.0042369887781188165,70,14,5
c1c1,sd,E:R@CGG,E:R,CGG,0.183787462532732,,70,14,5
c1c1,mean,E:R@CGT,E:R,CGT,10.619623620350879,0.0028780970073999245,95,19,5
c1c1,sd,E:R@CGT,E:R,CGT,0.1811293661690664,,95,19,5
c1c1,mean,E:R@CTA,E:R,CTA,10.630627837192982,0.00984674083881238,95,19,5
c1c1,sd,E:R@CTA,E:R,CTA,0.23898920439328622,,95,19,5
c1c1,mean,E:R@CTC,E:R,CTC,10.620636345555559,0.01069785850409174,60,12,5
c1c1,sd,E:R@CTC,E:R,CTC,0.22910505539697787,,60,12,5
c1c1,mean,E:R@CTG,E:R,CTG,10.650567231111113,0.009653950797043074,105,21,5
c1c1,sd,E:R@CTG,E:R,CTG,0.24804149175980372,,105,21,5
c1c1,mean,E:R@CTT,E:R,CTT,10.634480991666667,0.00502870418864485,120,23,5
c1c1,sd,E:R@CTT,E:R,CTT,0.23624586545836485,,120,23,5
c1c1,mean,E:R@GAA,E:R,GAA,10.639642903030305,0.006556283156049418,110,22,5
c1c1,sd,E:R@GAA,E:R,GAA,0.26101695887307796,,110,22,5
c1c1,mean,E:R@GAC,E:R,GAC,10.627796176533337,0.011538688869239781,125,24,5
c1c1,sd,E:R@GAC,E:R,GAC,0.258249301727588,,125,24,5
c1c1,mean,E:R@GAG,E:R,GAG,10.646573901666667,0.008526634925590077,80,16,5
c1c1,sd,E:R@GAG,E:R,GAG,0.26132241549311475,,80,16,5
c1c1,mean,E:R@GAT,E:R,GAT,10.609158424313726,0.008929107498085882,85,17,5
c1c1,sd,E:R@GAT,E:R,GAT,0.26753354292845166,,85,17,5
c1c1,mean,E:R@GCA,E:R,GCA,10.748686037333336,0.004460245256307268,75,15,5
c1c1,sd,E:R@GCA,E:R,GCA,0.15611725049227967,,75,15,5
c1c1,mean,E:R@GCC,E:R,GCC,10.740506878333333,0.002292609346049131,120,24,5
c1c1,sd,E:R@GCC,E:R,GCC,0.14793859496570813,,120,24,5
c1c1,mean,E:R@GCG,E:R,GCG,10.758848572698414,0.005462077726554807,105,20,5
c1c1,sd,E:R@GCG,E:R,GCG,0.1558387078736326,,105,20,5
c1c1,mean,E:R@GCT,E:R,GCT,10.72101879508772,0.004080671140304291,95,19,5
c1c1,sd,E:R@GCT,E:R,GCT,0.15162797326401412,,95,19,5
c1c1,mean,E:R@GGA,E:R,GGA,10.710171581176471,0.004326298823300504,85,17,5
c1c1,sd,E:R@GGA,E:R,GGA,0.1695843227711907,,85,17,5
c1c1,mean,E:R@GGC,E:R,GGC,10.740965166933336,0.001986740737157991,125,25,5
c1c1,sd,E:R@GGC,E:R,GGC,0.1586748782524022,,125,25,5
c1c1,mean,E:R@GGG,E:R,GGG,10.709727250000004,0.0034045775044460338,60,12,5
c1c1,sd,E:R@GGG,E:R,GGG,0.16349903058237258,,60,12,5
c1c1,mean,E:R@GGT,E:R,GGT,10.69221778909091,0.003695693627077037,55,11,5
c1c1,sd,E:R@GGT,E:R,GGT,0.1676521463839371,,55,11,5
c1c1,mean,E:R@GTA,E:R,GTA,10.636744582857142,0.008435152425807588,70,14,5
c1c1,sd,E:R@GTA,E:R,GTA,0.2575999894655867,,70,14,5
c1c1,mean,E:R@GTC,E:R,GTC,10.611345561904763,0.009616727372249919,70,12,5
c1c1,sd,E:R@GTC,E:R,GTC,0.2461484174337959,,70,12,5
c1c1,mean,E:R@GTG,E:R,GTG,10.659657991666666,0.010796944700781486,80,16,5
c1c1,sd,E:R@GTG,E:R,GTG,0.2617179148731845,,80,16,5
c1c1,mean,E:R@GTT,E:R,GTT,10.60554215508772,0.006204473576974381,95,19,5
c1c1,sd,E:R@GTT,E:R,GTT,0.25580014171452625,,95,19,5
c1c1,mean,E:R@TAA,E:R,TAA,10.603541658888894,0.01395103660650551,60,12,5
c1c1,sd,E:R@TAA,E:R,TAA,0.2713006908592292,,60,12,5
c1c1,mean,E:R@TAC,E:R,TAC,10.59070355,0.011334643252264475,100,19,5
c1c1,sd,E:R@TAC,E:R,TAC,0.2625684501078552,,100,19,5
c1c1,mean,E:R@TAG,E:R,TAG,10.621463145679012,0.006516647907605225,135,24,5
c1c1,sd,E:R@TAG,E:R,TAG,0.2684665423407616,,135,24,5
c1c1,mean,E:R@TAT,E:R,TAT,10.545895330526315,0.0075707318020497676,95,19,5
c1c1,sd,E:R@TAT,E:R,TAT,0.2708651005732855,,95,19,5
c1c1,mean,E:R@TCA,E:R,TCA,10.726280930666666,0.003847546800130926,50,10,5
c1c1,sd,E:R@TCA,E:R,TCA,0.15551755305019127,,50,10,5
c1c1,mean,E:R@TCC,E:R,TCC,10.710178387450979,0.002001447449466001,85,17,5
c1c1,sd,E:R@TCC,E:R,TCC,0.14937078147101707,,85,17,5
c1c1,mean,E:R@TCG,E:R,TCG,10.732770912380953,0.0027056886788827273,70,14,5
c1c1,sd,E:R@TCG,E:R,TCG,0.15571581663410716,,70,14,5
c1c1,mean,E:R@TCT,E:R,TCT,10.693172933333335,0.003609430549526437,125,24,5
c1c1,sd,E:R@TCT,E:R,TCT,0.15155579166583313,,125,24,5
c1c1,mean,E:R@TGA,E:R,TGA,10.680110693939394,0.003613336754777756,110,21,5
c1c1,sd,E:R@TGA,E:R,TGA,0.1892997243843488,,110,21,5
c1c1,mean,E:R@TGC,E:R,TGC,10.699798763333332,0.0032735150143982763,80,16,5
c1c1,sd,E:R@TGC,E:R,TGC,0.17222065113661383,,80,16,5
c1c1,mean,E:R@TGG,E:R,TGG,10.661487765614035,0.003927392180956979,95,19,5
c1c1,sd,E:R@TGG,E:R,TGG,0.19284119442392475,,95,19,5
c1c1,mean,E:R@TGT,E:R,TGT,10.635189234285715,0.007565086148490775,70,14,5
c1c1,sd,E:R@TGT,E:R,TGT,0.19207782837891446,,70,14,5
c1c1,mean,E:R@TTA,E:R,TTA,10.625319731515152,0.007310165887317761,110,21,5
c1c1,sd,E:R@TTA,E:R,TTA,0.2503901931116882,,110,21,5
c1c1,mean,E:R@TTC,E:R,TTC,10.609841272380953,0.006934851158793862,105,20,5
c1c1,sd,E:R@TTC,E:R,TTC,0.23771033705066552,,105,20,5
c1c1,mean,E:R@TTG,E:R,TTG,10.630597645185187,0.010562198813683716,90,18,5
c1c1,sd,E:R@TTG,E:R,TTG,0.25651190231033194,,90,18,5
c1c1,mean,E:R@TTT,E:R,TTT,10.607712558518518,0.011894893922728786,45,8,5
c1c1,sd,E:R@TTT,E:R,TTT,0.2490930502891932,,45,8,5
c1c1,mean,M:R@AAA,M:R,AAA,10.62530005222222,0.012561950412904819,60,12,5
c1c1,sd,M:R@AAA,M:R,AAA,0.26797510761776716,,60,12,5
c1c1,mean,M:R@AAC,M:R,AAC,10.602928986666665,0.008855761333569542,85,17,5
c1c1,sd,M:R@AAC,M:R,AAC,0.2649346971227477,,85,17,5
c1c1,mean,M:R@AAG,M:R,AAG,10.598828777435898,0.006809216566960567,65,13,5
c1c1,sd,M:R@AAG,M:R,AAG,0.2691322936722157,,65,13,5
c1c1,mean,M:R@AAT,M:R,AAT,10.575064391372548,0.009851961030509664,85,17,5
c1c1,sd,M:R@AAT,M:R,AAT,0.2616754930309886,,85,17,5
c1c1,mean,M:R@ACA,M:R,ACA,10.642243695873017,0.008679090596443596,105,21,5
c1c1,sd,M:R@ACA,M:R,ACA,0.1894820704191241,,105,21,5
c1c1,mean,M:R@ACC,M:R,ACC,10.632650827826085,0.0096963061721688,115,23,5
c1c1,sd,M:R@ACC,M:R,ACC,0.18319945972499935,,115,23,5
c1c1,mean,M:R@ACG,M:R,ACG,10.636485742222222,0.01133235225273296,75,15,5
c1c1,sd,M:R@ACG,M:R,ACG,0.20306856815555052,,75,15,5
c1c1,mean,M:R@ACT,M:R,ACT,10.649195344000002,0.004265265679120548,100,19,5
c1c1,sd,M:R@ACT,M:R,ACT,0.18551218847157588,,100,19,5
c1c1,mean,M:R@AGA,M:R,AGA,10.669974610666666,0.00483189535101594,100,20,5
c1c1,sd,M:R@AGA,M:R,AGA,0.1789094321957087,,100,20,5
c1c1,mean,M:R@AGC,M:R,AGC,10.693669965999998,0.0025409721681572467,100,19,5
c1c1,sd,M:R@AGC,M:R,AGC,0.168798177476771,,100,19,5
c1c1,mean,M:R@AGG,M:R,AGG,10.680036322222223,0.006284168377534522,60,12,5
c1c1,sd,M:R@AGG,M:R,AGG,0.16772937450446423,,60,12,5
c1c1,mean,M:R@AGT,M:R,AGT,10.67380252909091,0.005729763212661935,110,22,5
c1c1,sd,M:R@AGT,M:R,AGT,0.172004441416948,,110,22,5
c1c1,mean,M:R@ATA,M:R,ATA,10.665584124102566,0.01442176015385537,65,12,5
c1c1,sd,M:R@ATA,M:R,ATA,0.2498988540235978,,65,12,5
c1c1,mean,M:R@ATC,M:R,ATC,10.582215605333332,0.009182841018137499,125,25,5
c1c1,sd,M:R@ATC,M:R,ATC,0.245436254749147,,125,25,5
c1c1,mean,M:R@ATG,M:R,ATG,10.648871747407409,0.013006267838883971,90,18,5
c1c1,sd,M:R@ATG,M:R,ATG,0.25961332548689336,,90,18,5
c1c1,mean,M:R@ATT,M:R,ATT,10.638149014358975,0.013652433529504158,65,13,5
c1c1,sd,M:R@ATT,M:R,ATT,0.24707551465709426,,65,13,5
c1c1,mean,M:R@CAA,M:R,CAA,10.626951790222222,0.010672332813009302,75,15,5
c1c1,sd,M:R@CAA,M:R,CAA,0.26219373201539187,,75,15,5
c1c1,mean,M:R@CAC,M:R,CAC,10.560329455652173,0.012181726343667246,115,23,5
c1c1,sd,M:R@CAC,M:R,CAC,0.2641378069059684,,115,23,5
c1c1,mean,M:R@CAG,M:R,CAG,10.625537259047617,0.01052062164898002,105,21,5
c1c1,sd,M:R@CAG,M:R,CAG,0.2649995378393741,,105,21,5
c1c1,mean,M:R@CAT,M:R,CAT,10.520048619487177,0.025220754373440284,65,12,5
c1c1,sd,M:R@CAT,M:R,CAT,0.2614524794207626,,65,12,5
c1c1,mean,M:R@CCA,M:R,CCA,10.69371282222222,0.004379979483195423,120,24,5
c1c1,sd,M:R@CCA,M:R,CCA,0.1707402559858694,,120,24,5
c1c1,mean,M:R@CCC,M:R,CCC,10.681884301666667,0.005637152208054293,40,8,5
c1c1,sd,M:R@CCC,M:R,CCC,0.16503676606759102,,40,8,5
c1c1,mean,M:R@CCG,M:R,CCG,10.696977779444444,0.005358695983998637,120,24,5
c1c1,sd,M:R@CCG,M:R,CCG,0.18749952109726975,,120,24,5
c1c1,mean,M:R@CCT,M:R,CCT,10.691115935,0.007514135936016757,80,16,5
c1c1,sd,M:R@CCT,M:R,CCT,0.16696586149867915,,80,16,5
c1c1,mean,M:R@CGA,M:R,CGA,10.692907868888888,0.006220647310127528,90,18,5
c1c1,sd,M:R@CGA,M:R,CGA,0.1836757448484135,,90,18,5
c1c1,mean,M:R@CGC,M:R,CGC,10.69592935794872,0.005253974867201348,65,13,5
c1c1,sd,M:R@CGC,M:R,CGC,0.17572549385056097,,65,13,5
c1c1,mean,M:R@CGG,M:R,CGG,10.713496242539682,0.0041232140302642556,105,21,5
c1c1,sd,M:R@CGG,M:R,CGG,0.1732245437305243,,105,21,5
c1c1,mean,M:R@CGT,M:R,CGT,10.689507285714283,0.0038296225126621124,105,21,5
c1c1,sd,M:R@CGT,M:R,CGT,0.17408085237833956,,105,21,5
c1c1,mean,M:R@CTA,M:R,CTA,10.66996036148148,0.011667691505581217,90,18,5
c1c1,sd,M:R@CTA,M:R,CTA,0.24589692688912979,,90,18,5
c1c1,mean,M:R@CTC,M:R,CTC,10.599677863030301,0.007340066979712705,55,10,5
c1c1,sd,M:R@CTC,M:R,CTC,0.23100104523580298,,55,10,5
c1c1,mean,M:R@CTG,M:R,CTG,10.680012489444444,0.008660623177250144,120,23,5
c1c1,sd,M:R@CTG,M:R,CTG,0.2530950731127078,,120,23,5
c1c1,mean,M:R@CTT,M:R,CTT,10.671112021999999,0.009373660439430932,100,20,5
c1c1,sd,M:R@CTT,M:R,CTT,0.2392030653636369,,100,20,5
c1c1,mean,M:R@GAA,M:R,GAA,10.634275229333333,0.008366456931522178,100,20,5
c1c1,sd,M:R@GAA,M:R,GAA,0.2558783070666301,,100,20,5
c1c1,mean,M:R@GAC,M:R,GAC,10.600630419130434,0.00821687649169968,115,22,5
c1c1,sd,M:R@GAC,M:R,GAC,0.25726445286240984,,115,22,5
c1c1,mean,M:R@GAG,M:R,GAG,10.5951121525,0.010583858477392315,80,16,5
c1c1,sd,M:R@GAG,M:R,GAG,0.2599557857274193,,80,16,5
c1c1,mean,M:R@GAT,M:R,GAT,10.562127411111112,0.011983490077626955,120,24,5
c1c1,sd,M:R@GAT,M:R,GAT,0.25517990887469716,,120,24,5
c1c1,mean,M:R@GCA,M:R,GCA,10.69392402871795,0.008744935486355894,65,13,5
c1c1,sd,M:R@GCA,M:R,GCA,0.1845308366198062,,65,13,5
c1c1,mean,M:R@GCC,M:R,GCC,10.70979500277778,0.005441963888250323,120,23,5
c1c1,sd,M:R@GCC,M:R,GCC,0.17086151620860726,,120,23,5
c1c1,mean,M:R@GCG,M:R,GCG,10.710049364444444,0.005867511113446058,75,15,5
c1c1,sd,M:R@GCG,M:R,GCG,0.19100313718630893,,75,15,5
c1c1,mean,M:R@GCT,M:R,GCT,10.704359,0.008339917682113522,80,16,5
c1c1,sd,M:R@GCT,M:R,GCT,0.1743768578894543,,80,16,5
c1c1,mean,M:R@GGA,M:R,GGA,10.690128379682541,0.00625014712769441,105,21,5
c1c1,sd,M:R@GGA,M:R,GGA,0.1716100894601453,,105,21,5
c1c1,mean,M:R@GGC,M:R,GGC,10.71077838047619,0.0020268221183010666,140,28,5
c1c1,sd,M:R@GGC,M:R,GGC,0.1633973075589814,,140,28,5
c1c1,mean,M:R@GGG,M:R,GGG,10.698442997948716,0.003985035710951457,65,13,5
c1c1,sd,M:R@GGG,M:R,GGG,0.16465051327432023,,65,13,5
c1c1,mean,M:R@GGT,M:R,GGT,10.690744242857145,0.006075635510741008,70,14,5
c1c1,sd,M:R@GGT,M:R,GGT,0.16471311180621287,,70,14,5
c1c1,mean,M:R@GTA,M:R,GTA,10.65387527789474,0.016499791346721544,95,18,5
c1c1,sd,M:R@GTA,M:R,GTA,0.25562306053195116,,95,18,5
c1c1,mean,M:R@GTC,M:R,GTC,10.59992243607843,0.011279377848812973,85,16,5
c1c1,sd,M:R@GTC,M:R,GTC,0.24120201158280402,,85,16,5
c1c1,mean,M:R@GTG,M:R,GTG,10.665572577037038,0.008433806100250454,90,18,5
c1c1,sd,M:R@GTG,M:R,GTG,0.25770065832701805,,90,18,5
c1c1,mean,M:R@GTT,M:R,GTT,10.644346641403509,0.010343521431908583,95,19,5
c1c1,sd,M:R@GTT,M:R,GTT,0.24983614288905456,,95,19,5
c1c1,mean,M:R@TAA,M:R,TAA,10.63965692969697,0.013119606285965434,55,11,5
c1c1,sd,M:R@TAA,M:R,TAA,0.25581154068679257,,55,11,5
c1c1,mean,M:R@TAC,M:R,TAC,10.546386434509802,0.019404663667462418,85,17,5
c1c1,sd,M:R@TAC,M:R,TAC,0.2683154403511234,,85,17,5
c1c1,mean,M:R@TAG,M:R,TAG,10.623241154545456,0.008306515707652609,110,21,5
c1c1,sd,M:R@TAG,M:R,TAG,0.25711177521760287,,110,21,5
c1c1,mean,M:R@TAT,M:R,TAT,10.59694504491228,0.006852968893530256,95,19,5
c1c1,sd,M:R@TAT,M:R,TAT,0.25318513520258,,95,19,5
c1c1,mean,M:R@TCA,M:R,TCA,10.652489647719298,0.011058745413142326,95,18,5
c1c1,sd,M:R@TCA,M:R,TCA,0.1892446621732639,,95,18,5
c1c1,mean,M:R@TCC,M:R,TCC,10.664060563137257,0.009583731337860633,85,17,5
c1c1,sd,M:R@TCC,M:R,TCC,0.17589169170617153,,85,17,5
c1c1,mean,M:R@TCG,M:R,TCG,10.688538077037036,0.005735333954277321,90,17,5
c1c1,sd,M:R@TCG,M:R,TCG,0.20092153009094033,,90,17,5
c1c1,mean,M:R@TCT,M:R,TCT,10.675445796666668,0.007689331679895152,120,23,5
c1c1,sd,M:R@TCT,M:R,TCT,0.17819534885684427,,120,23,5
c1c1,mean,M:R@TGA,M:R,TGA,10.704535071372549,0.003434469035264411,85,17,5
c1c1,sd,M:R@TGA,M:R,TGA,0.17661823807651628,,85,17,5
c1c1,mean,M:R@TGC,M:R,TGC,10.702775663589744,0.0038539393665961135,65,13,5
c1c1,sd,M:R@TGC,M:R,TGC,0.16890620333306244,,65,13,5
c1c1,mean,M:R@TGG,M:R,TGG,10.708538664927538,0.00355658099639187,115,23,5
c1c1,sd,M:R@TGG,M:R,TGG,0.16712306831614393,,115,23,5
c1c1,mean,M:R@TGT,M:R,TGT,10.694274105185185,0.004568653085982974,90,18,5
c1c1,sd,M:R@TGT,M:R,TGT,0.16595668498789565,,90,18,5
c1c1,mean,M:R@TTA,M:R,TTA,10.694713751428568,0.010185879130489404,70,14,5
c1c1,sd,M:R@TTA,M:R,TTA,0.24690250942294198,,70,14,5
c1c1,mean,M:R@TTC,M:R,TTC,10.611790348405796,0.005052769899607759,115,22,5
c1c1,sd,M:R@TTC,M:R,TTC,0.23255462018283274,,115,22,5
c1c1,mean,M:R@TTG,M:R,TTG,10.692814487111113,0.01102736303724947,75,15,5
c1c1,sd,M:R@TTG,M:R,TTG,0.2489896723874183,,75,15,5
c1c1,mean,M:R@TTT,M:R,TTT,10.640113195151516,0.015501853589211656,55,11,5
c1c1,sd,M:R@TTT,M:R,TTT,0.2399500670455217,,55,11,5
c1c1,mean,R:R@AAA,R:R,AAA,10.664820036666669,0.01141449717685017,40,8,5
c1c1,sd,R:R@AAA,R:R,AAA,0.2787979995728772,,40,8,5
c1c1,mean,R:R@AAC,R:R,AAC,10.604074041333336,0.01715517217048417,50,10,5
c1c1,sd,R:R@AAC,R:R,AAC,0.2901379584028598,,50,10,5
c1c1,mean,R:R@AAG,R:R,AAG,10.615040029333334,0.010491068388328135,25,5,5
c1c1,sd,R:R@AAG,R:R,AAG,0.2697991511801517,,25,5,5
c1c1,mean,R:R@AAT,R:R,AAT,10.60445036606061,0.007715217737064675,55,11,5
c1c1,sd,R:R@AAT,R:R,AAT,0.2892790619106921,,55,11,5
c1c1,mean,R:R@ACA,R:R,ACA,10.709376760000001,0.0040682952355574845,60,12,5
c1c1,sd,R:R@ACA,R:R,ACA,0.17095647872068012,,60,12,5
c1c1,mean,R:R@ACC,R:R,ACC,10.705195487272725,0.0031880245888334427,55,11,5
c1c1,sd,R:R@ACC,R:R,ACC,0.16759305495139704,,55,11,5
c1c1,mean,R:R@ACG,R:R,ACG,10.698822586666667,0.004691466964000137,35,7,5
c1c1,sd,R:R@ACG,R:R,ACG,0.179761149329677,,35,7,5
c1c1,mean,R:R@ACT,R:R,ACT,10.692189985,0.0037323523050232254,40,7,5
c1c1,sd,R:R@ACT,R:R,ACT,0.16931954212905614,,40,7,5
c1c1,mean,R:R@AGA,R:R,AGA,10.734857754285716,0.005085030415649435,35,7,5
c1c1,sd,R:R@AGA,R:R,AGA,0.16940290339305045,,35,7,5
c1c1,mean,R:R@AGC,R:R,AGC,10.732551685833334,0.0024690446806266315,80,15,5
c1c1,sd,R:R@AGC,R:R,AGC,0.16371698992698563,,80,15,5
c1c1,mean,R:R@AGG,R:R,AGG,10.730422524444444,0.006435992294177577,15,3,5
c1c1,sd,R:R@AGG,R:R,AGG,0.16393091302564086,,15,3,5
c1c1,mean,R:R@AGT,R:R,AGT,10.690588331111112,0.004369328427944606,60,12,5
c1c1,sd,R:R@AGT,R:R,AGT,0.17138497627419277,,60,12,5
c1c1,mean,R:R@ATA,R:R,ATA,10.63461165925926,0.008312207957091693,45,8,5
c1c1,sd,R:R@ATA,R:R,ATA,0.27870801255746236,,45,8,5
c1c1,mean,R:R@ATC,R:R,ATC,10.557843143589745,0.0062165002276796414,65,13,5
c1c1,sd,R:R@ATC,R:R,ATC,0.27661456824864666,,65,13,5
c1c1,mean,R:R@ATG,R:R,ATG,10.578792740952382,0.013383154578901655,35,7,5
c1c1,sd,R:R@ATG,R:R,ATG,0.2879109746452485,,35,7,5
c1c1,mean,R:R@ATT,R:R,ATT,10.595033561904764,0.01037966428323206,35,7,5
c1c1,sd,R:R@ATT,R:R,ATT,0.29436066985733417,,35,7,5
c1c1,mean,R:R@CAA,R:R,CAA,10.679387663333333,0.008778750985533976,40,8,5
c1c1,sd,R:R@CAA,R:R,CAA,0.2829730263428989,,40,8,5
c1c1,mean,R:R@CAC,R:R,CAC,10.567447172000001,0.009276583929491636,50,10,5
c1c1,sd,R:R@CAC,R:R,CAC,0.2887299840806976,,50,10,5
c1c1,mean,R:R@CAG,R:R,CAG,10.610268873846154,0.007208967650922233,65,13,5
c1c1,sd,R:R@CAG,R:R,CAG,0.28446481428210507,,65,13,5
c1c1,mean,R:R@CAT,R:R,CAT,10.571198496666666,0.012423920122281641,20,3,5
c1c1,sd,R:R@CAT,R:R,CAT,0.2863669121458759,,20,3,5
c1c1,mean,R:R@CCA,R:R,CCA,10.74215228,0.002632989610180808,65,13,5
c1c1,sd,R:R@CCA,R:R,CCA,0.16343402510313276,,65,13,5
c1c1,mean,R:R@CCC,R:R,CCC,10.739984582222224,0.008019840404901491,15,3,5
c1c1,sd,R:R@CCC,R:R,CCC,0.16009249349036284,,15,3,5
c1c1,mean,R:R@CCG,R:R,CCG,10.740422824,0.003057336838682944,50,10,5
c1c1,sd,R:R@CCG,R:R,CCG,0.17443881949703818,,50,10,5
c1c1,mean,R:R@CCT,R:R,CCT,10.725433016666667,0.002743576780500995,40,8,5
c1c1,sd,R:R@CCT,R:R,CCT,0.1616637533942619,,40,8,5
c1c1,mean,R:R@CGA,R:R,CGA,10.7477217,0.003523906623500972,40,8,5
c1c1,sd,R:R@CGA,R:R,CGA,0.1766944846349175,,40,8,5
c1c1,mean,R:R@CGC,R:R,CGC,10.741593989333335,0.003298525337804959,25,5,5
c1c1,sd,R:R@CGC,R:R,CGC,0.16798637501447444,,25,5,5
c1c1,mean,R:R@CGG,R:R,CGG,10.740704076,0.0031721048520006834,50,10,5
c1c1,sd,R:R@CGG,R:R,CGG,0.1725329388776078,,50,10,5
c1c1,mean,R:R@CGT,R:R,CGT,10.693407177777777,0.0030591129075606266,60,12,5
c1c1,sd,R:R@CGT,R:R,CGT,0.18157484752848493,,60,12,5
c1c1,mean,R:R@CTA,R:R,CTA,10.632641186666666,0.007750118499899623,55,11,5
c1c1,sd,R:R@CTA,R:R,CTA,0.26417991722926926,,55,11,5
c1c1,mean,R:R@CTC,R:R,CTC,10.594418746666665,0.00914395169219648,20,4,5
c1c1,sd,R:R@CTC,R:R,CTC,0.26398159525045906,,20,4,5
c1c1,mean,R:R@CTG,R:R,CTG,10.607621116666667,0.007824191653784342,40,8,5
c1c1,sd,R:R@CTG,R:R,CTG,0.28470689614852096,,40,8,5
c1c1,mean,R:R@CTT,R:R,CTT,10.635728391428573,0.0047319921800445626,70,14,5
c1c1,sd,R:R@CTT,R:R,CTT,0.27205294344295067,,70,14,5
c1c1,mean,R:R@GAA,R:R,GAA,10.64837859047619,0.00988493677341371,70,14,5
c1c1,sd,R:R@GAA,R:R,GAA,0.2716066924757828,,70,14,5
c1c1,mean,R:R@GAC,R:R,GAC,10.589970689333331,0.004073961263087444,50,9,5
c1c1,sd,R:R@GAC,R:R,GAC,0.27298163914284396,,50,9,5
c1c1,mean,R:R@GAG,R:R,GAG,10.594359342222221,0.0052636443974421855,30,6,5
c1c1,sd,R:R@GAG,R:R,GAG,0.26172880847773117,,30,6,5
c1c1,mean,R:R@GAT,R:R,GAT,10.584056592592592,0.011548361760837128,45,9,5
c1c1,sd,R:R@GAT,R:R,GAT,0.2752500107798555,,45,9,5
c1c1,mean,R:R@GCA,R:R,GCA,10.746528366666666,0.0019623585575589894,20,4,5
c1c1,sd,R:R@GCA,R:R,GCA,0.16114395910888707,,20,4,5
c1c1,mean,R:R@GCC,R:R,GCC,10.74419006111111,0.0018392028410377619,60,12,5
c1c1,sd,R:R@GCC,R:R,GCC,0.1592304126513319,,60,12,5
c1c1,mean,R:R@GCG,R:R,GCG,10.741658178666668,0.0023342553526786566,50,10,5
c1c1,sd,R:R@GCG,R:R,GCG,0.16654525657587566,,50,10,5
c1c1,mean,R:R@GCT,R:R,GCT,10.732155317037037,0.00325795369202927,45,9,5
c1c1,sd,R:R@GCT,R:R,GCT,0.1638020277565188,,45,9,5
c1c1,mean,R:R@GGA,R:R,GGA,10.748549721212123,0.0026709732506071168,55,11,5
c1c1,sd,R:R@GGA,R:R,GGA,0.1656308231148087,,55,11,5
c1c1,mean,R:R@GGC,R:R,GGC,10.74586905948718,0.0023732286101025082,65,13,5
c1c1,sd,R:R@GGC,R:R,GGC,0.1588889096150304,,65,13,5
c1c1,mean,R:R@GGG,R:R,GGG,10.738591320000003,0.002491145873157281,35,7,5
c1c1,sd,R:R@GGG,R:R,GGG,0.16162606213797867,,35,7,5
c1c1,mean,R:R@GGT,R:R,GGT,10.695097646666671,0.001982405790318548,30,6,5
c1c1,sd,R:R@GGT,R:R,GGT,0.16683863413342834,,30,6,5
c1c1,mean,R:R@GTA,R:R,GTA,10.60811666857143,0.01050667425384901,35,7,5
c1c1,sd,R:R@GTA,R:R,GTA,0.28447137680545714,,35,7,5
c1c1,mean,R:R@GTC,R:R,GTC,10.583949562222221,0.0045881727646889464,30,5,5
c1c1,sd,R:R@GTC,R:R,GTC,0.27528205385172533,,30,5,5
c1c1,mean,R:R@GTG,R:R,GTG,10.584505093333332,0.005047534566697809,50,10,5
c1c1,sd,R:R@GTG,R:R,GTG,0.289124515574525,,50,10,5
c1c1,mean,R:R@GTT,R:R,GTT,10.615694514666668,0.007157562985745375,50,10,5
c1c1,sd,R:R@GTT,R:R,GTT,0.2837900430482417,,50,10,5
c1c1,mean,R:R@TAA,R:R,TAA,10.696453446666666,0.015142457596122396,20,4,5
c1c1,sd,R:R@TAA,R:R,TAA,0.27136227849558736,,20,4,5
c1c1,mean,R:R@TAC,R:R,TAC,10.605991994074076,0.009591384815429337,45,9,5
c1c1,sd,R:R@TAC,R:R,TAC,0.2798798693787102,,45,9,5
c1c1,mean,R:R@TAG,R:R,TAG,10.644620195897435,0.006203309283575675,65,12,5
c1c1,sd,R:R@TAG,R:R,TAG,0.26688757260063,,65,12,5
c1c1,mean,R:R@TAT,R:R,TAT,10.617067528484847,0.006956294649949695,55,11,5
c1c1,sd,R:R@TAT,R:R,TAT,0.27991433516171316,,55,11,5
c1c1,mean,R:R@TCA,R:R,TCA,10.748973864444444,0.0057436005919705045,30,6,5
c1c1,sd,R:R@TCA,R:R,TCA,0.17454378692788464,,30,6,5
c1c1,mean,R:R@TCC,R:R,TCC,10.746346788148148,0.00369733084539247,45,9,5
c1c1,sd,R:R@TCC,R:R,TCC,0.1666250097027807,,45,9,5
c1c1,mean,R:R@TCG,R:R,TCG,10.748249721333332,0.0044986780147124525,50,10,5
c1c1,sd,R:R@TCG,R:R,TCG,0.17940981370225298,,50,10,5
c1c1,mean,R:R@TCT,R:R,TCT,10.737666039999999,0.004745700793393269,60,11,5
c1c1,sd,R:R@TCT,R:R,TCT,0.1700011991740938,,60,11,5
c1c1,mean,R:R@TGA,R:R,TGA,10.751463926666668,0.006482196260083647,40,8,5
c1c1,sd,R:R@TGA,R:R,TGA,0.17185774231753237,,40,8,5
c1c1,mean,R:R@TGC,R:R,TGC,10.744539233333333,0.002640920200658951,30,6,5
c1c1,sd,R:R@TGC,R:R,TGC,0.16245474867668383,,30,6,5
c1c1,mean,R:R@TGG,R:R,TGG,10.745120588444443,0.0023337723124276124,75,15,5
c1c1,sd,R:R@TGG,R:R,TGG,0.16540560542309782,,75,15,5
c1c1,mean,R:R@TGT,R:R,TGT,10.711847377142856,0.003308335348835054,35,7,5
c1c1,sd,R:R@TGT,R:R,TGT,0.16865052454665022,,35,7,5
c1c1,mean,R:R@TTA,R:R,TTA,10.687228072592594,0.013832685389022298,45,9,5
c1c1,sd,R:R@TTA,R:R,TTA,0.2749003289694625,,45,9,5
c1c1,mean,R:R@TTC,R:R,TTC,10.634909554444445,0.012457892265121569,60,11,5
c1c1,sd,R:R@TTC,R:R,TTC,0.2668401287090289,,60,11,5
c1c1,mean,R:R@TTG,R:R,TTG,10.662263546666667,0.007685474837265557,45,9,5
c1c1,sd,R:R@TTG,R:R,TTG,0.28106521008394364,,45,9,5
c1c1,mean,R:R@TTT,R:R,TTT,10.660861362666665,0.016990173583947055,25,5,5
c1c1,sd,R:R@TTT,R:R,TTT,0.27936919229294316,,25,5,5
