obs,stat,cell,group,sub,value,err,n_positions,n_duplexes,n_replicates
Rise,mean,D:R@AA,D:R,AA,3.191280668213058,0.015246278771494154,388,65,5
Rise,sd,D:R@AA,D:R,AA,0.39251584613232543,,388,65,5
Rise,mean,D:R@AC,D:R,AC,3.3005893419518375,0.007220261460575917,526,97,5
Rise,sd,D:R@AC,D:R,AC,0.30048814860697803,,526,97,5
Rise,mean,D:R@AG,D:R,AG,3.2727915692827003,0.009278762495737627,395,76,5
Rise,sd,D:R@AG,D:R,AG,0.3486653436171748,,395,76,5
Rise,mean,D:R@AT,D:R,AT,3.2301923643518524,0.00644519365661002,432,82,5
Rise,sd,D:R@AT,D:R,AT,0.3087728546054891,,432,82,5
Rise,mean,D:R@CA,D:R,CA,3.329382142173913,0.012829068451656989,460,86,5
Rise,sd,D:R@CA,D:R,CA,0.4190329879869649,,460,86,5
Rise,mean,D:R@CC,D:R,CC,3.395781540105342,0.009931298607628834,443,80,5
Rise,sd,D:R@CC,D:R,CC,0.3652689356691615,,443,80,5
Rise,mean,D:R@CG,D:R,CG,3.5167079605177993,0.014186471194408148,515,92,5
Rise,sd,D:R@CG,D:R,CG,0.4584725054264751,,515,92,5
Rise,mean,D:R@CT,D:R,CT,3.34544193023544,0.007492099448279303,538,96,5
Rise,sd,D:R@CT,D:R,CT,0.3442221467010842,,538,96,5
Rise,mean,D:R@GA,D:R,GA,3.214835875599669,0.011088296631854327,403,77,5
Rise,sd,D:R@GA,D:R,GA,0.37993652457575977,,403,77,5
Rise,mean,D:R@GC,D:R,GC,3.3211006819259263,0.007002075470771307,450,85,5
Rise,sd,D:R@GC,D:R,GC,0.26025461900806646,,450,85,5
Rise,mean,D:R@GG,D:R,GG,3.3485472894573642,0.008486318050201006,430,78,5
Rise,sd,D:R@GG,D:R,GG,0.33402626075777087,,430,78,5
Rise,mean,D:R@GT,D:R,GT,3.301820495841584,0.005637010978950497,505,94,5
Rise,sd,D:R@GT,D:R,GT,0.2887842891270955,,505,94,5
Rise,mean,D:R@TA,D:R,TA,3.276378897878166,0.009632737086028333,487,95,5
Rise,sd,D:R@TA,D:R,TA,0.39711477825338637,,487,95,5
Rise,mean,D:R@TC,D:R,TC,3.2853417240251575,0.009863074215930075,530,98,5
Rise,sd,D:R@TC,D:R,TC,0.35049883508365154,,530,98,5
Rise,mean,D:R@TG,D:R,TG,3.363134769073669,0.01040413439262984,457,87,5
Rise,sd,D:R@TG,D:R,TG,0.41990791465726085,,457,87,5
Rise,mean,D:R@TT,D:R,TT,3.2341560061561565,0.007908532045053863,444,78,5
Rise,sd,D:R@TT,D:R,TT,0.33336642665105837,,444,78,5
Rise,mean,DE|RR@AA,DE|RR,AA,3.4103415977777782,0.038621691511238065,30,6,5
Rise,sd,DE|RR@AA,DE|RR,AA,0.4461750579468134,,30,6,5
Rise,mean,DE|RR@AC,DE|RR,AC,3.5960426488888886,0.021606200413263135,30,6,5
Rise,sd,DE|RR@AC,DE|RR,AC,0.3029026476843609,,30,6,5
Rise,mean,DE|RR@AG,DE|RR,AG,3.466004675555555,0.021581781335875492,30,6,5
Rise,sd,DE|RR@AG,DE|RR,AG,0.36050744328135775,,30,6,5
Rise,mean,DE|RR@AT,DE|RR,AT,3.4565083355555553,0.03245250606631909,30,6,5
Rise,sd,DE|RR@AT,DE|RR,AT,0.3920863760984829,,30,6,5
Rise,mean,DE|RR@CA,DE|RR,CA,3.5973542488888883,0.04732308870144423,30,6,5
Rise,sd,DE|RR@CA,DE|RR,CA,0.6615946198117177,,30,6,5
Rise,mean,DE|RR@CC,DE|RR,CC,3.679484331111111,0.04164034510482963,30,6,5
Rise,sd,DE|RR@CC,DE|RR,CC,0.3664665520655381,,30,6,5
Rise,mean,DE|RR@CG,DE|RR,CG,3.869758068888889,0.009434543453096467,30,6,5
Rise,sd,DE|RR@CG,DE|RR,CG,0.47028907423703104,,30,6,5
Rise,mean,DE|RR@CT,DE|RR,CT,3.4098892444444444,0.04219058426284524,30,6,5
Rise,sd,DE|RR@CT,DE|RR,CT,0.4814891864533949,,30,6,5
Rise,mean,DE|RR@GA,DE|RR,GA,3.504637504444444,0.029872090776231246,30,6,5
Rise,sd,DE|RR@GA,DE|RR,GA,0.3829522317216257,,30,6,5
Rise,mean,DE|RR@GC,DE|RR,GC,3.4821950088888887,0.018647669641491872,30,6,5
Rise,sd,DE|RR@GC,DE|RR,GC,0.26418246574871984,,30,6,5
Rise,mean,DE|RR@GG,DE|RR,GG,3.521874964444444,0.03305231597319807,30,6,5
Rise,sd,DE|RR@GG,DE|RR,GG,0.340202781935875,,30,6,5
Rise,mean,DE|RR@GT,DE|RR,GT,3.5207123822222224,0.01892848634347107,30,6,5
Rise,sd,DE|RR@GT,DE|RR,GT,0.295424854488856,,30,6,5
Rise,mean,DE|RR@TA,DE|RR,TA,3.615631302222222,0.056373700908991964,30,6,5
Rise,sd,DE|RR@TA,DE|RR,TA,0.48392362320364224,,30,6,5
Rise,mean,DE|RR@TC,DE|RR,TC,3.533523326666667,0.04810320583292057,30,6,5
Rise,sd,DE|RR@TC,DE|RR,TC,0.35317958070719413,,30,6,5
Rise,mean,DE|RR@TG,DE|RR,TG,3.7242143111111106,0.038817860423874535,30,6,5
Rise,sd,DE|RR@TG,DE|RR,TG,0.42783414767483957,,30,6,5
Rise,mean,DE|RR@TT,DE|RR,TT,3.4989327126436782,0.04411313633161541,29,6,5
Rise,sd,DE|RR@TT,DE|RR,TT,0.3551328842566711,,29,6,5
Rise,mean,DM|RR@AA,DM|RR,AA,3.3878877844444446,0.017611199248812073,30,6,5
Rise,sd,DM|RR@AA,DM|RR,AA,0.3760799803725847,,30,6,5
Rise,mean,DM|RR@AC,DM|RR,AC,3.296740362222222,0.03447989260774104,30,6,5
Rise,sd,DM|RR@AC,DM|RR,AC,0.40700495715967444,,30,6,5
Rise,mean,DM|RR@AG,DM|RR,AG,3.471955077777778,0.01644983902147075,30,6,5
Rise,sd,DM|RR@AG,DM|RR,AG,0.3341911207543193,,30,6,5
Rise,mean,DM|RR@AT,DM|RR,AT,3.3071765400000004,0.014698065886135328,30,6,5
Rise,sd,DM|RR@AT,DM|RR,AT,0.29750217675469703,,30,6,5
Rise,mean,DM|RR@CA,DM|RR,CA,3.5759556533333328,0.0301942553265911,30,6,5
Rise,sd,DM|RR@CA,DM|RR,CA,0.3863433025547677,,30,6,5
Rise,mean,DM|RR@CC,DM|RR,CC,3.399051766666666,0.028505910707208273,30,6,5
Rise,sd,DM|RR@CC,DM|RR,CC,0.328911251966264,,30,6,5
Rise,mean,DM|RR@CG,DM|RR,CG,3.874809571111111,0.025724750586261867,30,6,5
Rise,sd,DM|RR@CG,DM|RR,CG,0.4077981191759196,,30,6,5
Rise,mean,DM|RR@CT,DM|RR,CT,3.403767637777778,0.025881243938211007,30,6,5
Rise,sd,DM|RR@CT,DM|RR,CT,0.3233945624787836,,30,6,5
Rise,mean,DM|RR@GA,DM|RR,GA,3.3662544977777773,0.016597710606899862,30,6,5
Rise,sd,DM|RR@GA,DM|RR,GA,0.35004898593607786,,30,6,5
Rise,mean,DM|RR@GC,DM|RR,GC,3.355294335555556,0.01070311390629928,30,6,5
Rise,sd,DM|RR@GC,DM|RR,GC,0.2465396340851202,,30,6,5
Rise,mean,DM|RR@GG,DM|RR,GG,3.4385820333333337,0.01485822109551893,30,6,5
Rise,sd,DM|RR@GG,DM|RR,GG,0.3066198560730421,,30,6,5
Rise,mean,DM|RR@GT,DM|RR,GT,3.3343343622222226,0.013174781382314572,30,6,5
Rise,sd,DM|RR@GT,DM|RR,GT,0.2899101794424727,,30,6,5
Rise,mean,DM|RR@TA,DM|RR,TA,3.5358248488888893,0.03117259093963556,30,6,5
Rise,sd,DM|RR@TA,DM|RR,TA,0.4163256468516437,,30,6,5
Rise,mean,DM|RR@TC,DM|RR,TC,3.21141876,0.01692289683426113,30,6,5
Rise,sd,DM|RR@TC,DM|RR,TC,0.325915728941316,,30,6,5
Rise,mean,DM|RR@TG,DM|RR,TG,3.6743581266666667,0.012765472078296128,30,6,5
Rise,sd,DM|RR@TG,DM|RR,TG,0.40578689884002556,,30,6,5
Rise,mean,DM|RR@TT,DM|RR,TT,3.2593777733333327,0.03252158023176142,30,6,5
Rise,sd,DM|RR@TT,DM|RR,TT,0.32796609731904436,,30,6,5
Rise,mean,E:R@AA,E:R,AA,3.2489215286089244,0.01622282060380839,254,42,5
Rise,sd,E:R@AA,E:R,AA,0.42103512118819975,,254,42,5
Rise,mean,E:R@AC,E:R,AC,3.260187360897436,0.006958739681485689,312,57,5
Rise,sd,E:R@AC,E:R,AC,0.27301978430977814,,312,57,5
Rise,mean,E:R@AG,E:R,AG,3.2801808303951367,0.009154686356305588,329,63,5
Rise,sd,E:R@AG,E:R,AG,0.3933175257463116,,329,63,5
Rise,mean,E:R@AT,E:R,AT,3.262984021728395,0.008189635230611055,270,51,5
Rise,sd,E:R@AT,E:R,AT,0.3242719383625161,,270,51,5
Rise,mean,E:R@CA,E:R,CA,3.390274448606466,0.020632897743431564,299,56,5
Rise,sd,E:R@CA,E:R,CA,0.45092258721604955,,299,56,5
Rise,mean,E:R@CC,E:R,CC,3.268533841212121,0.010107748917165949,275,49,5
Rise,sd,E:R@CC,E:R,CC,0.314189085409372,,275,49,5
Rise,mean,E:R@CG,E:R,CG,3.5310104957575756,0.013501641720189769,275,49,5
Rise,sd,E:R@CG,E:R,CG,0.4023810905893384,,275,49,5
Rise,mean,E:R@CT,E:R,CT,3.236760328508772,0.01104751516566339,304,55,5
Rise,sd,E:R@CT,E:R,CT,0.33197221691282913,,304,55,5
Rise,mean,E:R@GA,E:R,GA,3.3005154532887397,0.01332305550077995,299,56,5
Rise,sd,E:R@GA,E:R,GA,0.3720694472307946,,299,56,5
Rise,mean,E:R@GC,E:R,GC,3.2767042426262627,0.005176937379173425,330,62,5
Rise,sd,E:R@GC,E:R,GC,0.236907244663485,,330,62,5
Rise,mean,E:R@GG,E:R,GG,3.3297225023188406,0.00842820244876463,230,42,5
Rise,sd,E:R@GG,E:R,GG,0.3237397130843144,,230,42,5
Rise,mean,E:R@GT,E:R,GT,3.2782899282463185,0.01492291256233154,249,46,5
Rise,sd,E:R@GT,E:R,GT,0.26857784659434764,,249,46,5
Rise,mean,E:R@TA,E:R,TA,3.262098135548173,0.016602736726876264,301,56,5
Rise,sd,E:R@TA,E:R,TA,0.4490276336493016,,301,56,5
Rise,mean,E:R@TC,E:R,TC,3.238147879722222,0.015719422505339916,240,44,5
Rise,sd,E:R@TC,E:R,TC,0.34184466563601545,,240,44,5
Rise,mean,E:R@TG,E:R,TG,3.383848063206459,0.01637417577340092,289,57,5
Rise,sd,E:R@TG,E:R,TG,0.43032649734116685,,289,57,5
Rise,mean,E:R@TT,E:R,TT,3.2222264455757577,0.013354132696251084,275,46,5
Rise,sd,E:R@TT,E:R,TT,0.3518258669700619,,275,46,5
Rise,mean,ED|RR@AA,ED|RR,AA,3.1234138155555553,0.033167273284345926,30,6,5
Rise,sd,ED|RR@AA,ED|RR,AA,0.37175415191562683,,30,6,5
Rise,mean,ED|RR@AC,ED|RR,AC,3.202554432183908,0.004128231920583492,29,6,5
Rise,sd,ED|RR@AC,ED|RR,AC,0.2742098582583284,,29,6,5
Rise,mean,ED|RR@AG,ED|RR,AG,3.0553833355555557,0.022998985735824744,30,6,5
Rise,sd,ED|RR@AG,ED|RR,AG,0.3453890057393823,,30,6,5
Rise,mean,ED|RR@AT,ED|RR,AT,3.1686208244444445,0.011845427270690337,30,6,5
Rise,sd,ED|RR@AT,ED|RR,AT,0.2844123777784623,,30,6,5
Rise,mean,ED|RR@CA,ED|RR,CA,3.298047615555555,0.028470785855703833,30,6,5
Rise,sd,ED|RR@CA,ED|RR,CA,0.4470460939178527,,30,6,5
Rise,mean,ED|RR@CC,ED|RR,CC,3.1674975177777775,0.02224601496577153,30,6,5
Rise,sd,ED|RR@CC,ED|RR,CC,0.3161284403806865,,30,6,5
Rise,mean,ED|RR@CG,ED|RR,CG,3.363606855555555,0.03913497123933912,30,6,5
Rise,sd,ED|RR@CG,ED|RR,CG,0.4447612431328839,,30,6,5
Rise,mean,ED|RR@CT,ED|RR,CT,3.1234337911111107,0.015510850156453357,30,6,5
Rise,sd,ED|RR@CT,ED|RR,CT,0.31613693804910714,,30,6,5
Rise,mean,ED|RR@GA,ED|RR,GA,3.244828377777778,0.027976721769019705,30,6,5
Rise,sd,ED|RR@GA,ED|RR,GA,0.36471284411308613,,30,6,5
Rise,mean,ED|RR@GC,ED|RR,GC,3.2110321577777783,0.008596220056184498,30,6,5
Rise,sd,ED|RR@GC,ED|RR,GC,0.2327094258680723,,30,6,5
Rise,mean,ED|RR@GG,ED|RR,GG,3.2773745266666667,0.02776979854423253,30,6,5
Rise,sd,ED|RR@GG,ED|RR,GG,0.3206347553327448,,30,6,5
Rise,mean,ED|RR@GT,ED|RR,GT,3.2475635288888887,0.009091584648313694,30,6,5
Rise,sd,ED|RR@GT,ED|RR,GT,0.2490046288956522,,30,6,5
Rise,mean,ED|RR@TA,ED|RR,TA,3.068647190804598,0.04895988441099714,29,6,5
Rise,sd,ED|RR@TA,ED|RR,TA,0.3741993265464563,,29,6,5
Rise,mean,ED|RR@TC,ED|RR,TC,3.092611482222223,0.03372115746441637,30,6,5
Rise,sd,ED|RR@TC,ED|RR,TC,0.3277140849030698,,30,6,5
Rise,mean,ED|RR@TG,ED|RR,TG,3.1217977688888885,0.03051850273701014,30,6,5
Rise,sd,ED|RR@TG,ED|RR,TG,0.38168673355165167,,30,6,5
Rise,mean,ED|RR@TT,ED|RR,TT,3.061638282222222,0.014606757533071125,30,6,5
Rise,sd,ED|RR@TT,ED|RR,TT,0.32083183351166566,,30,6,5
Rise,mean,M:R@AA,M:R,AA,3.2430605664,0.012794814898605568,250,42,5
Rise,sd,M:R@AA,M:R,AA,0.36593143668821065,,250,42,5
Rise,mean,M:R@AC,M:R,AC,3.2913767017777777,0.005976337878285248,300,55,5
Rise,sd,M:R@AC,M:R,AC,0.26352398127321874,,300,55,5
Rise,mean,M:R@AG,M:R,AG,3.228187623809524,0.015400831653663627,280,55,5
Rise,sd,M:R@AG,M:R,AG,0.3436973067410139,,280,55,5
Rise,mean,M:R@AT,M:R,AT,3.283990955878788,0.006529305100193105,275,53,5
Rise,sd,M:R@AT,M:R,AT,0.2696927818632324,,275,53,5
Rise,mean,M:R@CA,M:R,CA,3.5233131699999998,0.01529267074255469,300,54,5
Rise,sd,M:R@CA,M:R,CA,0.4358574770327627,,300,54,5
Rise,mean,M:R@CC,M:R,CC,3.4528932788888884,0.010745346407415477,300,53,5
Rise,sd,M:R@CC,M:R,CC,0.34703458585121905,,300,53,5
Rise,mean,M:R@CG,M:R,CG,3.711001359532163,0.012818886628248432,285,51,5
Rise,sd,M:R@CG,M:R,CG,0.43562254491985536,,285,51,5
Rise,mean,M:R@CT,M:R,CT,3.44266621039548,0.012357032736589375,295,50,5
Rise,sd,M:R@CT,M:R,CT,0.3529504400400814,,295,50,5
Rise,mean,M:R@GA,M:R,GA,3.29510386984127,0.00952411563327042,315,60,5
Rise,sd,M:R@GA,M:R,GA,0.34182601092822323,,315,60,5
Rise,mean,M:R@GC,M:R,GC,3.2856819086419753,0.004653539265454827,270,50,5
Rise,sd,M:R@GC,M:R,GC,0.23223556169074958,,270,50,5
Rise,mean,M:R@GG,M:R,GG,3.3113518362573098,0.011888462960055496,285,50,5
Rise,sd,M:R@GG,M:R,GG,0.3085669808757742,,285,50,5
Rise,mean,M:R@GT,M:R,GT,3.3307840968888893,0.006436489753909955,300,57,5
Rise,sd,M:R@GT,M:R,GT,0.25358207128600335,,300,57,5
Rise,mean,M:R@TA,M:R,TA,3.288559280314961,0.014622625125897166,254,49,5
Rise,sd,M:R@TA,M:R,TA,0.38359058259776124,,254,49,5
Rise,mean,M:R@TC,M:R,TC,3.286115293989071,0.014581689696543337,305,56,5
Rise,sd,M:R@TC,M:R,TC,0.34923656326574887,,305,56,5
Rise,mean,M:R@TG,M:R,TG,3.4164138352285396,0.013221634184242645,299,56,5
Rise,sd,M:R@TG,M:R,TG,0.3884924582444901,,299,56,5
Rise,mean,M:R@TT,M:R,TT,3.345836406258503,0.014644783975726865,245,44,5
Rise,sd,M:R@TT,M:R,TT,0.3380576210102402,,245,44,5
Rise,mean,MD|RR@AA,MD|RR,AA,3.114863982222223,0.021641060815421716,30,6,5
Rise,sd,MD|RR@AA,MD|RR,AA,0.38470694502058234,,30,6,5
Rise,mean,MD|RR@AC,MD|RR,AC,3.126406993333333,0.021043367057003173,30,6,5
Rise,sd,MD|RR@AC,MD|RR,AC,0.3377585553485238,,30,6,5
Rise,mean,MD|RR@AG,MD|RR,AG,3.0149763377777785,0.01399697726293491,30,6,5
Rise,sd,MD|RR@AG,MD|RR,AG,0.3251780495001634,,30,6,5
Rise,mean,MD|RR@AT,MD|RR,AT,3.072857837777777,0.021287614945479615,30,6,5
Rise,sd,MD|RR@AT,MD|RR,AT,0.345860178607219,,30,6,5
Rise,mean,MD|RR@CA,MD|RR,CA,3.292431957777778,0.02214607802001166,30,6,5
Rise,sd,MD|RR@CA,MD|RR,CA,0.4171820561822618,,30,6,5
Rise,mean,MD|RR@CC,MD|RR,CC,3.293272111111112,0.04068911974783966,30,6,5
Rise,sd,MD|RR@CC,MD|RR,CC,0.3667701742783785,,30,6,5
Rise,mean,MD|RR@CG,MD|RR,CG,3.438098855555556,0.03287344582209776,30,6,5
Rise,sd,MD|RR@CG,MD|RR,CG,0.4673613583900984,,30,6,5
Rise,mean,MD|RR@CT,MD|RR,CT,3.2326261511111114,0.016872465397367923,30,6,5
Rise,sd,MD|RR@CT,MD|RR,CT,0.34490289413267594,,30,6,5
Rise,mean,MD|RR@GA,MD|RR,GA,3.1396783533333332,0.03692987803766996,30,6,5
Rise,sd,MD|RR@GA,MD|RR,GA,0.37411965129911945,,30,6,5
Rise,mean,MD|RR@GC,MD|RR,GC,3.2160421733333338,0.004952169636849217,30,6,5
Rise,sd,MD|RR@GC,MD|RR,GC,0.24516720342185858,,30,6,5
Rise,mean,MD|RR@GG,MD|RR,GG,3.185988864444445,0.026978077209256882,30,6,5
Rise,sd,MD|RR@GG,MD|RR,GG,0.32192290386401384,,30,6,5
Rise,mean,MD|RR@GT,MD|RR,GT,3.1906689555555556,0.019827046654645915,30,6,5
Rise,sd,MD|RR@GT,MD|RR,GT,0.2796057344108237,,30,6,5
Rise,mean,MD|RR@TA,MD|RR,TA,3.1258189977777784,0.025391686351951936,30,6,5
Rise,sd,MD|RR@TA,MD|RR,TA,0.3762871225319806,,30,6,5
Rise,mean,MD|RR@TC,MD|RR,TC,3.200937668888889,0.04945108360887172,30,6,5
Rise,sd,MD|RR@TC,MD|RR,TC,0.35019758496279396,,30,6,5
Rise,mean,MD|RR@TG,MD|RR,TG,3.134139988888889,0.046314651068032314,30,6,5
Rise,sd,MD|RR@TG,MD|RR,TG,0.3675459201440146,,30,6,5
Rise,mean,MD|RR@TT,MD|RR,TT,3.109377237777778,0.0373328733254505,30,6,5
Rise,sd,MD|RR@TT,MD|RR,TT,0.34091973405180165,,30,6,5
Rise,mean,R:R@AA,R:R,AA,3.1709130555555554,0.010111161104456493,162,25,5
Rise,sd,R:R@AA,R:R,AA,0.4034892342675207,,162,25,5
Rise,mean,R:R@AC,R:R,AC,3.284351282926829,0.0063848728440135845,164,29,5
Rise,sd,R:R@AC,R:R,AC,0.2875792516378002,,164,29,5
Rise,mean,R:R@AG,R:R,AG,3.2283136422764227,0.008350018636319059,164,32,5
Rise,sd,R:R@AG,R:R,AG,0.36478474158495083,,164,32,5
Rise,mean,R:R@AT,R:R,AT,3.2025568363636365,0.007863014573150482,165,31,5
Rise,sd,R:R@AT,R:R,AT,0.33993377607124703,,165,31,5
Rise,mean,R:R@CA,R:R,CA,3.3202258142276424,0.012268458303550717,164,30,5
Rise,sd,R:R@CA,R:R,CA,0.45146197541041916,,164,30,5
Rise,mean,R:R@CC,R:R,CC,3.343741468686869,0.010744046448133744,165,30,5
Rise,sd,R:R@CC,R:R,CC,0.30998594494293114,,165,30,5
Rise,mean,R:R@CG,R:R,CG,3.5068133175757574,0.012090437429049916,165,28,5
Rise,sd,R:R@CG,R:R,CG,0.4236505042329401,,165,28,5
Rise,mean,R:R@CT,R:R,CT,3.2389888067061143,0.005923083508404776,169,28,5
Rise,sd,R:R@CT,R:R,CT,0.36754911976986027,,169,28,5
Rise,mean,R:R@GA,R:R,GA,3.2196173737373734,0.010957884393002586,165,31,5
Rise,sd,R:R@GA,R:R,GA,0.36590555954987103,,165,31,5
Rise,mean,R:R@GC,R:R,GC,3.3031426703030307,0.004305745564576234,165,30,5
Rise,sd,R:R@GC,R:R,GC,0.2223702967426867,,165,30,5
Rise,mean,R:R@GG,R:R,GG,3.3197353387840662,0.011254457321816458,159,28,5
Rise,sd,R:R@GG,R:R,GG,0.3057510144365517,,159,28,5
Rise,mean,R:R@GT,R:R,GT,3.288489383434343,0.006263592889793332,165,30,5
Rise,sd,R:R@GT,R:R,GT,0.30704541099679616,,165,30,5
Rise,mean,R:R@TA,R:R,TA,3.213540171717171,0.01290707198690049,165,31,5
Rise,sd,R:R@TA,R:R,TA,0.41459918273248947,,165,31,5
Rise,mean,R:R@TC,R:R,TC,3.219323222764227,0.009852611314343639,164,30,5
Rise,sd,R:R@TC,R:R,TC,0.3744825103251975,,164,30,5
Rise,mean,R:R@TG,R:R,TG,3.30372140436508,0.010060375913183298,168,32,5
Rise,sd,R:R@TG,R:R,TG,0.47237335752366233,,168,32,5
Rise,mean,R:R@TT,R:R,TT,3.16715539412998,0.013160222691313471,159,28,5
Rise,sd,R:R@TT,R:R,TT,0.3897278352659087,,159,28,5
Roll,mean,D:R@AA,D:R,AA,6.279360467869416,0.18250726846631699,388,65,5
Roll,sd,D:R@AA,D:R,AA,6.337719232328533,,388,65,5
Roll,mean,D:R@AC,D:R,AC,2.238053226996198,0.11626596088413206,526,97,5
Roll,sd,D:R@AC,D:R,AC,4.871199836127507,,526,97,5
Roll,mean,D:R@AG,D:R,AG,6.903351900084388,0.20372426656618678,395,76,5
Roll,sd,D:R@AG,D:R,AG,6.095156457266193,,395,76,5
Roll,mean,D:R@AT,D:R,AT,1.8162413783950615,0.14307703043984948,432,82,5
Roll,sd,D:R@AT,D:R,AT,5.0868351685445035,,432,82,5
Roll,mean,D:R@CA,D:R,CA,11.987288425507248,0.27101944109958526,460,86,5
Roll,sd,D:R@CA,D:R,CA,6.882813405606584,,460,86,5
Roll,mean,D:R@CC,D:R,CC,3.4235373373965388,0.12992172963405155,443,80,5
Roll,sd,D:R@CC,D:R,CC,4.858543512044957,,443,80,5
Roll,mean,D:R@CG,D:R,CG,9.102251241294498,0.30142192617032504,515,92,5
Roll,sd,D:R@CG,D:R,CG,6.778853628158312,,515,92,5
Roll,mean,D:R@CT,D:R,CT,2.1573565864931847,0.10954189976301228,538,96,5
Roll,sd,D:R@CT,D:R,CT,4.978435752750207,,538,96,5
Roll,mean,D:R@GA,D:R,GA,5.7201949204301075,0.17214967141309934,403,77,5
Roll,sd,D:R@GA,D:R,GA,6.185106551694706,,403,77,5
Roll,mean,D:R@GC,D:R,GC,1.394436063851852,0.08414756610239892,450,85,5
Roll,sd,D:R@GC,D:R,GC,4.496229702126289,,450,85,5
Roll,mean,D:R@GG,D:R,GG,6.451946638604651,0.17363889974437408,430,78,5
Roll,sd,D:R@GG,D:R,GG,5.585461956672081,,430,78,5
Roll,mean,D:R@GT,D:R,GT,1.815339428778878,0.08534150490896769,505,94,5
Roll,sd,D:R@GT,D:R,GT,4.9361383293465275,,505,94,5
Roll,mean,D:R@TA,D:R,TA,12.079179607255305,0.22138236307049414,487,95,5
Roll,sd,D:R@TA,D:R,TA,6.904466648671684,,487,95,5
Roll,mean,D:R@TC,D:R,TC,2.58753342327044,0.10095812376238278,530,98,5
Roll,sd,D:R@TC,D:R,TC,4.994089199745534,,530,98,5
Roll,mean,D:R@TG,D:R,TG,10.000728684755652,0.2363519041579568,457,87,5
Roll,sd,D:R@TG,D:R,TG,6.5589816614748635,,457,87,5
Roll,mean,D:R@TT,D:R,TT,1.8606081384384385,0.12633036150308327,444,78,5
Roll,sd,D:R@TT,D:R,TT,5.136430967781206,,444,78,5
Roll,mean,DE|RR@AA,DE|RR,AA,4.12421998,0.49040015142561966,30,6,5
Roll,sd,DE|RR@AA,DE|RR,AA,6.3836728653905,,30,6,5
Roll,mean,DE|RR@AC,DE|RR,AC,-1.0765070333333333,0.32484957715139307,30,6,5
Roll,sd,DE|RR@AC,DE|RR,AC,4.846756892410739,,30,6,5
Roll,mean,DE|RR@AG,DE|RR,AG,5.136683422222222,0.396007177734347,30,6,5
Roll,sd,DE|RR@AG,DE|RR,AG,5.905431137311903,,30,6,5
Roll,mean,DE|RR@AT,DE|RR,AT,-0.3469691022222222,0.32216337624088187,30,6,5
Roll,sd,DE|RR@AT,DE|RR,AT,4.708984957542937,,30,6,5
Roll,mean,DE|RR@CA,DE|RR,CA,6.081925417777778,0.5660031052896366,30,6,5
Roll,sd,DE|RR@CA,DE|RR,CA,6.945836476131067,,30,6,5
Roll,mean,DE|RR@CC,DE|RR,CC,2.3075629066666665,0.2693651709922049,30,6,5
Roll,sd,DE|RR@CC,DE|RR,CC,4.827503565516963,,30,6,5
Roll,mean,DE|RR@CG,DE|RR,CG,7.0963159,1.2830032743394562,30,6,5
Roll,sd,DE|RR@CG,DE|RR,CG,7.077859133985103,,30,6,5
Roll,mean,DE|RR@CT,DE|RR,CT,0.30171844444444446,0.25212051347813513,30,6,5
Roll,sd,DE|RR@CT,DE|RR,CT,5.088041441385732,,30,6,5
Roll,mean,DE|RR@GA,DE|RR,GA,6.449755384444445,0.3433601765957882,30,6,5
Roll,sd,DE|RR@GA,DE|RR,GA,5.982556439867406,,30,6,5
Roll,mean,DE|RR@GC,DE|RR,GC,-1.1504053866666664,0.0912921731086443,30,6,5
Roll,sd,DE|RR@GC,DE|RR,GC,4.230812249487056,,30,6,5
Roll,mean,DE|RR@GG,DE|RR,GG,5.965648519999999,0.26063467538362817,30,6,5
Roll,sd,DE|RR@GG,DE|RR,GG,5.431642954747687,,30,6,5
Roll,mean,DE|RR@GT,DE|RR,GT,0.6878998399999999,0.2611002313724496,30,6,5
Roll,sd,DE|RR@GT,DE|RR,GT,4.64961835554726,,30,6,5
Roll,mean,DE|RR@TA,DE|RR,TA,8.763787882222223,0.6298561606145445,30,6,5
Roll,sd,DE|RR@TA,DE|RR,TA,6.903316704632074,,30,6,5
Roll,mean,DE|RR@TC,DE|RR,TC,0.20214123111111118,0.2369874639375665,30,6,5
Roll,sd,DE|RR@TC,DE|RR,TC,4.7696923954708375,,30,6,5
Roll,mean,DE|RR@TG,DE|RR,TG,6.893577028888888,0.853191327123744,30,6,5
Roll,sd,DE|RR@TG,DE|RR,TG,6.346126529969933,,30,6,5
Roll,mean,DE|RR@TT,DE|RR,TT,0.07303411264367816,0.2652320096510442,29,6,5
Roll,sd,DE|RR@TT,DE|RR,TT,5.05793271803902,,29,6,5
Roll,mean,DM|RR@AA,DM|RR,AA,2.9020589733333333,0.40430765548599223,30,6,5
Roll,sd,DM|RR@AA,DM|RR,AA,6.474220295793775,,30,6,5
Roll,mean,DM|RR@AC,DM|RR,AC,0.6108200644444446,0.3353138860566087,30,6,5
Roll,sd,DM|RR@AC,DM|RR,AC,4.909660305469379,,30,6,5
Roll,mean,DM|RR@AG,DM|RR,AG,5.813157679999999,0.49458971743561736,30,6,5
Roll,sd,DM|RR@AG,DM|RR,AG,6.000576079799006,,30,6,5
Roll,mean,DM|RR@AT,DM|RR,AT,-0.20791307111111115,0.30836413799847967,30,6,5
Roll,sd,DM|RR@AT,DM|RR,AT,5.021039926591247,,30,6,5
Roll,mean,DM|RR@CA,DM|RR,CA,10.921296422222222,0.8604914812442982,30,6,5
Roll,sd,DM|RR@CA,DM|RR,CA,6.528431476764627,,30,6,5
Roll,mean,DM|RR@CC,DM|RR,CC,4.87267626,0.2665604944557564,30,6,5
Roll,sd,DM|RR@CC,DM|RR,CC,4.9274271739126245,,30,6,5
Roll,mean,DM|RR@CG,DM|RR,CG,8.49175018,0.9525535823522914,30,6,5
Roll,sd,DM|RR@CG,DM|RR,CG,6.787677874700449,,30,6,5
Roll,mean,DM|RR@CT,DM|RR,CT,2.870740073333333,0.3559222624825259,30,6,5
Roll,sd,DM|RR@CT,DM|RR,CT,5.144933433493725,,30,6,5
Roll,mean,DM|RR@GA,DM|RR,GA,4.538967997777778,0.5048549103886646,30,6,5
Roll,sd,DM|RR@GA,DM|RR,GA,6.4611877124305845,,30,6,5
Roll,mean,DM|RR@GC,DM|RR,GC,0.5907846422222224,0.252104902427915,30,6,5
Roll,sd,DM|RR@GC,DM|RR,GC,4.952606919388786,,30,6,5
Roll,mean,DM|RR@GG,DM|RR,GG,4.848283859999999,0.45285279596728906,30,6,5
Roll,sd,DM|RR@GG,DM|RR,GG,5.491448020096702,,30,6,5
Roll,mean,DM|RR@GT,DM|RR,GT,1.1208348022222223,0.37351220087232584,30,6,5
Roll,sd,DM|RR@GT,DM|RR,GT,4.687905156630856,,30,6,5
Roll,mean,DM|RR@TA,DM|RR,TA,9.280811806666666,0.3722095243760444,30,6,5
Roll,sd,DM|RR@TA,DM|RR,TA,7.044946894931092,,30,6,5
Roll,mean,DM|RR@TC,DM|RR,TC,0.5395076711111113,0.5038355218434505,30,6,5
Roll,sd,DM|RR@TC,DM|RR,TC,5.036793365602948,,30,6,5
Roll,mean,DM|RR@TG,DM|RR,TG,7.45480466,0.33360952945603767,30,6,5
Roll,sd,DM|RR@TG,DM|RR,TG,6.181301004598137,,30,6,5
Roll,mean,DM|RR@TT,DM|RR,TT,1.6035986822222221,0.32257169655001355,30,6,5
Roll,sd,DM|RR@TT,DM|RR,TT,5.320453958191765,,30,6,5
Roll,mean,E:R@AA,E:R,AA,8.257169588451443,0.168060510903383,254,42,5
Roll,sd,E:R@AA,E:R,AA,5.8726346677045465,,254,42,5
Roll,mean,E:R@AC,E:R,AC,3.5673246147435895,0.09942220117639444,312,57,5
Roll,sd,E:R@AC,E:R,AC,4.481702244041355,,312,57,5
Roll,mean,E:R@AG,E:R,AG,8.00133082674772,0.0889322902037188,329,63,5
Roll,sd,E:R@AG,E:R,AG,5.495698989877266,,329,63,5
Roll,mean,E:R@AT,E:R,AT,3.3755546476543214,0.15311504056482328,270,51,5
Roll,sd,E:R@AT,E:R,AT,5.016283327482605,,270,51,5
Roll,mean,E:R@CA,E:R,CA,6.914317610479376,0.1370061756537492,299,56,5
Roll,sd,E:R@CA,E:R,CA,6.185492750412732,,299,56,5
Roll,mean,E:R@CC,E:R,CC,3.714438516848485,0.10074950027764529,275,49,5
Roll,sd,E:R@CC,E:R,CC,4.573726964842971,,275,49,5
Roll,mean,E:R@CG,E:R,CG,6.136932988363637,0.21306293222239772,275,49,5
Roll,sd,E:R@CG,E:R,CG,6.156788669152234,,275,49,5
Roll,mean,E:R@CT,E:R,CT,3.7000224460526314,0.16487454989045228,304,55,5
Roll,sd,E:R@CT,E:R,CT,5.175056465218376,,304,55,5
Roll,mean,E:R@GA,E:R,GA,8.315866920847268,0.11019931082206605,299,56,5
Roll,sd,E:R@GA,E:R,GA,5.711316673371227,,299,56,5
Roll,mean,E:R@GC,E:R,GC,3.4990335949494953,0.0945372568713052,330,62,5
Roll,sd,E:R@GC,E:R,GC,4.415730858875476,,330,62,5
Roll,mean,E:R@GG,E:R,GG,8.078388531884057,0.18960307210159152,230,42,5
Roll,sd,E:R@GG,E:R,GG,5.244830611056712,,230,42,5
Roll,mean,E:R@GT,E:R,GT,4.497441749933065,0.15773691789095629,249,46,5
Roll,sd,E:R@GT,E:R,GT,4.858507489435274,,249,46,5
Roll,mean,E:R@TA,E:R,TA,7.9106719811738655,0.20363827291943343,301,56,5
Roll,sd,E:R@TA,E:R,TA,6.1013664953788656,,301,56,5
Roll,mean,E:R@TC,E:R,TC,4.794976524444445,0.1371864614763004,240,44,5
Roll,sd,E:R@TC,E:R,TC,4.875554532400779,,240,44,5
Roll,mean,E:R@TG,E:R,TG,6.565890736793541,0.2571799684997693,289,57,5
Roll,sd,E:R@TG,E:R,TG,6.122295828237732,,289,57,5
Roll,mean,E:R@TT,E:R,TT,4.719495473939394,0.1427571684747157,275,46,5
Roll,sd,E:R@TT,E:R,TT,5.262813230889603,,275,46,5
Roll,mean,ED|RR@AA,ED|RR,AA,7.452004404444444,0.3641236617620919,30,6,5
Roll,sd,ED|RR@AA,ED|RR,AA,6.072483263081631,,30,6,5
Roll,mean,ED|RR@AC,ED|RR,AC,3.4428270620689654,0.22088602364722423,29,6,5
Roll,sd,ED|RR@AC,ED|RR,AC,4.532402973638969,,29,6,5
Roll,mean,ED|RR@AG,ED|RR,AG,6.138415891111111,0.30535167514359957,30,6,5
Roll,sd,ED|RR@AG,ED|RR,AG,5.499964381676137,,30,6,5
Roll,mean,ED|RR@AT,ED|RR,AT,2.888770928888889,0.4116169403808804,30,6,5
Roll,sd,ED|RR@AT,ED|RR,AT,4.911166818088232,,30,6,5
Roll,mean,ED|RR@CA,ED|RR,CA,6.6468888333333345,0.7099074591331036,30,6,5
Roll,sd,ED|RR@CA,ED|RR,CA,6.3647843868172025,,30,6,5
Roll,mean,ED|RR@CC,ED|RR,CC,4.781417477777778,0.1482328226403554,30,6,5
Roll,sd,ED|RR@CC,ED|RR,CC,4.717529187614774,,30,6,5
Roll,mean,ED|RR@CG,ED|RR,CG,6.419846386666666,0.9727891339669288,30,6,5
Roll,sd,ED|RR@CG,ED|RR,CG,6.539038413196176,,30,6,5
Roll,mean,ED|RR@CT,ED|RR,CT,4.619569524444445,0.2410798653655384,30,6,5
Roll,sd,ED|RR@CT,ED|RR,CT,4.992206403585853,,30,6,5
Roll,mean,ED|RR@GA,ED|RR,GA,7.6461976400000005,0.42139498716420765,30,6,5
Roll,sd,ED|RR@GA,ED|RR,GA,5.889705606270594,,30,6,5
Roll,mean,ED|RR@GC,ED|RR,GC,3.241666111111111,0.14557402431250685,30,6,5
Roll,sd,ED|RR@GC,ED|RR,GC,4.45043045769943,,30,6,5
Roll,mean,ED|RR@GG,ED|RR,GG,7.623370304444444,0.5114120716494083,30,6,5
Roll,sd,ED|RR@GG,ED|RR,GG,5.27877278059625,,30,6,5
Roll,mean,ED|RR@GT,ED|RR,GT,4.036740635555556,0.16613722366470196,30,6,5
Roll,sd,ED|RR@GT,ED|RR,GT,4.785295353061151,,30,6,5
Roll,mean,ED|RR@TA,ED|RR,TA,9.983304441379309,0.8068835633908163,29,6,5
Roll,sd,ED|RR@TA,ED|RR,TA,6.420068144289549,,29,6,5
Roll,mean,ED|RR@TC,ED|RR,TC,4.5544173288888885,0.2537418689300236,30,6,5
Roll,sd,ED|RR@TC,ED|RR,TC,4.931981274892191,,30,6,5
Roll,mean,ED|RR@TG,ED|RR,TG,7.208329186666666,0.9833915174632706,30,6,5
Roll,sd,ED|RR@TG,ED|RR,TG,6.196492071703195,,30,6,5
Roll,mean,ED|RR@TT,ED|RR,TT,5.051841857777778,0.2924143112241269,30,6,5
Roll,sd,ED|RR@TT,ED|RR,TT,5.265365320407088,,30,6,5
Roll,mean,M:R@AA,M:R,AA,10.698305912533336,0.21654394950256764,250,42,5
Roll,sd,M:R@AA,M:R,AA,6.241778362795887,,250,42,5
Roll,mean,M:R@AC,M:R,AC,5.390660816666667,0.11429097449170121,300,55,5
Roll,sd,M:R@AC,M:R,AC,4.800146603632691,,300,55,5
Roll,mean,M:R@AG,M:R,AG,9.447321515952382,0.23988735902135946,280,55,5
Roll,sd,M:R@AG,M:R,AG,5.6439825125477485,,280,55,5
Roll,mean,M:R@AT,M:R,AT,4.197009123636364,0.16065214193091423,275,53,5
Roll,sd,M:R@AT,M:R,AT,4.940728444677306,,275,53,5
Roll,mean,M:R@CA,M:R,CA,14.451828066444444,0.33661269094999907,300,54,5
Roll,sd,M:R@CA,M:R,CA,6.361442977855569,,300,54,5
Roll,mean,M:R@CC,M:R,CC,9.615637277333333,0.11514024697437239,300,53,5
Roll,sd,M:R@CC,M:R,CC,4.932860360792196,,300,53,5
Roll,mean,M:R@CG,M:R,CG,12.83700321005848,0.39713473667520693,285,51,5
Roll,sd,M:R@CG,M:R,CG,6.248939850734784,,285,51,5
Roll,mean,M:R@CT,M:R,CT,8.117938405875707,0.17488469013861335,295,50,5
Roll,sd,M:R@CT,M:R,CT,5.170403393829185,,295,50,5
Roll,mean,M:R@GA,M:R,GA,12.186916485714287,0.18369764543603692,315,60,5
Roll,sd,M:R@GA,M:R,GA,6.325550036865895,,315,60,5
Roll,mean,M:R@GC,M:R,GC,5.111357898271605,0.10835151079055763,270,50,5
Roll,sd,M:R@GC,M:R,GC,4.617562393924213,,270,50,5
Roll,mean,M:R@GG,M:R,GG,10.405133954152047,0.18916098174242002,285,50,5
Roll,sd,M:R@GG,M:R,GG,5.518358057465054,,285,50,5
Roll,mean,M:R@GT,M:R,GT,5.454628038666667,0.18345068335418782,300,57,5
Roll,sd,M:R@GT,M:R,GT,4.958827437650851,,300,57,5
Roll,mean,M:R@TA,M:R,TA,14.214691757217848,0.38375363380078953,254,49,5
Roll,sd,M:R@TA,M:R,TA,6.388500706702573,,254,49,5
Roll,mean,M:R@TC,M:R,TC,8.360251198907106,0.14932513175149903,305,56,5
Roll,sd,M:R@TC,M:R,TC,5.289521066928656,,305,56,5
Roll,mean,M:R@TG,M:R,TG,11.906987955406912,0.3216663691844973,299,56,5
Roll,sd,M:R@TG,M:R,TG,6.210879896316596,,299,56,5
Roll,mean,M:R@TT,M:R,TT,7.233985455510204,0.17860953355418197,245,44,5
Roll,sd,M:R@TT,M:R,TT,5.353985783698878,,245,44,5
Roll,mean,MD|RR@AA,MD|RR,AA,10.969190953333333,0.42030920459467824,30,6,5
Roll,sd,MD|RR@AA,MD|RR,AA,6.889894870438406,,30,6,5
Roll,mean,MD|RR@AC,MD|RR,AC,7.8318897511111105,0.2906825191446088,30,6,5
Roll,sd,MD|RR@AC,MD|RR,AC,5.648088699247918,,30,6,5
Roll,mean,MD|RR@AG,MD|RR,AG,9.251433695555555,0.3490038655279871,30,6,5
Roll,sd,MD|RR@AG,MD|RR,AG,6.042609961785266,,30,6,5
Roll,mean,MD|RR@AT,MD|RR,AT,7.903209904444443,0.46440103686972467,30,6,5
Roll,sd,MD|RR@AT,MD|RR,AT,5.685204715038351,,30,6,5
Roll,mean,MD|RR@CA,MD|RR,CA,17.753950888888888,0.6180059681427023,30,6,5
Roll,sd,MD|RR@CA,MD|RR,CA,6.95686357187317,,30,6,5
Roll,mean,MD|RR@CC,MD|RR,CC,11.12468862,0.38152005634229186,30,6,5
Roll,sd,MD|RR@CC,MD|RR,CC,5.414028222931138,,30,6,5
Roll,mean,MD|RR@CG,MD|RR,CG,12.867979373333334,0.5272053590603375,30,6,5
Roll,sd,MD|RR@CG,MD|RR,CG,6.511638102602409,,30,6,5
Roll,mean,MD|RR@CT,MD|RR,CT,9.278208959999999,0.3673820775507816,30,6,5
Roll,sd,MD|RR@CT,MD|RR,CT,5.62504434481231,,30,6,5
Roll,mean,MD|RR@GA,MD|RR,GA,12.62208821111111,0.5649864697096936,30,6,5
Roll,sd,MD|RR@GA,MD|RR,GA,6.827493155624278,,30,6,5
Roll,mean,MD|RR@GC,MD|RR,GC,6.2363377799999995,0.37336172401212964,30,6,5
Roll,sd,MD|RR@GC,MD|RR,GC,5.158042927249332,,30,6,5
Roll,mean,MD|RR@GG,MD|RR,GG,11.95076637111111,0.48817529801074844,30,6,5
Roll,sd,MD|RR@GG,MD|RR,GG,5.797544747847954,,30,6,5
Roll,mean,MD|RR@GT,MD|RR,GT,7.935134402222222,0.3848129776153251,30,6,5
Roll,sd,MD|RR@GT,MD|RR,GT,5.348451565868668,,30,6,5
Roll,mean,MD|RR@TA,MD|RR,TA,16.65315061333333,0.5282281311809492,30,6,5
Roll,sd,MD|RR@TA,MD|RR,TA,6.637924653780699,,30,6,5
Roll,mean,MD|RR@TC,MD|RR,TC,10.416757902222223,0.4600302401361924,30,6,5
Roll,sd,MD|RR@TC,MD|RR,TC,5.7596628814332265,,30,6,5
Roll,mean,MD|RR@TG,MD|RR,TG,13.90942672222222,0.721252513694568,30,6,5
Roll,sd,MD|RR@TG,MD|RR,TG,6.352821503366948,,30,6,5
Roll,mean,MD|RR@TT,MD|RR,TT,8.543270124444444,0.34030821901977953,30,6,5
Roll,sd,MD|RR@TT,MD|RR,TT,5.459092655916058,,30,6,5
Roll,mean,R:R@AA,R:R,AA,6.5306998991769545,0.17134429279060942,162,25,5
Roll,sd,R:R@AA,R:R,AA,6.07810351619998,,162,25,5
Roll,mean,R:R@AC,R:R,AC,4.349472202845528,0.105772435305138,164,29,5
Roll,sd,R:R@AC,R:R,AC,4.966719341361355,,164,29,5
Roll,mean,R:R@AG,R:R,AG,6.56079515406504,0.16671662915754606,164,32,5
Roll,sd,R:R@AG,R:R,AG,5.655657692367448,,164,32,5
Roll,mean,R:R@AT,R:R,AT,4.246610684040404,0.17141710318460465,165,31,5
Roll,sd,R:R@AT,R:R,AT,5.330484800107166,,165,31,5
Roll,mean,R:R@CA,R:R,CA,8.786939922357723,0.3187324200203802,164,30,5
Roll,sd,R:R@CA,R:R,CA,6.693907460416382,,164,30,5
Roll,mean,R:R@CC,R:R,CC,7.673511358787877,0.15667480933324102,165,30,5
Roll,sd,R:R@CC,R:R,CC,5.287445084458731,,165,30,5
Roll,mean,R:R@CG,R:R,CG,8.031389510707072,0.3353934002078936,165,28,5
Roll,sd,R:R@CG,R:R,CG,6.692054955615351,,165,28,5
Roll,mean,R:R@CT,R:R,CT,6.895545132149901,0.18599676674661436,169,28,5
Roll,sd,R:R@CT,R:R,CT,5.670687711180588,,169,28,5
Roll,mean,R:R@GA,R:R,GA,6.865043984646466,0.17552877400562458,165,31,5
Roll,sd,R:R@GA,R:R,GA,6.025269842955353,,165,31,5
Roll,mean,R:R@GC,R:R,GC,3.2806529535353532,0.05658967408181237,165,30,5
Roll,sd,R:R@GC,R:R,GC,4.478475281158303,,165,30,5
Roll,mean,R:R@GG,R:R,GG,7.6376053761006295,0.16565817148124462,159,28,5
Roll,sd,R:R@GG,R:R,GG,5.270082736020643,,159,28,5
Roll,mean,R:R@GT,R:R,GT,4.404456311515152,0.15041963784304488,165,30,5
Roll,sd,R:R@GT,R:R,GT,5.0012925172899,,165,30,5
Roll,mean,R:R@TA,R:R,TA,11.13780548080808,0.2958795579537029,165,31,5
Roll,sd,R:R@TA,R:R,TA,6.794816930857983,,165,31,5
Roll,mean,R:R@TC,R:R,TC,7.115072021951219,0.17471066271007152,164,30,5
Roll,sd,R:R@TC,R:R,TC,6.039402680518351,,164,30,5
Roll,mean,R:R@TG,R:R,TG,8.657673246825397,0.29829582886707856,168,32,5
Roll,sd,R:R@TG,R:R,TG,6.5696342526100375,,168,32,5
Roll,mean,R:R@TT,R:R,TT,6.604458130817609,0.19825816776846575,159,28,5
Roll,sd,R:R@TT,R:R,TT,6.112143836321823,,159,28,5
Shift,mean,D:R@AA,D:R,AA,-0.12447787628865979,0.0180646736483161,388,65,5
Shift,sd,D:R@AA,D:R,AA,0.6747945173690787,,388,65,5
Shift,mean,D:R@AC,D:R,AC,-0.007292078707224328,0.020370221752647178,526,97,5
Shift,sd,D:R@AC,D:R,AC,0.6770547946592935,,526,97,5
Shift,mean,D:R@AG,D:R,AG,-0.2473730946835443,0.027800951245048614,395,76,5
Shift,sd,D:R@AG,D:R,AG,0.7675825784936255,,395,76,5
Shift,mean,D:R@AT,D:R,AT,0.022505251388888887,0.01732853259618476,432,82,5
Shift,sd,D:R@AT,D:R,AT,0.6978376683672716,,432,82,5
Shift,mean,D:R@CA,D:R,CA,-0.3409237220289855,0.02258433867217337,460,86,5
Shift,sd,D:R@CA,D:R,CA,0.7196528741942383,,460,86,5
Shift,mean,D:R@CC,D:R,CC,-0.08661317622272383,0.01571506002909489,443,80,5
Shift,sd,D:R@CC,D:R,CC,0.5373784122276348,,443,80,5
Shift,mean,D:R@CG,D:R,CG,-0.06014737139158576,0.0272511425808013,515,92,5
Shift,sd,D:R@CG,D:R,CG,0.7743039657554048,,515,92,5
Shift,mean,D:R@CT,D:R,CT,0.1050670349442379,0.011535254866134409,538,96,5
Shift,sd,D:R@CT,D:R,CT,0.5325309995921704,,538,96,5
Shift,mean,D:R@GA,D:R,GA,0.04134682994210091,0.01620432193661294,403,77,5
Shift,sd,D:R@GA,D:R,GA,0.6627148017667723,,403,77,5
Shift,mean,D:R@GC,D:R,GC,-0.007463232740740741,0.01184620590487197,450,85,5
Shift,sd,D:R@GC,D:R,GC,0.5050689266575181,,450,85,5
Shift,mean,D:R@GG,D:R,GG,-0.07037813565891472,0.017466078005229414,430,78,5
Shift,sd,D:R@GG,D:R,GG,0.6372016591851417,,430,78,5
Shift,mean,D:R@GT,D:R,GT,0.02528550455445544,0.012171332901912153,505,94,5
Shift,sd,D:R@GT,D:R,GT,0.6267747119681857,,505,94,5
Shift,mean,D:R@TA,D:R,TA,-0.0763667875427789,0.013122178139353726,487,95,5
Shift,sd,D:R@TA,D:R,TA,0.6066228657205133,,487,95,5
Shift,mean,D:R@TC,D:R,TC,-0.11645369257861635,0.0120207321321864,530,98,5
Shift,sd,D:R@TC,D:R,TC,0.558818012388285,,530,98,5
Shift,mean,D:R@TG,D:R,TG,-0.017562764551422312,0.01647876392897419,457,87,5
Shift,sd,D:R@TG,D:R,TG,0.6880685066294514,,457,87,5
Shift,mean,D:R@TT,D:R,TT,0.07384977162162161,0.009193090417681814,444,78,5
Shift,sd,D:R@TT,D:R,TT,0.5241984006302598,,444,78,5
Shift,mean,DE|RR@AA,DE|RR,AA,0.2642366044444444,0.05131379146983994,30,6,5
Shift,sd,DE|RR@AA,DE|RR,AA,0.6790868970531266,,30,6,5
Shift,mean,DE|RR@AC,DE|RR,AC,0.17149887999999996,0.0357427342380021,30,6,5
Shift,sd,DE|RR@AC,DE|RR,AC,0.6162716044053342,,30,6,5
Shift,mean,DE|RR@AG,DE|RR,AG,0.10016737333333331,0.039668573049658935,30,6,5
Shift,sd,DE|RR@AG,DE|RR,AG,0.6868395483891351,,30,6,5
Shift,mean,DE|RR@AT,DE|RR,AT,0.3996579888888888,0.039549057256254565,30,6,5
Shift,sd,DE|RR@AT,DE|RR,AT,0.6950396339916853,,30,6,5
Shift,mean,DE|RR@CA,DE|RR,CA,0.49666208444444443,0.09191771252810992,30,6,5
Shift,sd,DE|RR@CA,DE|RR,CA,0.7110209306141131,,30,6,5
Shift,mean,DE|RR@CC,DE|RR,CC,0.008345748888888883,0.031170658986535944,30,6,5
Shift,sd,DE|RR@CC,DE|RR,CC,0.4351355474754229,,30,6,5
Shift,mean,DE|RR@CG,DE|RR,CG,0.3697412466666667,0.07629760859264392,30,6,5
Shift,sd,DE|RR@CG,DE|RR,CG,0.8042199376626924,,30,6,5
Shift,mean,DE|RR@CT,DE|RR,CT,0.3962028022222221,0.05033648416371057,30,6,5
Shift,sd,DE|RR@CT,DE|RR,CT,0.5663726340821278,,30,6,5
Shift,mean,DE|RR@GA,DE|RR,GA,0.10923791555555555,0.03153418340038268,30,6,5
Shift,sd,DE|RR@GA,DE|RR,GA,0.5830564235964081,,30,6,5
Shift,mean,DE|RR@GC,DE|RR,GC,0.10516418888888884,0.012138128242344452,30,6,5
Shift,sd,DE|RR@GC,DE|RR,GC,0.4574476416891847,,30,6,5
Shift,mean,DE|RR@GG,DE|RR,GG,0.14648806666666667,0.030793154692295256,30,6,5
Shift,sd,DE|RR@GG,DE|RR,GG,0.5989357042003604,,30,6,5
Shift,mean,DE|RR@GT,DE|RR,GT,0.1783972688888889,0.03861586929782989,30,6,5
Shift,sd,DE|RR@GT,DE|RR,GT,0.5891837398347284,,30,6,5
Shift,mean,DE|RR@TA,DE|RR,TA,0.24489747777777776,0.021429602364424906,30,6,5
Shift,sd,DE|RR@TA,DE|RR,TA,0.6257904703892322,,30,6,5
Shift,mean,DE|RR@TC,DE|RR,TC,0.025174788888888872,0.020251085116584182,30,6,5
Shift,sd,DE|RR@TC,DE|RR,TC,0.4898939018525677,,30,6,5
Shift,mean,DE|RR@TG,DE|RR,TG,0.07364540000000001,0.037311174235181,30,6,5
Shift,sd,DE|RR@TG,DE|RR,TG,0.707406737684718,,30,6,5
Shift,mean,DE|RR@TT,DE|RR,TT,0.1981664758620689,0.03456885767442109,29,6,5
Shift,sd,DE|RR@TT,DE|RR,TT,0.5182936094857458,,29,6,5
Shift,mean,DM|RR@AA,DM|RR,AA,-0.5449379733333334,0.047750520818079144,30,6,5
Shift,sd,DM|RR@AA,DM|RR,AA,0.586781377438263,,30,6,5
Shift,mean,DM|RR@AC,DM|RR,AC,-0.3501375222222221,0.06245831849839857,30,6,5
Shift,sd,DM|RR@AC,DM|RR,AC,0.5898722942871656,,30,6,5
Shift,mean,DM|RR@AG,DM|RR,AG,-0.8308524799999998,0.04786293885987317,30,6,5
Shift,sd,DM|RR@AG,DM|RR,AG,0.6007532616032863,,30,6,5
Shift,mean,DM|RR@AT,DM|RR,AT,-0.4104332533333333,0.04487690830256163,30,6,5
Shift,sd,DM|RR@AT,DM|RR,AT,0.5914306940211168,,30,6,5
Shift,mean,DM|RR@CA,DM|RR,CA,-0.8755817333333333,0.04403654459813551,30,6,5
Shift,sd,DM|RR@CA,DM|RR,CA,0.576256504304127,,30,6,5
Shift,mean,DM|RR@CC,DM|RR,CC,-0.25316933555555554,0.015120273744191655,30,6,5
Shift,sd,DM|RR@CC,DM|RR,CC,0.420530795081056,,30,6,5
Shift,mean,DM|RR@CG,DM|RR,CG,-1.127071548888889,0.031061948386869494,30,6,5
Shift,sd,DM|RR@CG,DM|RR,CG,0.5626276014120443,,30,6,5
Shift,mean,DM|RR@CT,DM|RR,CT,-0.1780501622222222,0.020984392466640876,30,6,5
Shift,sd,DM|RR@CT,DM|RR,CT,0.4607770006793561,,30,6,5
Shift,mean,DM|RR@GA,DM|RR,GA,-0.45393761555555556,0.018990832375914878,30,6,5
Shift,sd,DM|RR@GA,DM|RR,GA,0.6035292987641226,,30,6,5
Shift,mean,DM|RR@GC,DM|RR,GC,-0.2934496133333334,0.031236404059554183,30,6,5
Shift,sd,DM|RR@GC,DM|RR,GC,0.4766018972430626,,30,6,5
Shift,mean,DM|RR@GG,DM|RR,GG,-0.5928995288888889,0.05657989530871848,30,6,5
Shift,sd,DM|RR@GG,DM|RR,GG,0.5485388707751536,,30,6,5
Shift,mean,DM|RR@GT,DM|RR,GT,-0.3147799155555554,0.05278187546486679,30,6,5
Shift,sd,DM|RR@GT,DM|RR,GT,0.542277513157719,,30,6,5
Shift,mean,DM|RR@TA,DM|RR,TA,-0.6024900688888888,0.045110799895868435,30,6,5
Shift,sd,DM|RR@TA,DM|RR,TA,0.5869258905284048,,30,6,5
Shift,mean,DM|RR@TC,DM|RR,TC,-0.34216366444444446,0.02802146243595716,30,6,5
Shift,sd,DM|RR@TC,DM|RR,TC,0.4625179080455764,,30,6,5
Shift,mean,DM|RR@TG,DM|RR,TG,-0.8779791844444443,0.015440172997013587,30,6,5
Shift,sd,DM|RR@TG,DM|RR,TG,0.5844724105338888,,30,6,5
Shift,mean,DM|RR@TT,DM|RR,TT,-0.17086160444444445,0.038493371015786794,30,6,5
Shift,sd,DM|RR@TT,DM|RR,TT,0.4719281152941374,,30,6,5
Shift,mean,E:R@AA,E:R,AA,0.4094326391076116,0.0193377814049569,254,42,5
Shift,sd,E:R@AA,E:R,AA,0.726919026047094,,254,42,5
Shift,mean,E:R@AC,E:R,AC,0.3488451566239316,0.018445958489559322,312,57,5
Shift,sd,E:R@AC,E:R,AC,0.6000741127264647,,312,57,5
Shift,mean,E:R@AG,E:R,AG,0.37551369645390076,0.016816264101651657,329,63,5
Shift,sd,E:R@AG,E:R,AG,0.7146514583171901,,329,63,5
Shift,mean,E:R@AT,E:R,AT,0.4809435950617285,0.02208825034009065,270,51,5
Shift,sd,E:R@AT,E:R,AT,0.6981254429535819,,270,51,5
Shift,mean,E:R@CA,E:R,CA,0.9735330816053512,0.02007201388368691,299,56,5
Shift,sd,E:R@CA,E:R,CA,0.7506598068027173,,299,56,5
Shift,mean,E:R@CC,E:R,CC,0.5384096271515152,0.014348383522365997,275,49,5
Shift,sd,E:R@CC,E:R,CC,0.49110805565310234,,275,49,5
Shift,mean,E:R@CG,E:R,CG,1.1872050654545454,0.018773070081462336,275,49,5
Shift,sd,E:R@CG,E:R,CG,0.7261079226527484,,275,49,5
Shift,mean,E:R@CT,E:R,CT,0.6769704489035088,0.01567344025048398,304,55,5
Shift,sd,E:R@CT,E:R,CT,0.6228012807482013,,304,55,5
Shift,mean,E:R@GA,E:R,GA,0.3279169948717948,0.01842014470457929,299,56,5
Shift,sd,E:R@GA,E:R,GA,0.6626177583852412,,299,56,5
Shift,mean,E:R@GC,E:R,GC,0.40003481474747477,0.012881468392238802,330,62,5
Shift,sd,E:R@GC,E:R,GC,0.4896220515602151,,330,62,5
Shift,mean,E:R@GG,E:R,GG,0.3331148971014492,0.015259294915485883,230,42,5
Shift,sd,E:R@GG,E:R,GG,0.5613516218100694,,230,42,5
Shift,mean,E:R@GT,E:R,GT,0.4967905261044177,0.015141017164690905,249,46,5
Shift,sd,E:R@GT,E:R,GT,0.5877835434365412,,249,46,5
Shift,mean,E:R@TA,E:R,TA,0.5478914987818383,0.018299230273026088,301,56,5
Shift,sd,E:R@TA,E:R,TA,0.7114122625769096,,301,56,5
Shift,mean,E:R@TC,E:R,TC,0.6433416861111111,0.01404208168540097,240,44,5
Shift,sd,E:R@TC,E:R,TC,0.5717557492381223,,240,44,5
Shift,mean,E:R@TG,E:R,TG,0.7001539227220299,0.02671023561511091,289,57,5
Shift,sd,E:R@TG,E:R,TG,0.7928558061590512,,289,57,5
Shift,mean,E:R@TT,E:R,TT,0.7396215917575759,0.017138484684441884,275,46,5
Shift,sd,E:R@TT,E:R,TT,0.6150109607568749,,275,46,5
Shift,mean,ED|RR@AA,ED|RR,AA,-0.06104649999999996,0.02435745368449531,30,6,5
Shift,sd,ED|RR@AA,ED|RR,AA,0.5889538729662653,,30,6,5
Shift,mean,ED|RR@AC,ED|RR,AC,-0.0797844689655172,0.02686672067680626,29,6,5
Shift,sd,ED|RR@AC,ED|RR,AC,0.5767605895164359,,29,6,5
Shift,mean,ED|RR@AG,ED|RR,AG,-0.12493817999999998,0.03858221906728473,30,6,5
Shift,sd,ED|RR@AG,ED|RR,AG,0.5261393230962954,,30,6,5
Shift,mean,ED|RR@AT,ED|RR,AT,-0.1043193711111111,0.03325710149108976,30,6,5
Shift,sd,ED|RR@AT,ED|RR,AT,0.6283539580440675,,30,6,5
Shift,mean,ED|RR@CA,ED|RR,CA,0.18481283777777774,0.07190605055681354,30,6,5
Shift,sd,ED|RR@CA,ED|RR,CA,0.621217703960849,,30,6,5
Shift,mean,ED|RR@CC,ED|RR,CC,0.04748496000000001,0.0158873962340187,30,6,5
Shift,sd,ED|RR@CC,ED|RR,CC,0.44218486225205783,,30,6,5
Shift,mean,ED|RR@CG,ED|RR,CG,0.1853590044444444,0.049296625909075874,30,6,5
Shift,sd,ED|RR@CG,ED|RR,CG,0.6293995024543355,,30,6,5
Shift,mean,ED|RR@CT,ED|RR,CT,0.11175608444444443,0.0412682969357256,30,6,5
Shift,sd,ED|RR@CT,ED|RR,CT,0.5036088751087271,,30,6,5
Shift,mean,ED|RR@GA,ED|RR,GA,-0.03590503999999998,0.0289713407219146,30,6,5
Shift,sd,ED|RR@GA,ED|RR,GA,0.5606288162294387,,30,6,5
Shift,mean,ED|RR@GC,ED|RR,GC,0.033895711111111115,0.01944272337051425,30,6,5
Shift,sd,ED|RR@GC,ED|RR,GC,0.46357281334848444,,30,6,5
Shift,mean,ED|RR@GG,ED|RR,GG,0.016040944444444434,0.02429082014064647,30,6,5
Shift,sd,ED|RR@GG,ED|RR,GG,0.47124689546991316,,30,6,5
Shift,mean,ED|RR@GT,ED|RR,GT,0.012311066666666677,0.030648409040370014,30,6,5
Shift,sd,ED|RR@GT,ED|RR,GT,0.5813441532192882,,30,6,5
Shift,mean,ED|RR@TA,ED|RR,TA,0.035992533333333326,0.028649507292041142,29,6,5
Shift,sd,ED|RR@TA,ED|RR,TA,0.4951399694565884,,29,6,5
Shift,mean,ED|RR@TC,ED|RR,TC,0.03481684444444443,0.015865973633665723,30,6,5
Shift,sd,ED|RR@TC,ED|RR,TC,0.5078830412901099,,30,6,5
Shift,mean,ED|RR@TG,ED|RR,TG,-0.014302522222222204,0.01450830569900128,30,6,5
Shift,sd,ED|RR@TG,ED|RR,TG,0.5206579273720997,,30,6,5
Shift,mean,ED|RR@TT,ED|RR,TT,0.13463496222222218,0.018939755604044,30,6,5
Shift,sd,ED|RR@TT,ED|RR,TT,0.5223748631630304,,30,6,5
Shift,mean,M:R@AA,M:R,AA,-0.17644728373333335,0.024899343569088857,250,42,5
Shift,sd,M:R@AA,M:R,AA,0.6231695011045074,,250,42,5
Shift,mean,M:R@AC,M:R,AC,-0.16333392,0.014764381544154893,300,55,5
Shift,sd,M:R@AC,M:R,AC,0.6006908884819907,,300,55,5
Shift,mean,M:R@AG,M:R,AG,-0.1318664461904762,0.01995662492959554,280,55,5
Shift,sd,M:R@AG,M:R,AG,0.6394559761796403,,280,55,5
Shift,mean,M:R@AT,M:R,AT,-0.23683851199999997,0.015049591983373283,275,53,5
Shift,sd,M:R@AT,M:R,AT,0.6289248072055704,,275,53,5
Shift,mean,M:R@CA,M:R,CA,-0.06592079733333332,0.023388677161212214,300,54,5
Shift,sd,M:R@CA,M:R,CA,0.6224722697894959,,300,54,5
Shift,mean,M:R@CC,M:R,CC,-0.04456957444444443,0.015157855551992106,300,53,5
Shift,sd,M:R@CC,M:R,CC,0.4650371655412649,,300,53,5
Shift,mean,M:R@CG,M:R,CG,-0.09902360608187134,0.027705075165841777,285,51,5
Shift,sd,M:R@CG,M:R,CG,0.7565696776326968,,285,51,5
Shift,mean,M:R@CT,M:R,CT,-0.01854829491525424,0.013889790331331982,295,50,5
Shift,sd,M:R@CT,M:R,CT,0.5301145635594608,,295,50,5
Shift,mean,M:R@GA,M:R,GA,-0.13130219089947087,0.021044913137867084,315,60,5
Shift,sd,M:R@GA,M:R,GA,0.6275407729960143,,315,60,5
Shift,mean,M:R@GC,M:R,GC,-0.10814772074074074,0.010557570069881585,270,50,5
Shift,sd,M:R@GC,M:R,GC,0.4840920226754385,,270,50,5
Shift,mean,M:R@GG,M:R,GG,-0.03016145871345028,0.022432106020850568,285,50,5
Shift,sd,M:R@GG,M:R,GG,0.546097442763102,,285,50,5
Shift,mean,M:R@GT,M:R,GT,-0.028616337555555548,0.01967175289845109,300,57,5
Shift,sd,M:R@GT,M:R,GT,0.5933244524295144,,300,57,5
Shift,mean,M:R@TA,M:R,TA,0.060933183464566915,0.013350847592133262,254,49,5
Shift,sd,M:R@TA,M:R,TA,0.5206114880135665,,254,49,5
Shift,mean,M:R@TC,M:R,TC,0.06354237114754095,0.014002382978724767,305,56,5
Shift,sd,M:R@TC,M:R,TC,0.5300294090806023,,305,56,5
Shift,mean,M:R@TG,M:R,TG,0.005354814269788186,0.015055898705508273,299,56,5
Shift,sd,M:R@TG,M:R,TG,0.6296653163722876,,299,56,5
Shift,mean,M:R@TT,M:R,TT,0.14720078503401357,0.01274679534644096,245,44,5
Shift,sd,M:R@TT,M:R,TT,0.5149359932626172,,245,44,5
Shift,mean,MD|RR@AA,MD|RR,AA,-0.09940316444444444,0.07197699491794562,30,6,5
Shift,sd,MD|RR@AA,MD|RR,AA,0.7140631033989522,,30,6,5
Shift,mean,MD|RR@AC,MD|RR,AC,-0.39416588222222226,0.05471476501955954,30,6,5
Shift,sd,MD|RR@AC,MD|RR,AC,0.6635553691654236,,30,6,5
Shift,mean,MD|RR@AG,MD|RR,AG,-0.033533477777777786,0.047636858773153316,30,6,5
Shift,sd,MD|RR@AG,MD|RR,AG,0.6653823196752756,,30,6,5
Shift,mean,MD|RR@AT,MD|RR,AT,-0.5928203755555554,0.06676360783136062,30,6,5
Shift,sd,MD|RR@AT,MD|RR,AT,0.6720248479066628,,30,6,5
Shift,mean,MD|RR@CA,MD|RR,CA,-0.24125912888888884,0.05757402233091757,30,6,5
Shift,sd,MD|RR@CA,MD|RR,CA,0.6860289085360399,,30,6,5
Shift,mean,MD|RR@CC,MD|RR,CC,-0.3033014666666667,0.03641315753086574,30,6,5
Shift,sd,MD|RR@CC,MD|RR,CC,0.5905141669792442,,30,6,5
Shift,mean,MD|RR@CG,MD|RR,CG,0.2216349688888889,0.07991219686978283,30,6,5
Shift,sd,MD|RR@CG,MD|RR,CG,0.7988511596334055,,30,6,5
Shift,mean,MD|RR@CT,MD|RR,CT,-0.18735001333333332,0.06409160876390901,30,6,5
Shift,sd,MD|RR@CT,MD|RR,CT,0.5890944710115161,,30,6,5
Shift,mean,MD|RR@GA,MD|RR,GA,0.08457024222222223,0.06224040100749195,30,6,5
Shift,sd,MD|RR@GA,MD|RR,GA,0.7076099355811053,,30,6,5
Shift,mean,MD|RR@GC,MD|RR,GC,-0.1021442844444444,0.01640328275701467,30,6,5
Shift,sd,MD|RR@GC,MD|RR,GC,0.5199692544873729,,30,6,5
Shift,mean,MD|RR@GG,MD|RR,GG,0.06163259333333333,0.055059004101925775,30,6,5
Shift,sd,MD|RR@GG,MD|RR,GG,0.5794580890930874,,30,6,5
Shift,mean,MD|RR@GT,MD|RR,GT,-0.27905762222222225,0.11372803698561317,30,6,5
Shift,sd,MD|RR@GT,MD|RR,GT,0.6660679677622485,,30,6,5
Shift,mean,MD|RR@TA,MD|RR,TA,0.07121726888888885,0.039506601234499124,30,6,5
Shift,sd,MD|RR@TA,MD|RR,TA,0.5525978330546042,,30,6,5
Shift,mean,MD|RR@TC,MD|RR,TC,-0.16724573999999995,0.03463478111954629,30,6,5
Shift,sd,MD|RR@TC,MD|RR,TC,0.6295824705597114,,30,6,5
Shift,mean,MD|RR@TG,MD|RR,TG,0.13614279555555553,0.025673292765733612,30,6,5
Shift,sd,MD|RR@TG,MD|RR,TG,0.5665332461070659,,30,6,5
Shift,mean,MD|RR@TT,MD|RR,TT,0.019714628888888898,0.024126529220553736,30,6,5
Shift,sd,MD|RR@TT,MD|RR,TT,0.5946636255362139,,30,6,5
Shift,mean,R:R@AA,R:R,AA,-0.0951321283950617,0.008983518069397468,162,25,5
Shift,sd,R:R@AA,R:R,AA,0.6210842507833314,,162,25,5
Shift,mean,R:R@AC,R:R,AC,-0.19198104227642274,0.01345053774605983,164,29,5
Shift,sd,R:R@AC,R:R,AC,0.6570909318350606,,164,29,5
Shift,mean,R:R@AG,R:R,AG,-0.24340736626016257,0.011207281877067168,164,32,5
Shift,sd,R:R@AG,R:R,AG,0.61097405393274,,164,32,5
Shift,mean,R:R@AT,R:R,AT,0.030593118383838387,0.01788738312489822,165,31,5
Shift,sd,R:R@AT,R:R,AT,0.7347500826608403,,165,31,5
Shift,mean,R:R@CA,R:R,CA,0.1614043796747967,0.015348491585469455,164,30,5
Shift,sd,R:R@CA,R:R,CA,0.6725724520558198,,164,30,5
Shift,mean,R:R@CC,R:R,CC,0.019445189494949482,0.009378204023664046,165,30,5
Shift,sd,R:R@CC,R:R,CC,0.504131308812124,,165,30,5
Shift,mean,R:R@CG,R:R,CG,0.036726239595959595,0.024777180833990047,165,28,5
Shift,sd,R:R@CG,R:R,CG,0.7545448614477913,,165,28,5
Shift,mean,R:R@CT,R:R,CT,0.22636357751479289,0.010085133880604082,169,28,5
Shift,sd,R:R@CT,R:R,CT,0.6017442219679922,,169,28,5
Shift,mean,R:R@GA,R:R,GA,0.08311726545454544,0.01090129233113717,165,31,5
Shift,sd,R:R@GA,R:R,GA,0.6050651944927029,,165,31,5
Shift,mean,R:R@GC,R:R,GC,0.008932576969696964,0.008399470790970916,165,30,5
Shift,sd,R:R@GC,R:R,GC,0.4796210359221526,,165,30,5
Shift,mean,R:R@GG,R:R,GG,-0.019042328721173993,0.009272190363367296,159,28,5
Shift,sd,R:R@GG,R:R,GG,0.5003536203869583,,159,28,5
Shift,mean,R:R@GT,R:R,GT,0.18205272202020198,0.014245825747600745,165,30,5
Shift,sd,R:R@GT,R:R,GT,0.6708803190083343,,165,30,5
Shift,mean,R:R@TA,R:R,TA,0.005330581414141409,0.011129069940960338,165,31,5
Shift,sd,R:R@TA,R:R,TA,0.5624433739831409,,165,31,5
Shift,mean,R:R@TC,R:R,TC,-0.12310277926829268,0.01410496778673276,164,30,5
Shift,sd,R:R@TC,R:R,TC,0.6048479679963399,,164,30,5
Shift,mean,R:R@TG,R:R,TG,-0.16631701547619046,0.0155524371756243,168,32,5
Shift,sd,R:R@TG,R:R,TG,0.6740578858658312,,168,32,5
Shift,mean,R:R@TT,R:R,TT,0.10035404025157232,0.014413549827532597,159,28,5
Shift,sd,R:R@TT,R:R,TT,0.624071461629292,,159,28,5
Slide,mean,D:R@AA,D:R,AA,-1.2996853709621994,0.030141796828107557,388,65,5
Slide,sd,D:R@AA,D:R,AA,0.5728349239619114,,388,65,5
Slide,mean,D:R@AC,D:R,AC,-1.556182114575412,0.03146149656007953,526,97,5
Slide,sd,D:R@AC,D:R,AC,0.5710984569749175,,526,97,5
Slide,mean,D:R@AG,D:R,AG,-1.4557849898734179,0.02578708185372014,395,76,5
Slide,sd,D:R@AG,D:R,AG,0.5772614275764544,,395,76,5
Slide,mean,D:R@AT,D:R,AT,-1.4864372978395062,0.021329971108811865,432,82,5
Slide,sd,D:R@AT,D:R,AT,0.5369302490208682,,432,82,5
Slide,mean,D:R@CA,D:R,CA,-1.170352347536232,0.01778304249561832,460,86,5
Slide,sd,D:R@CA,D:R,CA,0.4551530833686455,,460,86,5
Slide,mean,D:R@CC,D:R,CC,-1.7290701170805116,0.018956945853765124,443,80,5
Slide,sd,D:R@CC,D:R,CC,0.4393467246801175,,443,80,5
Slide,mean,D:R@CG,D:R,CG,-1.3419658532038834,0.020602152354874156,515,92,5
Slide,sd,D:R@CG,D:R,CG,0.5415596841801432,,515,92,5
Slide,mean,D:R@CT,D:R,CT,-1.5869255599752168,0.01595928882701541,538,96,5
Slide,sd,D:R@CT,D:R,CT,0.42068396036167005,,538,96,5
Slide,mean,D:R@GA,D:R,GA,-1.4001522767576509,0.022870012742896097,403,77,5
Slide,sd,D:R@GA,D:R,GA,0.5756295843306817,,403,77,5
Slide,mean,D:R@GC,D:R,GC,-1.672340101925926,0.03058596121322582,450,85,5
Slide,sd,D:R@GC,D:R,GC,0.5309694739138688,,450,85,5
Slide,mean,D:R@GG,D:R,GG,-1.7214679313178294,0.01986387351945873,430,78,5
Slide,sd,D:R@GG,D:R,GG,0.5398311853262016,,430,78,5
Slide,mean,D:R@GT,D:R,GT,-1.6543659594719469,0.035567371542988085,505,94,5
Slide,sd,D:R@GT,D:R,GT,0.5856002579123499,,505,94,5
Slide,mean,D:R@TA,D:R,TA,-1.2827803389459274,0.013094325372681046,487,95,5
Slide,sd,D:R@TA,D:R,TA,0.4225943135842951,,487,95,5
Slide,mean,D:R@TC,D:R,TC,-1.4275904690566037,0.021009695045523687,530,98,5
Slide,sd,D:R@TC,D:R,TC,0.46191622223989826,,530,98,5
Slide,mean,D:R@TG,D:R,TG,-1.2992747476294675,0.015916433713914893,457,87,5
Slide,sd,D:R@TG,D:R,TG,0.489491578893449,,457,87,5
Slide,mean,D:R@TT,D:R,TT,-1.353734912162162,0.01669486048067947,444,78,5
Slide,sd,D:R@TT,D:R,TT,0.43915471938372214,,444,78,5
Slide,mean,DE|RR@AA,DE|RR,AA,-1.7006526955555552,0.016787356655963988,30,6,5
Slide,sd,DE|RR@AA,DE|RR,AA,0.48791928628432285,,30,6,5
Slide,mean,DE|RR@AC,DE|RR,AC,-2.0917406644444445,0.048566349306200324,30,6,5
Slide,sd,DE|RR@AC,DE|RR,AC,0.4915406978952611,,30,6,5
Slide,mean,DE|RR@AG,DE|RR,AG,-1.8503306844444438,0.033685289141463584,30,6,5
Slide,sd,DE|RR@AG,DE|RR,AG,0.4678343218633339,,30,6,5
Slide,mean,DE|RR@AT,DE|RR,AT,-1.9534877555555556,0.04382376061716107,30,6,5
Slide,sd,DE|RR@AT,DE|RR,AT,0.5127494239417586,,30,6,5
Slide,mean,DE|RR@CA,DE|RR,CA,-1.7016139111111113,0.027426397842664763,30,6,5
Slide,sd,DE|RR@CA,DE|RR,CA,0.46404090267676956,,30,6,5
Slide,mean,DE|RR@CC,DE|RR,CC,-2.0818769599999998,0.027718433206564502,30,6,5
Slide,sd,DE|RR@CC,DE|RR,CC,0.34704410706836036,,30,6,5
Slide,mean,DE|RR@CG,DE|RR,CG,-1.894960048888889,0.055858633442568674,30,6,5
Slide,sd,DE|RR@CG,DE|RR,CG,0.49276965042715787,,30,6,5
Slide,mean,DE|RR@CT,DE|RR,CT,-1.6754071111111115,0.026368303576802338,30,6,5
Slide,sd,DE|RR@CT,DE|RR,CT,0.4321087616203743,,30,6,5
Slide,mean,DE|RR@GA,DE|RR,GA,-1.9550529577777775,0.06530556384103209,30,6,5
Slide,sd,DE|RR@GA,DE|RR,GA,0.44658976025632424,,30,6,5
Slide,mean,DE|RR@GC,DE|RR,GC,-2.038344144444445,0.03828596529091674,30,6,5
Slide,sd,DE|RR@GC,DE|RR,GC,0.42148106625406184,,30,6,5
Slide,mean,DE|RR@GG,DE|RR,GG,-2.0432680599999995,0.023700145331954615,30,6,5
Slide,sd,DE|RR@GG,DE|RR,GG,0.3954591028853825,,30,6,5
Slide,mean,DE|RR@GT,DE|RR,GT,-2.18845256,0.06962508617015777,30,6,5
Slide,sd,DE|RR@GT,DE|RR,GT,0.48209483753457544,,30,6,5
Slide,mean,DE|RR@TA,DE|RR,TA,-1.7621028999999995,0.04650274134413359,30,6,5
Slide,sd,DE|RR@TA,DE|RR,TA,0.40739009713041313,,30,6,5
Slide,mean,DE|RR@TC,DE|RR,TC,-1.749921097777778,0.07194789604185166,30,6,5
Slide,sd,DE|RR@TC,DE|RR,TC,0.4045367494452803,,30,6,5
Slide,mean,DE|RR@TG,DE|RR,TG,-1.8006659422222226,0.043225793491634426,30,6,5
Slide,sd,DE|RR@TG,DE|RR,TG,0.4305888906070211,,30,6,5
Slide,mean,DE|RR@TT,DE|RR,TT,-1.6817662000000004,0.04311267310650021,29,6,5
Slide,sd,DE|RR@TT,DE|RR,TT,0.4174775956914982,,29,6,5
Slide,mean,DM|RR@AA,DM|RR,AA,-1.1451520755555555,0.055863264091341784,30,6,5
Slide,sd,DM|RR@AA,DM|RR,AA,0.4794555737979461,,30,6,5
Slide,mean,DM|RR@AC,DM|RR,AC,-1.6139923955555555,0.11113928140211927,30,6,5
Slide,sd,DM|RR@AC,DM|RR,AC,0.5409975495327657,,30,6,5
Slide,mean,DM|RR@AG,DM|RR,AG,-1.1901170777777776,0.04770615467343171,30,6,5
Slide,sd,DM|RR@AG,DM|RR,AG,0.44549308119188596,,30,6,5
Slide,mean,DM|RR@AT,DM|RR,AT,-1.6732084600000003,0.08445774638215764,30,6,5
Slide,sd,DM|RR@AT,DM|RR,AT,0.4805422588548271,,30,6,5
Slide,mean,DM|RR@CA,DM|RR,CA,-1.187101108888889,0.02903254084027772,30,6,5
Slide,sd,DM|RR@CA,DM|RR,CA,0.3822376941575215,,30,6,5
Slide,mean,DM|RR@CC,DM|RR,CC,-1.7854865577777776,0.05068183074801964,30,6,5
Slide,sd,DM|RR@CC,DM|RR,CC,0.3653732411029063,,30,6,5
Slide,mean,DM|RR@CG,DM|RR,CG,-1.2850169844444443,0.034365878820412095,30,6,5
Slide,sd,DM|RR@CG,DM|RR,CG,0.4413563675892218,,30,6,5
Slide,mean,DM|RR@CT,DM|RR,CT,-1.609560808888889,0.05182588909491504,30,6,5
Slide,sd,DM|RR@CT,DM|RR,CT,0.38238231199988676,,30,6,5
Slide,mean,DM|RR@GA,DM|RR,GA,-1.5233987622222223,0.059517429781799705,30,6,5
Slide,sd,DM|RR@GA,DM|RR,GA,0.5400978564467759,,30,6,5
Slide,mean,DM|RR@GC,DM|RR,GC,-1.766808111111111,0.06486676172936763,30,6,5
Slide,sd,DM|RR@GC,DM|RR,GC,0.4779879850499961,,30,6,5
Slide,mean,DM|RR@GG,DM|RR,GG,-1.5990173955555558,0.06531405553605435,30,6,5
Slide,sd,DM|RR@GG,DM|RR,GG,0.4830700258340495,,30,6,5
Slide,mean,DM|RR@GT,DM|RR,GT,-1.735845017777778,0.08095696115592661,30,6,5
Slide,sd,DM|RR@GT,DM|RR,GT,0.46579868702950566,,30,6,5
Slide,mean,DM|RR@TA,DM|RR,TA,-1.3085305688888886,0.025015424883794123,30,6,5
Slide,sd,DM|RR@TA,DM|RR,TA,0.4157635627468573,,30,6,5
Slide,mean,DM|RR@TC,DM|RR,TC,-1.3453275266666667,0.04737383845738073,30,6,5
Slide,sd,DM|RR@TC,DM|RR,TC,0.3700856374132957,,30,6,5
Slide,mean,DM|RR@TG,DM|RR,TG,-1.2404380666666666,0.021221269648766476,30,6,5
Slide,sd,DM|RR@TG,DM|RR,TG,0.42151698477600147,,30,6,5
Slide,mean,DM|RR@TT,DM|RR,TT,-1.4121242422222222,0.06844169346954326,30,6,5
Slide,sd,DM|RR@TT,DM|RR,TT,0.38038239072421,,30,6,5
Slide,mean,E:R@AA,E:R,AA,-2.32893694015748,0.011718259779712336,254,42,5
Slide,sd,E:R@AA,E:R,AA,0.4220515602229438,,254,42,5
Slide,mean,E:R@AC,E:R,AC,-2.7518270705128205,0.009454794082135816,312,57,5
Slide,sd,E:R@AC,E:R,AC,0.3597456979850789,,312,57,5
Slide,mean,E:R@AG,E:R,AG,-2.4506592776089158,0.009028342030313483,329,63,5
Slide,sd,E:R@AG,E:R,AG,0.4057514740057379,,329,63,5
Slide,mean,E:R@AT,E:R,AT,-2.707828808888889,0.011509843860496914,270,51,5
Slide,sd,E:R@AT,E:R,AT,0.41882791833762845,,270,51,5
Slide,mean,E:R@CA,E:R,CA,-2.4384491953177254,0.016348201861970824,299,56,5
Slide,sd,E:R@CA,E:R,CA,0.4194388892417598,,299,56,5
Slide,mean,E:R@CC,E:R,CC,-2.505745879030303,0.009667258967482023,275,49,5
Slide,sd,E:R@CC,E:R,CC,0.32589955894913686,,275,49,5
Slide,mean,E:R@CG,E:R,CG,-2.636472903272727,0.01375732841328322,275,49,5
Slide,sd,E:R@CG,E:R,CG,0.4153816785605256,,275,49,5
Slide,mean,E:R@CT,E:R,CT,-2.440878332894737,0.007717004702620733,304,55,5
Slide,sd,E:R@CT,E:R,CT,0.3331410817242972,,304,55,5
Slide,mean,E:R@GA,E:R,GA,-2.275111135340022,0.016208107980216952,299,56,5
Slide,sd,E:R@GA,E:R,GA,0.4069365898442147,,299,56,5
Slide,mean,E:R@GC,E:R,GC,-2.60483902,0.00845226461406244,330,62,5
Slide,sd,E:R@GC,E:R,GC,0.3476006242436795,,330,62,5
Slide,mean,E:R@GG,E:R,GG,-2.411188814782608,0.011713440138728166,230,42,5
Slide,sd,E:R@GG,E:R,GG,0.3689769269929673,,230,42,5
Slide,mean,E:R@GT,E:R,GT,-2.7581991370816596,0.013105372049235637,249,46,5
Slide,sd,E:R@GT,E:R,GT,0.3617297240269154,,249,46,5
Slide,mean,E:R@TA,E:R,TA,-2.3318319014396454,0.016211639153278005,301,56,5
Slide,sd,E:R@TA,E:R,TA,0.42033183287569087,,301,56,5
Slide,mean,E:R@TC,E:R,TC,-2.5273356108333336,0.010634264575615955,240,44,5
Slide,sd,E:R@TC,E:R,TC,0.36610300205642166,,240,44,5
Slide,mean,E:R@TG,E:R,TG,-2.4745333379469434,0.019438522621194654,289,57,5
Slide,sd,E:R@TG,E:R,TG,0.4415499657516047,,289,57,5
Slide,mean,E:R@TT,E:R,TT,-2.4395573265454544,0.0121950633089462,275,46,5
Slide,sd,E:R@TT,E:R,TT,0.3553173534903392,,275,46,5
Slide,mean,ED|RR@AA,ED|RR,AA,-1.9203613800000001,0.024779086404418196,30,6,5
Slide,sd,ED|RR@AA,ED|RR,AA,0.39736681164046317,,30,6,5
Slide,mean,ED|RR@AC,ED|RR,AC,-2.3234869954022987,0.04360351654461985,29,6,5
Slide,sd,ED|RR@AC,ED|RR,AC,0.4927781704522206,,29,6,5
Slide,mean,ED|RR@AG,ED|RR,AG,-2.041345422222222,0.022588845308853647,30,6,5
Slide,sd,ED|RR@AG,ED|RR,AG,0.37216102708716026,,30,6,5
Slide,mean,ED|RR@AT,ED|RR,AT,-2.22138494,0.09293254505688,30,6,5
Slide,sd,ED|RR@AT,ED|RR,AT,0.512246506872149,,30,6,5
Slide,mean,ED|RR@CA,ED|RR,CA,-1.982712988888889,0.043536412661190925,30,6,5
Slide,sd,ED|RR@CA,ED|RR,CA,0.4668191160810956,,30,6,5
Slide,mean,ED|RR@CC,ED|RR,CC,-2.083004268888889,0.011652766332482774,30,6,5
Slide,sd,ED|RR@CC,ED|RR,CC,0.35034005094227627,,30,6,5
Slide,mean,ED|RR@CG,ED|RR,CG,-2.0494811555555557,0.06491784689547317,30,6,5
Slide,sd,ED|RR@CG,ED|RR,CG,0.52014386377171,,30,6,5
Slide,mean,ED|RR@CT,ED|RR,CT,-2.01433578,0.01413619368870146,30,6,5
Slide,sd,ED|RR@CT,ED|RR,CT,0.34749429276394184,,30,6,5
Slide,mean,ED|RR@GA,ED|RR,GA,-1.990288088888889,0.006066202795934674,30,6,5
Slide,sd,ED|RR@GA,ED|RR,GA,0.39468190304388845,,30,6,5
Slide,mean,ED|RR@GC,ED|RR,GC,-2.1508141177777773,0.04212550157492383,30,6,5
Slide,sd,ED|RR@GC,ED|RR,GC,0.4671421036619389,,30,6,5
Slide,mean,ED|RR@GG,ED|RR,GG,-2.0983028266666666,0.024898568362869942,30,6,5
Slide,sd,ED|RR@GG,ED|RR,GG,0.35408387470711344,,30,6,5
Slide,mean,ED|RR@GT,ED|RR,GT,-2.3448705977777777,0.05499091636929298,30,6,5
Slide,sd,ED|RR@GT,ED|RR,GT,0.4725909986303028,,30,6,5
Slide,mean,ED|RR@TA,ED|RR,TA,-1.7612565264367817,0.05117969575143564,29,6,5
Slide,sd,ED|RR@TA,ED|RR,TA,0.37943844874164906,,29,6,5
Slide,mean,ED|RR@TC,ED|RR,TC,-1.9632610266666666,0.052294967224525944,30,6,5
Slide,sd,ED|RR@TC,ED|RR,TC,0.401355864107874,,30,6,5
Slide,mean,ED|RR@TG,ED|RR,TG,-1.8276182355555555,0.045144938887539045,30,6,5
Slide,sd,ED|RR@TG,ED|RR,TG,0.4428075280521155,,30,6,5
Slide,mean,ED|RR@TT,ED|RR,TT,-1.9168395533333333,0.019698236761062755,30,6,5
Slide,sd,ED|RR@TT,ED|RR,TT,0.39113820165611196,,30,6,5
Slide,mean,M:R@AA,M:R,AA,-2.0031474717333335,0.011742764487030067,250,42,5
Slide,sd,M:R@AA,M:R,AA,0.36735815635135494,,250,42,5
Slide,mean,M:R@AC,M:R,AC,-2.3836812173333333,0.018069031410242922,300,55,5
Slide,sd,M:R@AC,M:R,AC,0.4131050645064613,,300,55,5
Slide,mean,M:R@AG,M:R,AG,-2.1070764976190475,0.010145136603383044,280,55,5
Slide,sd,M:R@AG,M:R,AG,0.35524160651079806,,280,55,5
Slide,mean,M:R@AT,M:R,AT,-2.323444540121212,0.015564660715171822,275,53,5
Slide,sd,M:R@AT,M:R,AT,0.42000881327224315,,275,53,5
Slide,mean,M:R@CA,M:R,CA,-1.8853758511111112,0.015797558606270943,300,54,5
Slide,sd,M:R@CA,M:R,CA,0.39641202448871893,,300,54,5
Slide,mean,M:R@CC,M:R,CC,-2.144355298222222,0.013192921570736645,300,53,5
Slide,sd,M:R@CC,M:R,CC,0.3247280245429634,,300,53,5
Slide,mean,M:R@CG,M:R,CG,-2.063490133099415,0.022777804634359154,285,51,5
Slide,sd,M:R@CG,M:R,CG,0.4240604356694297,,285,51,5
Slide,mean,M:R@CT,M:R,CT,-2.0980470137853104,0.014640383117313636,295,50,5
Slide,sd,M:R@CT,M:R,CT,0.33401797319912774,,295,50,5
Slide,mean,M:R@GA,M:R,GA,-2.0696610850793653,0.010792076474509613,315,60,5
Slide,sd,M:R@GA,M:R,GA,0.3514607444218831,,315,60,5
Slide,mean,M:R@GC,M:R,GC,-2.331690957037037,0.012081687630049258,270,50,5
Slide,sd,M:R@GC,M:R,GC,0.3836501862970063,,270,50,5
Slide,mean,M:R@GG,M:R,GG,-2.173040379415205,0.008687259397936355,285,50,5
Slide,sd,M:R@GG,M:R,GG,0.3295691728876362,,285,50,5
Slide,mean,M:R@GT,M:R,GT,-2.4183699977777775,0.018331241675555682,300,57,5
Slide,sd,M:R@GT,M:R,GT,0.39947218480674523,,300,57,5
Slide,mean,M:R@TA,M:R,TA,-1.7916297498687666,0.013801781123959333,254,49,5
Slide,sd,M:R@TA,M:R,TA,0.3497597324317728,,254,49,5
Slide,mean,M:R@TC,M:R,TC,-1.9913153462295083,0.02120986743804506,305,56,5
Slide,sd,M:R@TC,M:R,TC,0.37176211631386263,,305,56,5
Slide,mean,M:R@TG,M:R,TG,-1.8944945696767,0.016382694755263376,299,56,5
Slide,sd,M:R@TG,M:R,TG,0.3929542754856027,,299,56,5
Slide,mean,M:R@TT,M:R,TT,-2.057837171972789,0.018367154701540985,245,44,5
Slide,sd,M:R@TT,M:R,TT,0.34322058405363565,,245,44,5
Slide,mean,MD|RR@AA,MD|RR,AA,-1.7702458000000003,0.033451019575251595,30,6,5
Slide,sd,MD|RR@AA,MD|RR,AA,0.42129978638672533,,30,6,5
Slide,mean,MD|RR@AC,MD|RR,AC,-1.8351306466666666,0.09968059502733437,30,6,5
Slide,sd,MD|RR@AC,MD|RR,AC,0.6252191829899666,,30,6,5
Slide,mean,MD|RR@AG,MD|RR,AG,-1.8590926844444444,0.020878785522557675,30,6,5
Slide,sd,MD|RR@AG,MD|RR,AG,0.3863574897101306,,30,6,5
Slide,mean,MD|RR@AT,MD|RR,AT,-1.5936283955555557,0.06028941120332456,30,6,5
Slide,sd,MD|RR@AT,MD|RR,AT,0.5743547598263217,,30,6,5
Slide,mean,MD|RR@CA,MD|RR,CA,-1.3774577311111111,0.04050901677381911,30,6,5
Slide,sd,MD|RR@CA,MD|RR,CA,0.4961381295736524,,30,6,5
Slide,mean,MD|RR@CC,MD|RR,CC,-1.854333171111111,0.03392782339077802,30,6,5
Slide,sd,MD|RR@CC,MD|RR,CC,0.4102549482537624,,30,6,5
Slide,mean,MD|RR@CG,MD|RR,CG,-1.8077821288888891,0.060992258693948045,30,6,5
Slide,sd,MD|RR@CG,MD|RR,CG,0.586627935329565,,30,6,5
Slide,mean,MD|RR@CT,MD|RR,CT,-1.8021769599999997,0.04441306223241555,30,6,5
Slide,sd,MD|RR@CT,MD|RR,CT,0.4080047371141184,,30,6,5
Slide,mean,MD|RR@GA,MD|RR,GA,-1.871487004444444,0.0401616139443886,30,6,5
Slide,sd,MD|RR@GA,MD|RR,GA,0.3965110350578558,,30,6,5
Slide,mean,MD|RR@GC,MD|RR,GC,-2.0548283644444445,0.03899482536557984,30,6,5
Slide,sd,MD|RR@GC,MD|RR,GC,0.5293205944364897,,30,6,5
Slide,mean,MD|RR@GG,MD|RR,GG,-1.9764530555555555,0.01724826246312344,30,6,5
Slide,sd,MD|RR@GG,MD|RR,GG,0.3726714193195469,,30,6,5
Slide,mean,MD|RR@GT,MD|RR,GT,-1.7501395066666667,0.12821362165425218,30,6,5
Slide,sd,MD|RR@GT,MD|RR,GT,0.609950939498918,,30,6,5
Slide,mean,MD|RR@TA,MD|RR,TA,-1.4942703288888892,0.03398173504949444,30,6,5
Slide,sd,MD|RR@TA,MD|RR,TA,0.3897008169553084,,30,6,5
Slide,mean,MD|RR@TC,MD|RR,TC,-1.7114662355555554,0.056912132666456415,30,6,5
Slide,sd,MD|RR@TC,MD|RR,TC,0.477601492101212,,30,6,5
Slide,mean,MD|RR@TG,MD|RR,TG,-1.4553375266666666,0.02168451751742902,30,6,5
Slide,sd,MD|RR@TG,MD|RR,TG,0.43927529025254214,,30,6,5
Slide,mean,MD|RR@TT,MD|RR,TT,-1.72233672,0.026197750646809057,30,6,5
Slide,sd,MD|RR@TT,MD|RR,TT,0.4416973250280779,,30,6,5
Slide,mean,R:R@AA,R:R,AA,-1.8231281160493826,0.009336871039511292,162,25,5
Slide,sd,R:R@AA,R:R,AA,0.42089864954222816,,162,25,5
Slide,mean,R:R@AC,R:R,AC,-2.0638170873983737,0.018535567788630424,164,29,5
Slide,sd,R:R@AC,R:R,AC,0.5016503189610914,,164,29,5
Slide,mean,R:R@AG,R:R,AG,-1.9855949943089426,0.006150044431200996,164,32,5
Slide,sd,R:R@AG,R:R,AG,0.38840524340837246,,164,32,5
Slide,mean,R:R@AT,R:R,AT,-1.8829826630303028,0.013201066039409785,165,31,5
Slide,sd,R:R@AT,R:R,AT,0.5162573103414715,,165,31,5
Slide,mean,R:R@CA,R:R,CA,-1.7648124300813006,0.010272789541597905,164,30,5
Slide,sd,R:R@CA,R:R,CA,0.41623136799817156,,164,30,5
Slide,mean,R:R@CC,R:R,CC,-2.05114166020202,0.006230519015003469,165,30,5
Slide,sd,R:R@CC,R:R,CC,0.34585726487004786,,165,30,5
Slide,mean,R:R@CG,R:R,CG,-1.9407780452525252,0.015212946668792872,165,28,5
Slide,sd,R:R@CG,R:R,CG,0.4330904444928093,,165,28,5
Slide,mean,R:R@CT,R:R,CT,-1.9785049416173568,0.00824001678922005,169,28,5
Slide,sd,R:R@CT,R:R,CT,0.3880372254313588,,169,28,5
Slide,mean,R:R@GA,R:R,GA,-1.8328670646464646,0.007641687955029319,165,31,5
Slide,sd,R:R@GA,R:R,GA,0.4068128773556695,,165,31,5
Slide,mean,R:R@GC,R:R,GC,-2.053178261010101,0.009421993098162173,165,30,5
Slide,sd,R:R@GC,R:R,GC,0.4258982658790573,,165,30,5
Slide,mean,R:R@GG,R:R,GG,-2.0359309761006292,0.006465052636907607,159,28,5
Slide,sd,R:R@GG,R:R,GG,0.3438848476183713,,159,28,5
Slide,mean,R:R@GT,R:R,GT,-2.0874484387878787,0.010232856700873455,165,30,5
Slide,sd,R:R@GT,R:R,GT,0.5072784162896271,,165,30,5
Slide,mean,R:R@TA,R:R,TA,-1.6728518133333334,0.00920919897647905,165,31,5
Slide,sd,R:R@TA,R:R,TA,0.3709352446570776,,165,31,5
Slide,mean,R:R@TC,R:R,TC,-1.8106662284552846,0.008850656344506363,164,30,5
Slide,sd,R:R@TC,R:R,TC,0.4096909297158995,,164,30,5
Slide,mean,R:R@TG,R:R,TG,-1.7596486107142855,0.009478587866715642,168,32,5
Slide,sd,R:R@TG,R:R,TG,0.42236129458269966,,168,32,5
Slide,mean,R:R@TT,R:R,TT,-1.8097210171907758,0.010446271371710341,159,28,5
Slide,sd,R:R@TT,R:R,TT,0.4151742733115348,,159,28,5
Tilt,mean,D:R@AA,D:R,AA,-2.9164260687285224,0.12374972301826927,388,65,5
Tilt,sd,D:R@AA,D:R,AA,5.1813271214344345,,388,65,5
Tilt,mean,D:R@AC,D:R,AC,0.34316274550063375,0.09497263821121088,526,97,5
Tilt,sd,D:R@AC,D:R,AC,4.26893191048694,,526,97,5
Tilt,mean,D:R@AG,D:R,AG,-3.900115066160337,0.22129214781296763,395,76,5
Tilt,sd,D:R@AG,D:R,AG,5.175435962927318,,395,76,5
Tilt,mean,D:R@AT,D:R,AT,-0.11408252098765433,0.10890972502898603,432,82,5
Tilt,sd,D:R@AT,D:R,AT,4.454006353522021,,432,82,5
Tilt,mean,D:R@CA,D:R,CA,-2.4494249584057974,0.14556112666356252,460,86,5
Tilt,sd,D:R@CA,D:R,CA,5.2447379195998725,,460,86,5
Tilt,mean,D:R@CC,D:R,CC,-0.35532407945823924,0.10546172306056768,443,80,5
Tilt,sd,D:R@CC,D:R,CC,4.647798117437651,,443,80,5
Tilt,mean,D:R@CG,D:R,CG,-4.549843502135922,0.1489638676406426,515,92,5
Tilt,sd,D:R@CG,D:R,CG,5.253360645938794,,515,92,5
Tilt,mean,D:R@CT,D:R,CT,-0.8978682384138786,0.09937024022552579,538,96,5
Tilt,sd,D:R@CT,D:R,CT,4.41777513237299,,538,96,5
Tilt,mean,D:R@GA,D:R,GA,-2.2409012047973533,0.12994255058256407,403,77,5
Tilt,sd,D:R@GA,D:R,GA,5.00207876068627,,403,77,5
Tilt,mean,D:R@GC,D:R,GC,1.101946684888889,0.07550599377390893,450,85,5
Tilt,sd,D:R@GC,D:R,GC,4.157099219474714,,450,85,5
Tilt,mean,D:R@GG,D:R,GG,-1.9128494809302325,0.10945387091098807,430,78,5
Tilt,sd,D:R@GG,D:R,GG,4.721725440512917,,430,78,5
Tilt,mean,D:R@GT,D:R,GT,0.8781229627722772,0.13665204343908036,505,94,5
Tilt,sd,D:R@GT,D:R,GT,4.4125417122579895,,505,94,5
Tilt,mean,D:R@TA,D:R,TA,-2.4180086442162896,0.13865234926948436,487,95,5
Tilt,sd,D:R@TA,D:R,TA,5.325409127998003,,487,95,5
Tilt,mean,D:R@TC,D:R,TC,0.482449331572327,0.12423947993074147,530,98,5
Tilt,sd,D:R@TC,D:R,TC,4.569276074080342,,530,98,5
Tilt,mean,D:R@TG,D:R,TG,-4.051012706345733,0.12644337195411848,457,87,5
Tilt,sd,D:R@TG,D:R,TG,4.959872921849453,,457,87,5
Tilt,mean,D:R@TT,D:R,TT,-0.17912484309309307,0.1193416247056296,444,78,5
Tilt,sd,D:R@TT,D:R,TT,4.540148357493606,,444,78,5
Tilt,mean,DE|RR@AA,DE|RR,AA,-3.645094622222223,0.1579098419826264,30,6,5
Tilt,sd,DE|RR@AA,DE|RR,AA,5.0265933416171675,,30,6,5
Tilt,mean,DE|RR@AC,DE|RR,AC,-2.132000844444444,0.21203336204641612,30,6,5
Tilt,sd,DE|RR@AC,DE|RR,AC,4.626747509609292,,30,6,5
Tilt,mean,DE|RR@AG,DE|RR,AG,-3.0455649,0.2395507730960781,30,6,5
Tilt,sd,DE|RR@AG,DE|RR,AG,4.883566795605526,,30,6,5
Tilt,mean,DE|RR@AT,DE|RR,AT,-1.435334131111111,0.20373005542088393,30,6,5
Tilt,sd,DE|RR@AT,DE|RR,AT,4.268757900811269,,30,6,5
Tilt,mean,DE|RR@CA,DE|RR,CA,-3.5055547266666665,0.2848812557713804,30,6,5
Tilt,sd,DE|RR@CA,DE|RR,CA,4.898451494769564,,30,6,5
Tilt,mean,DE|RR@CC,DE|RR,CC,-2.452850011111111,0.21726450598432656,30,6,5
Tilt,sd,DE|RR@CC,DE|RR,CC,4.353073381828,,30,6,5
Tilt,mean,DE|RR@CG,DE|RR,CG,-4.068492211111111,0.18338676845915006,30,6,5
Tilt,sd,DE|RR@CG,DE|RR,CG,5.132635434050319,,30,6,5
Tilt,mean,DE|RR@CT,DE|RR,CT,-1.721068668888889,0.21736886464120275,30,6,5
Tilt,sd,DE|RR@CT,DE|RR,CT,4.181070850582973,,30,6,5
Tilt,mean,DE|RR@GA,DE|RR,GA,-2.0138498977777775,0.15457321659926798,30,6,5
Tilt,sd,DE|RR@GA,DE|RR,GA,4.700745720934773,,30,6,5
Tilt,mean,DE|RR@GC,DE|RR,GC,-0.9374077711111112,0.10719302354979976,30,6,5
Tilt,sd,DE|RR@GC,DE|RR,GC,3.8811306773950003,,30,6,5
Tilt,mean,DE|RR@GG,DE|RR,GG,-1.3646617644444448,0.1602040098174493,30,6,5
Tilt,sd,DE|RR@GG,DE|RR,GG,4.427952615510135,,30,6,5
Tilt,mean,DE|RR@GT,DE|RR,GT,-0.5098988666666667,0.18396950110698307,30,6,5
Tilt,sd,DE|RR@GT,DE|RR,GT,4.071640107032699,,30,6,5
Tilt,mean,DE|RR@TA,DE|RR,TA,-4.1692519755555555,0.39736021755884926,30,6,5
Tilt,sd,DE|RR@TA,DE|RR,TA,4.95240069078475,,30,6,5
Tilt,mean,DE|RR@TC,DE|RR,TC,-2.0644413911111115,0.3761764856032223,30,6,5
Tilt,sd,DE|RR@TC,DE|RR,TC,4.27761959160985,,30,6,5
Tilt,mean,DE|RR@TG,DE|RR,TG,-4.6901836844444444,0.370517371598808,30,6,5
Tilt,sd,DE|RR@TG,DE|RR,TG,4.792934744362697,,30,6,5
Tilt,mean,DE|RR@TT,DE|RR,TT,-2.216184087356322,0.3025762463515678,29,6,5
Tilt,sd,DE|RR@TT,DE|RR,TT,4.258212256890806,,29,6,5
Tilt,mean,DM|RR@AA,DM|RR,AA,-4.928472922222223,0.47535475586759673,30,6,5
Tilt,sd,DM|RR@AA,DM|RR,AA,4.892532033029339,,30,6,5
Tilt,mean,DM|RR@AC,DM|RR,AC,1.6364770244444447,0.17214633671981577,30,6,5
Tilt,sd,DM|RR@AC,DM|RR,AC,4.041254294795935,,30,6,5
Tilt,mean,DM|RR@AG,DM|RR,AG,-6.248389022222221,0.4461681016534568,30,6,5
Tilt,sd,DM|RR@AG,DM|RR,AG,5.299050053913218,,30,6,5
Tilt,mean,DM|RR@AT,DM|RR,AT,-0.10400385999999999,0.27245228680502526,30,6,5
Tilt,sd,DM|RR@AT,DM|RR,AT,4.212014946930631,,30,6,5
Tilt,mean,DM|RR@CA,DM|RR,CA,-8.094432322222222,0.4771762638331308,30,6,5
Tilt,sd,DM|RR@CA,DM|RR,CA,5.381152142118637,,30,6,5
Tilt,mean,DM|RR@CC,DM|RR,CC,0.5811153933333333,0.15430084481153647,30,6,5
Tilt,sd,DM|RR@CC,DM|RR,CC,4.155880048854472,,30,6,5
Tilt,mean,DM|RR@CG,DM|RR,CG,-11.386459900000002,0.44630239790709003,30,6,5
Tilt,sd,DM|RR@CG,DM|RR,CG,5.526081922812441,,30,6,5
Tilt,mean,DM|RR@CT,DM|RR,CT,-0.21230817555555562,0.188302181816074,30,6,5
Tilt,sd,DM|RR@CT,DM|RR,CT,4.144343946013793,,30,6,5
Tilt,mean,DM|RR@GA,DM|RR,GA,-3.3181788666666665,0.29532840336063754,30,6,5
Tilt,sd,DM|RR@GA,DM|RR,GA,4.846328541035334,,30,6,5
Tilt,mean,DM|RR@GC,DM|RR,GC,1.9626954488888892,0.2910201851108582,30,6,5
Tilt,sd,DM|RR@GC,DM|RR,GC,4.527729985557179,,30,6,5
Tilt,mean,DM|RR@GG,DM|RR,GG,-3.7176020999999997,0.5883415193844923,30,6,5
Tilt,sd,DM|RR@GG,DM|RR,GG,4.46949927164856,,30,6,5
Tilt,mean,DM|RR@GT,DM|RR,GT,1.4054090488888888,0.31164506925113156,30,6,5
Tilt,sd,DM|RR@GT,DM|RR,GT,3.915129707131105,,30,6,5
Tilt,mean,DM|RR@TA,DM|RR,TA,-6.411309211111112,0.5784213007537699,30,6,5
Tilt,sd,DM|RR@TA,DM|RR,TA,5.506649352755289,,30,6,5
Tilt,mean,DM|RR@TC,DM|RR,TC,1.5643841688888889,0.22293343506030797,30,6,5
Tilt,sd,DM|RR@TC,DM|RR,TC,4.111941562207927,,30,6,5
Tilt,mean,DM|RR@TG,DM|RR,TG,-9.604812531111113,0.3772146438708297,30,6,5
Tilt,sd,DM|RR@TG,DM|RR,TG,5.373917566784121,,30,6,5
Tilt,mean,DM|RR@TT,DM|RR,TT,0.1809739911111111,0.39241640305775494,30,6,5
Tilt,sd,DM|RR@TT,DM|RR,TT,4.074332234832363,,30,6,5
Tilt,mean,E:R@AA,E:R,AA,1.4668864162729658,0.1574564618351939,254,42,5
Tilt,sd,E:R@AA,E:R,AA,5.235770134437815,,254,42,5
Tilt,mean,E:R@AC,E:R,AC,0.4407768643162393,0.06286577887136631,312,57,5
Tilt,sd,E:R@AC,E:R,AC,4.204396099797027,,312,57,5
Tilt,mean,E:R@AG,E:R,AG,1.5885305752786218,0.1402721777304171,329,63,5
Tilt,sd,E:R@AG,E:R,AG,4.966353762387982,,329,63,5
Tilt,mean,E:R@AT,E:R,AT,0.8269683861728395,0.10800744243597896,270,51,5
Tilt,sd,E:R@AT,E:R,AT,4.516524649191576,,270,51,5
Tilt,mean,E:R@CA,E:R,CA,2.4563345904124856,0.12757571712539256,299,56,5
Tilt,sd,E:R@CA,E:R,CA,4.939030304860628,,299,56,5
Tilt,mean,E:R@CC,E:R,CC,2.038958912242424,0.07454232334752209,275,49,5
Tilt,sd,E:R@CC,E:R,CC,4.103459363379223,,275,49,5
Tilt,mean,E:R@CG,E:R,CG,4.1114277743030305,0.1555963512115719,275,49,5
Tilt,sd,E:R@CG,E:R,CG,4.716001540871611,,275,49,5
Tilt,mean,E:R@CT,E:R,CT,2.4464304199561404,0.11200561810428204,304,55,5
Tilt,sd,E:R@CT,E:R,CT,4.504735116899365,,304,55,5
Tilt,mean,E:R@GA,E:R,GA,0.2539958042363434,0.09787290294431,299,56,5
Tilt,sd,E:R@GA,E:R,GA,4.847592751653478,,299,56,5
Tilt,mean,E:R@GC,E:R,GC,0.5426408933333333,0.03739511847772398,330,62,5
Tilt,sd,E:R@GC,E:R,GC,3.882969444321397,,330,62,5
Tilt,mean,E:R@GG,E:R,GG,0.8571197150724638,0.11709451552759707,230,42,5
Tilt,sd,E:R@GG,E:R,GG,4.544913148576918,,230,42,5
Tilt,mean,E:R@GT,E:R,GT,1.012024812583668,0.08185844805784673,249,46,5
Tilt,sd,E:R@GT,E:R,GT,4.108705666547971,,249,46,5
Tilt,mean,E:R@TA,E:R,TA,1.892987077076412,0.11716916383869029,301,56,5
Tilt,sd,E:R@TA,E:R,TA,4.808270185419011,,301,56,5
Tilt,mean,E:R@TC,E:R,TC,2.5827853069444444,0.11762509144442203,240,44,5
Tilt,sd,E:R@TC,E:R,TC,4.274614284283396,,240,44,5
Tilt,mean,E:R@TG,E:R,TG,2.8612457697808535,0.13100635300776997,289,57,5
Tilt,sd,E:R@TG,E:R,TG,4.657832464032268,,289,57,5
Tilt,mean,E:R@TT,E:R,TT,1.5643685561212122,0.1326606408551127,275,46,5
Tilt,sd,E:R@TT,E:R,TT,4.432508401113727,,275,46,5
Tilt,mean,ED|RR@AA,ED|RR,AA,-0.10125748666666663,0.44634192721991844,30,6,5
Tilt,sd,ED|RR@AA,ED|RR,AA,5.446470876784732,,30,6,5
Tilt,mean,ED|RR@AC,ED|RR,AC,1.6119005356321836,0.17583446564185468,29,6,5
Tilt,sd,ED|RR@AC,ED|RR,AC,4.292868233395544,,29,6,5
Tilt,mean,ED|RR@AG,ED|RR,AG,0.18524886666666662,0.28030319182029845,30,6,5
Tilt,sd,ED|RR@AG,ED|RR,AG,5.046857442651145,,30,6,5
Tilt,mean,ED|RR@AT,ED|RR,AT,1.752645297777778,0.18651173710974453,30,6,5
Tilt,sd,ED|RR@AT,ED|RR,AT,4.452666900947037,,30,6,5
Tilt,mean,ED|RR@CA,ED|RR,CA,1.4039941511111114,0.2670416004424742,30,6,5
Tilt,sd,ED|RR@CA,ED|RR,CA,4.960070726975346,,30,6,5
Tilt,mean,ED|RR@CC,ED|RR,CC,2.9822872022222224,0.28723424140829884,30,6,5
Tilt,sd,ED|RR@CC,ED|RR,CC,4.216354263169036,,30,6,5
Tilt,mean,ED|RR@CG,ED|RR,CG,1.5923203333333333,0.28051337402513954,30,6,5
Tilt,sd,ED|RR@CG,ED|RR,CG,4.820477658127004,,30,6,5
Tilt,mean,ED|RR@CT,ED|RR,CT,2.452732711111111,0.24772656734302062,30,6,5
Tilt,sd,ED|RR@CT,ED|RR,CT,4.438260402905802,,30,6,5
Tilt,mean,ED|RR@GA,ED|RR,GA,-0.2361793622222222,0.37126421974605267,30,6,5
Tilt,sd,ED|RR@GA,ED|RR,GA,4.978051592773547,,30,6,5
Tilt,mean,ED|RR@GC,ED|RR,GC,1.64915396,0.24758917708552744,30,6,5
Tilt,sd,ED|RR@GC,ED|RR,GC,4.061761221016492,,30,6,5
Tilt,mean,ED|RR@GG,ED|RR,GG,0.07840358222222224,0.3765506354001799,30,6,5
Tilt,sd,ED|RR@GG,ED|RR,GG,4.449697871364505,,30,6,5
Tilt,mean,ED|RR@GT,ED|RR,GT,2.2783887022222222,0.28784923865629336,30,6,5
Tilt,sd,ED|RR@GT,ED|RR,GT,4.146360669020248,,30,6,5
Tilt,mean,ED|RR@TA,ED|RR,TA,0.4032738436781609,0.368756007910811,29,6,5
Tilt,sd,ED|RR@TA,ED|RR,TA,4.944031618788063,,29,6,5
Tilt,mean,ED|RR@TC,ED|RR,TC,3.4535116955555556,0.297915123527593,30,6,5
Tilt,sd,ED|RR@TC,ED|RR,TC,4.363589273188279,,30,6,5
Tilt,mean,ED|RR@TG,ED|RR,TG,1.5397760644444447,0.434702113460065,30,6,5
Tilt,sd,ED|RR@TG,ED|RR,TG,4.68977456375004,,30,6,5
Tilt,mean,ED|RR@TT,ED|RR,TT,2.7712321511111115,0.4043452655697914,30,6,5
Tilt,sd,ED|RR@TT,ED|RR,TT,4.471859089736199,,30,6,5
Tilt,mean,M:R@AA,M:R,AA,-0.5106639165333333,0.11346106892291412,250,42,5
Tilt,sd,M:R@AA,M:R,AA,4.808282601995741,,250,42,5
Tilt,mean,M:R@AC,M:R,AC,1.5665192684444447,0.05959424034626745,300,55,5
Tilt,sd,M:R@AC,M:R,AC,4.140135984162675,,300,55,5
Tilt,mean,M:R@AG,M:R,AG,-0.6160226983333333,0.15118287756940016,280,55,5
Tilt,sd,M:R@AG,M:R,AG,4.777471800715177,,280,55,5
Tilt,mean,M:R@AT,M:R,AT,0.5399718269090908,0.10782338684634023,275,53,5
Tilt,sd,M:R@AT,M:R,AT,4.304553928976041,,275,53,5
Tilt,mean,M:R@CA,M:R,CA,-1.3819446222222223,0.14196787576574948,300,54,5
Tilt,sd,M:R@CA,M:R,CA,4.5113211556855655,,300,54,5
Tilt,mean,M:R@CC,M:R,CC,1.3318970953333333,0.12406770371351279,300,53,5
Tilt,sd,M:R@CC,M:R,CC,4.244143654524249,,300,53,5
Tilt,mean,M:R@CG,M:R,CG,-1.596562087251462,0.21145026043753268,285,51,5
Tilt,sd,M:R@CG,M:R,CG,4.8134442491310905,,285,51,5
Tilt,mean,M:R@CT,M:R,CT,0.1518117457627119,0.1409131358760274,295,50,5
Tilt,sd,M:R@CT,M:R,CT,4.42201005613805,,295,50,5
Tilt,mean,M:R@GA,M:R,GA,-0.46699282137566134,0.07892125805771566,315,60,5
Tilt,sd,M:R@GA,M:R,GA,4.550450457635235,,315,60,5
Tilt,mean,M:R@GC,M:R,GC,2.4535089782716044,0.06735380123508752,270,50,5
Tilt,sd,M:R@GC,M:R,GC,3.9313940519281747,,270,50,5
Tilt,mean,M:R@GG,M:R,GG,0.003714295438596506,0.13289888081738452,285,50,5
Tilt,sd,M:R@GG,M:R,GG,4.286211682463503,,285,50,5
Tilt,mean,M:R@GT,M:R,GT,2.0237999346666666,0.096132347832341,300,57,5
Tilt,sd,M:R@GT,M:R,GT,4.071759681385482,,300,57,5
Tilt,mean,M:R@TA,M:R,TA,-0.8835057803149606,0.17391507674610493,254,49,5
Tilt,sd,M:R@TA,M:R,TA,4.441511832704441,,254,49,5
Tilt,mean,M:R@TC,M:R,TC,2.658156183825137,0.14361732482476078,305,56,5
Tilt,sd,M:R@TC,M:R,TC,4.428133904804423,,305,56,5
Tilt,mean,M:R@TG,M:R,TG,-0.47116718193979945,0.1730763081511313,299,56,5
Tilt,sd,M:R@TG,M:R,TG,4.367183957191552,,299,56,5
Tilt,mean,M:R@TT,M:R,TT,0.30842686829931976,0.19643786519979323,245,44,5
Tilt,sd,M:R@TT,M:R,TT,4.350134204227206,,245,44,5
Tilt,mean,MD|RR@AA,MD|RR,AA,0.5341286755555557,0.20656203987343727,30,6,5
Tilt,sd,MD|RR@AA,MD|RR,AA,5.262552351965232,,30,6,5
Tilt,mean,MD|RR@AC,MD|RR,AC,2.643689337777778,0.20652186148950688,30,6,5
Tilt,sd,MD|RR@AC,MD|RR,AC,4.385925026071936,,30,6,5
Tilt,mean,MD|RR@AG,MD|RR,AG,0.3037202333333333,0.24341329992089925,30,6,5
Tilt,sd,MD|RR@AG,MD|RR,AG,4.9859268442305185,,30,6,5
Tilt,mean,MD|RR@AT,MD|RR,AT,2.288885144444444,0.15305530366576833,30,6,5
Tilt,sd,MD|RR@AT,MD|RR,AT,4.750623468101898,,30,6,5
Tilt,mean,MD|RR@CA,MD|RR,CA,1.0756723355555553,0.3380607754397078,30,6,5
Tilt,sd,MD|RR@CA,MD|RR,CA,5.06948371615167,,30,6,5
Tilt,mean,MD|RR@CC,MD|RR,CC,3.018609253333333,0.3579597994473269,30,6,5
Tilt,sd,MD|RR@CC,MD|RR,CC,4.651429984468124,,30,6,5
Tilt,mean,MD|RR@CG,MD|RR,CG,-0.10833417555555555,0.3906545009172077,30,6,5
Tilt,sd,MD|RR@CG,MD|RR,CG,4.980917208897515,,30,6,5
Tilt,mean,MD|RR@CT,MD|RR,CT,2.1053117688888894,0.36005832662254594,30,6,5
Tilt,sd,MD|RR@CT,MD|RR,CT,4.586900692022253,,30,6,5
Tilt,mean,MD|RR@GA,MD|RR,GA,-0.8618236422222222,0.2257086413380964,30,6,5
Tilt,sd,MD|RR@GA,MD|RR,GA,4.959892988492009,,30,6,5
Tilt,mean,MD|RR@GC,MD|RR,GC,2.3491734911111113,0.18916993756768724,30,6,5
Tilt,sd,MD|RR@GC,MD|RR,GC,4.031783875474383,,30,6,5
Tilt,mean,MD|RR@GG,MD|RR,GG,0.11667346222222229,0.34657554944592145,30,6,5
Tilt,sd,MD|RR@GG,MD|RR,GG,4.4931194032890795,,30,6,5
Tilt,mean,MD|RR@GT,MD|RR,GT,2.703011222222223,0.12239949319582491,30,6,5
Tilt,sd,MD|RR@GT,MD|RR,GT,4.317589790282438,,30,6,5
Tilt,mean,MD|RR@TA,MD|RR,TA,-0.0710228288888889,0.2744713301368204,30,6,5
Tilt,sd,MD|RR@TA,MD|RR,TA,5.5893463983468585,,30,6,5
Tilt,mean,MD|RR@TC,MD|RR,TC,3.3126482355555558,0.46379262841107755,30,6,5
Tilt,sd,MD|RR@TC,MD|RR,TC,4.567887108173864,,30,6,5
Tilt,mean,MD|RR@TG,MD|RR,TG,0.0321760266666667,0.43545476706892666,30,6,5
Tilt,sd,MD|RR@TG,MD|RR,TG,4.646362920629326,,30,6,5
Tilt,mean,MD|RR@TT,MD|RR,TT,3.234260175555555,0.3648294495348226,30,6,5
Tilt,sd,MD|RR@TT,MD|RR,TT,4.54436231202194,,30,6,5
Tilt,mean,R:R@AA,R:R,AA,-0.3998863074074074,0.10203486736412062,162,25,5
Tilt,sd,R:R@AA,R:R,AA,4.921964477153189,,162,25,5
Tilt,mean,R:R@AC,R:R,AC,-0.36231775772357727,0.05870263341781451,164,29,5
Tilt,sd,R:R@AC,R:R,AC,4.3208571992289935,,164,29,5
Tilt,mean,R:R@AG,R:R,AG,-0.38605621016260167,0.10308286134734874,164,32,5
Tilt,sd,R:R@AG,R:R,AG,4.654617857068607,,164,32,5
Tilt,mean,R:R@AT,R:R,AT,-0.24374482909090908,0.06914901254910996,165,31,5
Tilt,sd,R:R@AT,R:R,AT,4.651513596734511,,165,31,5
Tilt,mean,R:R@CA,R:R,CA,0.05534189227642275,0.1395857271584721,164,30,5
Tilt,sd,R:R@CA,R:R,CA,4.445469900165901,,164,30,5
Tilt,mean,R:R@CC,R:R,CC,-0.02786216080808081,0.10144009011206916,165,30,5
Tilt,sd,R:R@CC,R:R,CC,4.196994935890598,,165,30,5
Tilt,mean,R:R@CG,R:R,CG,0.1435332387878788,0.1446829815911368,165,28,5
Tilt,sd,R:R@CG,R:R,CG,4.626295363696262,,165,28,5
Tilt,mean,R:R@CT,R:R,CT,0.40397872031558185,0.09641535918827525,169,28,5
Tilt,sd,R:R@CT,R:R,CT,4.6484474383913605,,169,28,5
Tilt,mean,R:R@GA,R:R,GA,-0.8369384476767676,0.08926398624759313,165,31,5
Tilt,sd,R:R@GA,R:R,GA,4.5706287308625395,,165,31,5
Tilt,mean,R:R@GC,R:R,GC,0.033116465454545455,0.05084332424626039,165,30,5
Tilt,sd,R:R@GC,R:R,GC,3.96261719510979,,165,30,5
Tilt,mean,R:R@GG,R:R,GG,0.05440616645702306,0.0973041027433415,159,28,5
Tilt,sd,R:R@GG,R:R,GG,4.18571118242507,,159,28,5
Tilt,mean,R:R@GT,R:R,GT,0.4969249228282828,0.06351886663947946,165,30,5
Tilt,sd,R:R@GT,R:R,GT,4.333526998700316,,165,30,5
Tilt,mean,R:R@TA,R:R,TA,-0.19887824808080806,0.11810960201231852,165,31,5
Tilt,sd,R:R@TA,R:R,TA,4.6244244013321145,,165,31,5
Tilt,mean,R:R@TC,R:R,TC,0.8858296060975611,0.09259450542336818,164,30,5
Tilt,sd,R:R@TC,R:R,TC,4.581373174178118,,164,30,5
Tilt,mean,R:R@TG,R:R,TG,-0.07936392301587303,0.11958743804288549,168,32,5
Tilt,sd,R:R@TG,R:R,TG,4.475329128700524,,168,32,5
Tilt,mean,R:R@TT,R:R,TT,0.48343269098532493,0.13708924127619587,159,28,5
Tilt,sd,R:R@TT,R:R,TT,4.83392674804276,,159,28,5
Twist,mean,D:R@AA,D:R,AA,27.856524133333334,0.19379697227827575,388,65,5
Twist,sd,D:R@AA,D:R,AA,5.208084534784149,,388,65,5
Twist,mean,D:R@AC,D:R,AC,28.937369899239542,0.1188135006281443,526,97,5
Twist,sd,D:R@AC,D:R,AC,4.277508451112189,,526,97,5
Twist,mean,D:R@AG,D:R,AG,28.792063848101265,0.21587453220647482,395,76,5
Twist,sd,D:R@AG,D:R,AG,5.351041447670957,,395,76,5
Twist,mean,D:R@AT,D:R,AT,28.733495677469136,0.09295647266101052,432,82,5
Twist,sd,D:R@AT,D:R,AT,3.8758069009921465,,432,82,5
Twist,mean,D:R@CA,D:R,CA,30.002831462173912,0.15420798495289093,460,86,5
Twist,sd,D:R@CA,D:R,CA,4.753463304511943,,460,86,5
Twist,mean,D:R@CC,D:R,CC,29.71499889586155,0.12268513001222849,443,80,5
Twist,sd,D:R@CC,D:R,CC,3.8504108372905703,,443,80,5
Twist,mean,D:R@CG,D:R,CG,29.211470968025893,0.14498917984311352,515,92,5
Twist,sd,D:R@CG,D:R,CG,4.73185539854703,,515,92,5
Twist,mean,D:R@CT,D:R,CT,29.351157411400244,0.08996835216930818,538,96,5
Twist,sd,D:R@CT,D:R,CT,3.5498381645095285,,538,96,5
Twist,mean,D:R@GA,D:R,GA,29.71749874160463,0.17939619952951721,403,77,5
Twist,sd,D:R@GA,D:R,GA,4.671020174039164,,403,77,5
Twist,mean,D:R@GC,D:R,GC,30.412920465481484,0.09477553410483326,450,85,5
Twist,sd,D:R@GC,D:R,GC,3.8273694330360613,,450,85,5
Twist,mean,D:R@GG,D:R,GG,29.211775207441857,0.11315397661222118,430,78,5
Twist,sd,D:R@GG,D:R,GG,4.664540506165966,,430,78,5
Twist,mean,D:R@GT,D:R,GT,29.500268341650166,0.11409424931400557,505,94,5
Twist,sd,D:R@GT,D:R,GT,4.035341459056806,,505,94,5
Twist,mean,D:R@TA,D:R,TA,29.73865178138261,0.10168063714461362,487,95,5
Twist,sd,D:R@TA,D:R,TA,4.409974129436995,,487,95,5
Twist,mean,D:R@TC,D:R,TC,31.109505506666665,0.08077613163544795,530,98,5
Twist,sd,D:R@TC,D:R,TC,3.7168921032347577,,530,98,5
Twist,mean,D:R@TG,D:R,TG,29.55290988242159,0.11325409044948453,457,87,5
Twist,sd,D:R@TG,D:R,TG,4.554390614214168,,457,87,5
Twist,mean,D:R@TT,D:R,TT,30.084180109009008,0.10847193282526083,444,78,5
Twist,sd,D:R@TT,D:R,TT,3.6503603689860507,,444,78,5
Twist,mean,DE|RR@AA,DE|RR,AA,29.86623543555556,0.24375206357027432,30,6,5
Twist,sd,DE|RR@AA,DE|RR,AA,4.450627607540439,,30,6,5
Twist,mean,DE|RR@AC,DE|RR,AC,30.18060092222223,0.31349511330436164,30,6,5
Twist,sd,DE|RR@AC,DE|RR,AC,4.273546661348967,,30,6,5
Twist,mean,DE|RR@AG,DE|RR,AG,29.115852562222223,0.3240771903851039,30,6,5
Twist,sd,DE|RR@AG,DE|RR,AG,4.132708018486849,,30,6,5
Twist,mean,DE|RR@AT,DE|RR,AT,29.741259766666662,0.3363732591639217,30,6,5
Twist,sd,DE|RR@AT,DE|RR,AT,4.342470624730951,,30,6,5
Twist,mean,DE|RR@CA,DE|RR,CA,30.280425355555554,0.3563955682701206,30,6,5
Twist,sd,DE|RR@CA,DE|RR,CA,5.677069778160543,,30,6,5
Twist,mean,DE|RR@CC,DE|RR,CC,30.242769926666668,0.27486479617805276,30,6,5
Twist,sd,DE|RR@CC,DE|RR,CC,3.3795935602769074,,30,6,5
Twist,mean,DE|RR@CG,DE|RR,CG,29.36326665999999,0.7930115923406251,30,6,5
Twist,sd,DE|RR@CG,DE|RR,CG,4.722159242361566,,30,6,5
Twist,mean,DE|RR@CT,DE|RR,CT,29.966692484444444,0.5020541590094149,30,6,5
Twist,sd,DE|RR@CT,DE|RR,CT,4.64970213414441,,30,6,5
Twist,mean,DE|RR@GA,DE|RR,GA,31.077049195555553,0.0898515788836801,30,6,5
Twist,sd,DE|RR@GA,DE|RR,GA,3.8018978565971655,,30,6,5
Twist,mean,DE|RR@GC,DE|RR,GC,30.502781391111114,0.2771825822634749,30,6,5
Twist,sd,DE|RR@GC,DE|RR,GC,3.507187020258429,,30,6,5
Twist,mean,DE|RR@GG,DE|RR,GG,29.60862420666667,0.1822356333570663,30,6,5
Twist,sd,DE|RR@GG,DE|RR,GG,3.78531546544644,,30,6,5
Twist,mean,DE|RR@GT,DE|RR,GT,29.56660895111111,0.2865620661115181,30,6,5
Twist,sd,DE|RR@GT,DE|RR,GT,3.778803536197468,,30,6,5
Twist,mean,DE|RR@TA,DE|RR,TA,31.67766278,0.28118779764223906,30,6,5
Twist,sd,DE|RR@TA,DE|RR,TA,4.570689883539072,,30,6,5
Twist,mean,DE|RR@TC,DE|RR,TC,31.805299217777772,0.2184949991828239,30,6,5
Twist,sd,DE|RR@TC,DE|RR,TC,3.333592591454949,,30,6,5
Twist,mean,DE|RR@TG,DE|RR,TG,31.211272391111113,0.4066016215954686,30,6,5
Twist,sd,DE|RR@TG,DE|RR,TG,4.235824712370337,,30,6,5
Twist,mean,DE|RR@TT,DE|RR,TT,31.075078554022983,0.14116898360489466,29,6,5
Twist,sd,DE|RR@TT,DE|RR,TT,3.4624379533197214,,29,6,5
Twist,mean,DM|RR@AA,DM|RR,AA,34.720404855555564,0.5299620611536606,30,6,5
Twist,sd,DM|RR@AA,DM|RR,AA,4.473782257631978,,30,6,5
Twist,mean,DM|RR@AC,DM|RR,AC,30.766376211111112,0.4989683522558002,30,6,5
Twist,sd,DM|RR@AC,DM|RR,AC,5.111447007887745,,30,6,5
Twist,mean,DM|RR@AG,DM|RR,AG,36.48204206444445,0.7609498337814146,30,6,5
Twist,sd,DM|RR@AG,DM|RR,AG,4.6764723574300415,,30,6,5
Twist,mean,DM|RR@AT,DM|RR,AT,30.58936304888889,0.34757209532246275,30,6,5
Twist,sd,DM|RR@AT,DM|RR,AT,3.724675343424865,,30,6,5
Twist,mean,DM|RR@CA,DM|RR,CA,37.739348517777785,0.30729865920578553,30,6,5
Twist,sd,DM|RR@CA,DM|RR,CA,4.38119544441459,,30,6,5
Twist,mean,DM|RR@CC,DM|RR,CC,29.883382242222222,0.13879664402190017,30,6,5
Twist,sd,DM|RR@CC,DM|RR,CC,3.678204486618522,,30,6,5
Twist,mean,DM|RR@CG,DM|RR,CG,37.67575545555555,0.2789070856026108,30,6,5
Twist,sd,DM|RR@CG,DM|RR,CG,4.443141531612716,,30,6,5
Twist,mean,DM|RR@CT,DM|RR,CT,30.589240435555553,0.38653495164800855,30,6,5
Twist,sd,DM|RR@CT,DM|RR,CT,3.3965057320108083,,30,6,5
Twist,mean,DM|RR@GA,DM|RR,GA,34.211759471111115,0.20757582833597016,30,6,5
Twist,sd,DM|RR@GA,DM|RR,GA,4.547878177540268,,30,6,5
Twist,mean,DM|RR@GC,DM|RR,GC,31.551842397777776,0.3301288800314267,30,6,5
Twist,sd,DM|RR@GC,DM|RR,GC,4.2605971509045695,,30,6,5
Twist,mean,DM|RR@GG,DM|RR,GG,34.236997942222224,0.5007143204690712,30,6,5
Twist,sd,DM|RR@GG,DM|RR,GG,4.365905049891579,,30,6,5
Twist,mean,DM|RR@GT,DM|RR,GT,31.233644493333333,0.34598407990259916,30,6,5
Twist,sd,DM|RR@GT,DM|RR,GT,3.9216322141314333,,30,6,5
Twist,mean,DM|RR@TA,DM|RR,TA,36.507137102222224,0.5392306978045797,30,6,5
Twist,sd,DM|RR@TA,DM|RR,TA,4.868273967339322,,30,6,5
Twist,mean,DM|RR@TC,DM|RR,TC,32.09144354222222,0.232726549420007,30,6,5
Twist,sd,DM|RR@TC,DM|RR,TC,3.654650091001609,,30,6,5
Twist,mean,DM|RR@TG,DM|RR,TG,37.49298287333333,0.10921892014499697,30,6,5
Twist,sd,DM|RR@TG,DM|RR,TG,4.697206128383366,,30,6,5
Twist,mean,DM|RR@TT,DM|RR,TT,30.876188177777774,0.2353025382941863,30,6,5
Twist,sd,DM|RR@TT,DM|RR,TT,3.517913206532714,,30,6,5
Twist,mean,E:R@AA,E:R,AA,24.51953920472441,0.15214738878894027,254,42,5
Twist,sd,E:R@AA,E:R,AA,4.066169450637075,,254,42,5
Twist,mean,E:R@AC,E:R,AC,23.703443465170942,0.09076753822030635,312,57,5
Twist,sd,E:R@AC,E:R,AC,3.769949644922996,,312,57,5
Twist,mean,E:R@AG,E:R,AG,24.309683489159067,0.11220091508665059,329,63,5
Twist,sd,E:R@AG,E:R,AG,4.05634437691716,,329,63,5
Twist,mean,E:R@AT,E:R,AT,23.42763730716049,0.13015023294678474,270,51,5
Twist,sd,E:R@AT,E:R,AT,4.056229318651109,,270,51,5
Twist,mean,E:R@CA,E:R,CA,25.516161699442584,0.08405771787205069,299,56,5
Twist,sd,E:R@CA,E:R,CA,4.139174550110852,,299,56,5
Twist,mean,E:R@CC,E:R,CC,25.573103247999995,0.07903175787649841,275,49,5
Twist,sd,E:R@CC,E:R,CC,3.427359974070557,,275,49,5
Twist,mean,E:R@CG,E:R,CG,23.520048672969697,0.12883951820709036,275,49,5
Twist,sd,E:R@CG,E:R,CG,4.186363796353193,,275,49,5
Twist,mean,E:R@CT,E:R,CT,24.6080426752193,0.07148543509991839,304,55,5
Twist,sd,E:R@CT,E:R,CT,3.65232166151104,,304,55,5
Twist,mean,E:R@GA,E:R,GA,26.41179199710145,0.13689728791978986,299,56,5
Twist,sd,E:R@GA,E:R,GA,3.7646584273282695,,299,56,5
Twist,mean,E:R@GC,E:R,GC,25.023498026060604,0.08256645416922216,330,62,5
Twist,sd,E:R@GC,E:R,GC,3.599918125585413,,330,62,5
Twist,mean,E:R@GG,E:R,GG,25.949416814492757,0.08230569311906505,230,42,5
Twist,sd,E:R@GG,E:R,GG,3.6719416147073805,,230,42,5
Twist,mean,E:R@GT,E:R,GT,23.761645282195445,0.12372854958487262,249,46,5
Twist,sd,E:R@GT,E:R,GT,3.7274616098214257,,249,46,5
Twist,mean,E:R@TA,E:R,TA,26.731953849612403,0.10990446745064071,301,56,5
Twist,sd,E:R@TA,E:R,TA,4.114545194617222,,301,56,5
Twist,mean,E:R@TC,E:R,TC,25.60369628,0.09388822883296193,240,44,5
Twist,sd,E:R@TC,E:R,TC,3.6164936721562886,,240,44,5
Twist,mean,E:R@TG,E:R,TG,24.864129249365625,0.13542032375117374,289,57,5
Twist,sd,E:R@TG,E:R,TG,4.244143584331166,,289,57,5
Twist,mean,E:R@TT,E:R,TT,24.817801519272727,0.08542028271384697,275,46,5
Twist,sd,E:R@TT,E:R,TT,3.6752011513074105,,275,46,5
Twist,mean,ED|RR@AA,ED|RR,AA,26.602845828888885,0.5137994819621657,30,6,5
Twist,sd,ED|RR@AA,ED|RR,AA,3.6944730185465375,,30,6,5
Twist,mean,ED|RR@AC,ED|RR,AC,26.243267781609198,0.4430148914377334,29,6,5
Twist,sd,ED|RR@AC,ED|RR,AC,4.088463867486343,,29,6,5
Twist,mean,ED|RR@AG,ED|RR,AG,26.207438653333337,0.2475490385996096,30,6,5
Twist,sd,ED|RR@AG,ED|RR,AG,3.7349843251621424,,30,6,5
Twist,mean,ED|RR@AT,ED|RR,AT,25.539271228888886,0.22290169052681838,30,6,5
Twist,sd,ED|RR@AT,ED|RR,AT,3.794005531984656,,30,6,5
Twist,mean,ED|RR@CA,ED|RR,CA,28.516335155555552,0.3290538754822194,30,6,5
Twist,sd,ED|RR@CA,ED|RR,CA,3.81222154229999,,30,6,5
Twist,mean,ED|RR@CC,ED|RR,CC,27.352410582222223,0.17947421938490069,30,6,5
Twist,sd,ED|RR@CC,ED|RR,CC,3.313408524755871,,30,6,5
Twist,mean,ED|RR@CG,ED|RR,CG,27.617115293333327,0.4930429289698414,30,6,5
Twist,sd,ED|RR@CG,ED|RR,CG,3.8723902651478936,,30,6,5
Twist,mean,ED|RR@CT,ED|RR,CT,26.68837128444444,0.15889010946297563,30,6,5
Twist,sd,ED|RR@CT,ED|RR,CT,3.255363506933818,,30,6,5
Twist,mean,ED|RR@GA,ED|RR,GA,28.711383475555557,0.12740493290233534,30,6,5
Twist,sd,ED|RR@GA,ED|RR,GA,3.3319530626345464,,30,6,5
Twist,mean,ED|RR@GC,ED|RR,GC,27.11903852888889,0.25363399139614035,30,6,5
Twist,sd,ED|RR@GC,ED|RR,GC,3.715228645093354,,30,6,5
Twist,mean,ED|RR@GG,ED|RR,GG,28.314374951111105,0.2423182449398368,30,6,5
Twist,sd,ED|RR@GG,ED|RR,GG,3.3881934388504975,,30,6,5
Twist,mean,ED|RR@GT,ED|RR,GT,26.15596378222223,0.19789109152340564,30,6,5
Twist,sd,ED|RR@GT,ED|RR,GT,3.745242425159496,,30,6,5
Twist,mean,ED|RR@TA,ED|RR,TA,29.93018426436781,0.11500317980047468,29,6,5
Twist,sd,ED|RR@TA,ED|RR,TA,3.220179597099232,,29,6,5
Twist,mean,ED|RR@TC,ED|RR,TC,28.096015922222218,0.1701971919842875,30,6,5
Twist,sd,ED|RR@TC,ED|RR,TC,3.277134721548704,,30,6,5
Twist,mean,ED|RR@TG,ED|RR,TG,28.379703782222226,0.2557568276676636,30,6,5
Twist,sd,ED|RR@TG,ED|RR,TG,3.362347410867548,,30,6,5
Twist,mean,ED|RR@TT,ED|RR,TT,26.595415913333333,0.11760269092555155,30,6,5
Twist,sd,ED|RR@TT,ED|RR,TT,3.384570953813592,,30,6,5
Twist,mean,M:R@AA,M:R,AA,28.843740569066664,0.16315897094356108,250,42,5
Twist,sd,M:R@AA,M:R,AA,3.777404503879552,,250,42,5
Twist,mean,M:R@AC,M:R,AC,27.168310307333336,0.1392206110126705,300,55,5
Twist,sd,M:R@AC,M:R,AC,3.8216631160069756,,300,55,5
Twist,mean,M:R@AG,M:R,AG,28.187279530714285,0.11537094654242709,280,55,5
Twist,sd,M:R@AG,M:R,AG,3.6367666977759434,,280,55,5
Twist,mean,M:R@AT,M:R,AT,27.347123657212123,0.1324759231193668,275,53,5
Twist,sd,M:R@AT,M:R,AT,3.5990271179941886,,275,53,5
Twist,mean,M:R@CA,M:R,CA,31.722121415999997,0.13678095030471907,300,54,5
Twist,sd,M:R@CA,M:R,CA,3.805224365467146,,300,54,5
Twist,mean,M:R@CC,M:R,CC,29.095302568222227,0.0633944139301109,300,53,5
Twist,sd,M:R@CC,M:R,CC,3.3553698478844254,,300,53,5
Twist,mean,M:R@CG,M:R,CG,31.234205931228068,0.1345242531394865,285,51,5
Twist,sd,M:R@CG,M:R,CG,3.8971458811318076,,285,51,5
Twist,mean,M:R@CT,M:R,CT,28.50433620497175,0.08555255195850993,295,50,5
Twist,sd,M:R@CT,M:R,CT,3.2734482518248735,,295,50,5
Twist,mean,M:R@GA,M:R,GA,30.895379078518516,0.11879940282407872,315,60,5
Twist,sd,M:R@GA,M:R,GA,3.5652965952746536,,315,60,5
Twist,mean,M:R@GC,M:R,GC,28.339767898271607,0.1097861722508841,270,50,5
Twist,sd,M:R@GC,M:R,GC,3.582169783111385,,270,50,5
Twist,mean,M:R@GG,M:R,GG,30.19242186994152,0.1123425506675887,285,50,5
Twist,sd,M:R@GG,M:R,GG,3.420547936841365,,285,50,5
Twist,mean,M:R@GT,M:R,GT,27.921936144444444,0.1402608540055473,300,57,5
Twist,sd,M:R@GT,M:R,GT,3.6021471312855047,,300,57,5
Twist,mean,M:R@TA,M:R,TA,32.374388684514436,0.1128337608475539,254,49,5
Twist,sd,M:R@TA,M:R,TA,3.496539504165642,,254,49,5
Twist,mean,M:R@TC,M:R,TC,29.46173468327869,0.078357649918746,305,56,5
Twist,sd,M:R@TC,M:R,TC,3.3454679351039385,,305,56,5
Twist,mean,M:R@TG,M:R,TG,31.474329879152727,0.1208482547049825,299,56,5
Twist,sd,M:R@TG,M:R,TG,3.5361985291603855,,299,56,5
Twist,mean,M:R@TT,M:R,TT,28.531102671564625,0.08351423364177087,245,44,5
Twist,sd,M:R@TT,M:R,TT,3.2247648164927285,,245,44,5
Twist,mean,MD|RR@AA,MD|RR,AA,26.65140237777778,0.18993573629369853,30,6,5
Twist,sd,MD|RR@AA,MD|RR,AA,3.9601193499392884,,30,6,5
Twist,mean,MD|RR@AC,MD|RR,AC,25.600267902222228,0.23702627055275885,30,6,5
Twist,sd,MD|RR@AC,MD|RR,AC,4.554947052707163,,30,6,5
Twist,mean,MD|RR@AG,MD|RR,AG,25.59278283111111,0.13476399299080788,30,6,5
Twist,sd,MD|RR@AG,MD|RR,AG,3.5358524009250343,,30,6,5
Twist,mean,MD|RR@AT,MD|RR,AT,26.366939731111113,0.22235100904796753,30,6,5
Twist,sd,MD|RR@AT,MD|RR,AT,4.110609537768661,,30,6,5
Twist,mean,MD|RR@CA,MD|RR,CA,28.961235406666663,0.2545476522748744,30,6,5
Twist,sd,MD|RR@CA,MD|RR,CA,3.796009643679611,,30,6,5
Twist,mean,MD|RR@CC,MD|RR,CC,26.892445926666664,0.2134294052562562,30,6,5
Twist,sd,MD|RR@CC,MD|RR,CC,3.7662900355737117,,30,6,5
Twist,mean,MD|RR@CG,MD|RR,CG,27.110788402222223,0.3500926029122358,30,6,5
Twist,sd,MD|RR@CG,MD|RR,CG,4.507070212682576,,30,6,5
Twist,mean,MD|RR@CT,MD|RR,CT,26.510537357777775,0.1699525935108679,30,6,5
Twist,sd,MD|RR@CT,MD|RR,CT,3.6100026721420777,,30,6,5
Twist,mean,MD|RR@GA,MD|RR,GA,28.199913882222223,0.3195304136648848,30,6,5
Twist,sd,MD|RR@GA,MD|RR,GA,3.963229625060393,,30,6,5
Twist,mean,MD|RR@GC,MD|RR,GC,27.457084248888883,0.14689177069364193,30,6,5
Twist,sd,MD|RR@GC,MD|RR,GC,3.8981371974879004,,30,6,5
Twist,mean,MD|RR@GG,MD|RR,GG,27.680635184444448,0.0924840752604263,30,6,5
Twist,sd,MD|RR@GG,MD|RR,GG,3.7482386715238776,,30,6,5
Twist,mean,MD|RR@GT,MD|RR,GT,27.333417877777777,0.24172188146041088,30,6,5
Twist,sd,MD|RR@GT,MD|RR,GT,3.7361606368626443,,30,6,5
Twist,mean,MD|RR@TA,MD|RR,TA,29.816711399999996,0.17265187628780493,30,6,5
Twist,sd,MD|RR@TA,MD|RR,TA,3.7544594570509706,,30,6,5
Twist,mean,MD|RR@TC,MD|RR,TC,27.439334873333326,0.1382959276096953,30,6,5
Twist,sd,MD|RR@TC,MD|RR,TC,3.9291929067278604,,30,6,5
Twist,mean,MD|RR@TG,MD|RR,TG,28.619820875555554,0.0733561602791362,30,6,5
Twist,sd,MD|RR@TG,MD|RR,TG,3.633770796115473,,30,6,5
Twist,mean,MD|RR@TT,MD|RR,TT,26.271246184444447,0.13152573268666765,30,6,5
Twist,sd,MD|RR@TT,MD|RR,TT,3.9225243109401364,,30,6,5
Twist,mean,R:R@AA,R:R,AA,28.23408494526749,0.13183411843147613,162,25,5
Twist,sd,R:R@AA,R:R,AA,4.029771997640895,,162,25,5
Twist,mean,R:R@AC,R:R,AC,28.854478554065043,0.13396094084803178,164,29,5
Twist,sd,R:R@AC,R:R,AC,4.02947609891606,,164,29,5
Twist,mean,R:R@AG,R:R,AG,28.199405794308937,0.05978813795061396,164,32,5
Twist,sd,R:R@AG,R:R,AG,3.7887167267816317,,164,32,5
Twist,mean,R:R@AT,R:R,AT,28.322500982222227,0.12805121742835165,165,31,5
Twist,sd,R:R@AT,R:R,AT,4.195125819660101,,165,31,5
Twist,mean,R:R@CA,R:R,CA,30.41276774065041,0.1288666836610311,164,30,5
Twist,sd,R:R@CA,R:R,CA,4.007572605241453,,164,30,5
Twist,mean,R:R@CC,R:R,CC,29.868834713535353,0.07749557881274723,165,30,5
Twist,sd,R:R@CC,R:R,CC,3.4044830087466718,,165,30,5
Twist,mean,R:R@CG,R:R,CG,29.629531136565657,0.18040249475524117,165,28,5
Twist,sd,R:R@CG,R:R,CG,3.779768161044307,,165,28,5
Twist,mean,R:R@CT,R:R,CT,28.222391932149904,0.10892810525061587,169,28,5
Twist,sd,R:R@CT,R:R,CT,3.8431081004130716,,169,28,5
Twist,mean,R:R@GA,R:R,GA,30.20897465858586,0.0939452539309703,165,31,5
Twist,sd,R:R@GA,R:R,GA,3.6195431440829693,,165,31,5
Twist,mean,R:R@GC,R:R,GC,30.136241460202015,0.08463300575455726,165,30,5
Twist,sd,R:R@GC,R:R,GC,3.5397430253627906,,165,30,5
Twist,mean,R:R@GG,R:R,GG,29.70506632494759,0.08019187437959092,159,28,5
Twist,sd,R:R@GG,R:R,GG,3.379934793877225,,159,28,5
Twist,mean,R:R@GT,R:R,GT,28.613539372929296,0.12484195319091945,165,30,5
Twist,sd,R:R@GT,R:R,GT,4.142439804067648,,165,30,5
Twist,mean,R:R@TA,R:R,TA,31.283549484848482,0.08976350482348816,165,31,5
Twist,sd,R:R@TA,R:R,TA,3.74321949767237,,165,31,5
Twist,mean,R:R@TC,R:R,TC,30.28919585284553,0.07453086465317366,164,30,5
Twist,sd,R:R@TC,R:R,TC,3.666351751428235,,164,30,5
Twist,mean,R:R@TG,R:R,TG,30.279686616666666,0.12030491966081003,168,32,5
Twist,sd,R:R@TG,R:R,TG,4.193213673364903,,168,32,5
Twist,mean,R:R@TT,R:R,TT,28.314599284696016,0.0882781673179436,159,28,5
Twist,sd,R:R@TT,R:R,TT,3.9267168345551005,,159,28,5
Zp,mean,D:R@AA,D:R,AA,1.1066784508591065,0.03896053923606185,388,65,5
Zp,sd,D:R@AA,D:R,AA,0.5942811790351474,,388,65,5
Zp,mean,D:R@AC,D:R,AC,1.4057709019011406,0.03329237565510102,526,97,5
Zp,sd,D:R@AC,D:R,AC,0.5387596485127402,,526,97,5
Zp,mean,D:R@AG,D:R,AG,1.4638477510548522,0.03234623196181964,395,76,5
Zp,sd,D:R@AG,D:R,AG,0.5194346313011651,,395,76,5
Zp,mean,D:R@AT,D:R,AT,1.2875098788580248,0.028502047630705636,432,82,5
Zp,sd,D:R@AT,D:R,AT,0.5472008542972768,,432,82,5
Zp,mean,D:R@CA,D:R,CA,1.2517877204347827,0.023611727599465226,460,86,5
Zp,sd,D:R@CA,D:R,CA,0.5195679257408129,,460,86,5
Zp,mean,D:R@CC,D:R,CC,1.5834383450714824,0.020677919274807548,443,80,5
Zp,sd,D:R@CC,D:R,CC,0.4636491924461819,,443,80,5
Zp,mean,D:R@CG,D:R,CG,1.382867198317152,0.01973818397728999,515,92,5
Zp,sd,D:R@CG,D:R,CG,0.5155307965818671,,515,92,5
Zp,mean,D:R@CT,D:R,CT,1.4849908260223048,0.017245464147935877,538,96,5
Zp,sd,D:R@CT,D:R,CT,0.44597045285016146,,538,96,5
Zp,mean,D:R@GA,D:R,GA,1.3741145303556657,0.029119967846493497,403,77,5
Zp,sd,D:R@GA,D:R,GA,0.5810252258348827,,403,77,5
Zp,mean,D:R@GC,D:R,GC,1.6403378832592594,0.027558562851450773,450,85,5
Zp,sd,D:R@GC,D:R,GC,0.5062512159585568,,450,85,5
Zp,mean,D:R@GG,D:R,GG,1.7028712965891473,0.02356974014624873,430,78,5
Zp,sd,D:R@GG,D:R,GG,0.5088319335362883,,430,78,5
Zp,mean,D:R@GT,D:R,GT,1.505183205280528,0.027473637413410065,505,94,5
Zp,sd,D:R@GT,D:R,GT,0.5259764129415921,,505,94,5
Zp,mean,D:R@TA,D:R,TA,1.2430113344284737,0.025159546098518365,487,95,5
Zp,sd,D:R@TA,D:R,TA,0.5190292425005973,,487,95,5
Zp,mean,D:R@TC,D:R,TC,1.4047563494339625,0.02595405947527995,530,98,5
Zp,sd,D:R@TC,D:R,TC,0.4861993099129084,,530,98,5
Zp,mean,D:R@TG,D:R,TG,1.3598259998541211,0.023005743988915604,457,87,5
Zp,sd,D:R@TG,D:R,TG,0.5076709392697558,,457,87,5
Zp,mean,D:R@TT,D:R,TT,1.2318094228228227,0.02074231885856329,444,78,5
Zp,sd,D:R@TT,D:R,TT,0.4816657177640543,,444,78,5
Zp,mean,DE|RR@AA,DE|RR,AA,1.6866992177777775,0.023656729751866452,30,6,5
Zp,sd,DE|RR@AA,DE|RR,AA,0.4745405725585571,,30,6,5
Zp,mean,DE|RR@AC,DE|RR,AC,1.9037181577777773,0.040028164362022105,30,6,5
Zp,sd,DE|RR@AC,DE|RR,AC,0.46480538788888176,,30,6,5
Zp,mean,DE|RR@AG,DE|RR,AG,1.8776493266666665,0.03423842658532552,30,6,5
Zp,sd,DE|RR@AG,DE|RR,AG,0.42613702710382634,,30,6,5
Zp,mean,DE|RR@AT,DE|RR,AT,1.7214702688888892,0.05270977967719082,30,6,5
Zp,sd,DE|RR@AT,DE|RR,AT,0.5072080624795321,,30,6,5
Zp,mean,DE|RR@CA,DE|RR,CA,1.8386073044444442,0.022133517439286054,30,6,5
Zp,sd,DE|RR@CA,DE|RR,CA,0.5034153188279967,,30,6,5
Zp,mean,DE|RR@CC,DE|RR,CC,2.0763231977777776,0.02438799193066873,30,6,5
Zp,sd,DE|RR@CC,DE|RR,CC,0.36265653081054744,,30,6,5
Zp,mean,DE|RR@CG,DE|RR,CG,1.9077077733333332,0.04129418095771429,30,6,5
Zp,sd,DE|RR@CG,DE|RR,CG,0.4294691930159354,,30,6,5
Zp,mean,DE|RR@CT,DE|RR,CT,1.7500692399999997,0.028077538626033745,30,6,5
Zp,sd,DE|RR@CT,DE|RR,CT,0.46215587411173925,,30,6,5
Zp,mean,DE|RR@GA,DE|RR,GA,2.0426356133333337,0.06065908872350349,30,6,5
Zp,sd,DE|RR@GA,DE|RR,GA,0.4334644932510811,,30,6,5
Zp,mean,DE|RR@GC,DE|RR,GC,2.09494886,0.02457042973902694,30,6,5
Zp,sd,DE|RR@GC,DE|RR,GC,0.41886479914196145,,30,6,5
Zp,mean,DE|RR@GG,DE|RR,GG,2.1113661400000003,0.02845307333841461,30,6,5
Zp,sd,DE|RR@GG,DE|RR,GG,0.3981901021116233,,30,6,5
Zp,mean,DE|RR@GT,DE|RR,GT,2.004596186666667,0.04469514042651228,30,6,5
Zp,sd,DE|RR@GT,DE|RR,GT,0.44600488115278014,,30,6,5
Zp,mean,DE|RR@TA,DE|RR,TA,1.8942928533333332,0.03895222460094479,30,6,5
Zp,sd,DE|RR@TA,DE|RR,TA,0.43386973801601586,,30,6,5
Zp,mean,DE|RR@TC,DE|RR,TC,1.870662802222222,0.061808896704056204,30,6,5
Zp,sd,DE|RR@TC,DE|RR,TC,0.4051538757512034,,30,6,5
Zp,mean,DE|RR@TG,DE|RR,TG,1.9250897288888886,0.032764272490782315,30,6,5
Zp,sd,DE|RR@TG,DE|RR,TG,0.40397872701065735,,30,6,5
Zp,mean,DE|RR@TT,DE|RR,TT,1.7395201793103445,0.02990871638040952,29,6,5
Zp,sd,DE|RR@TT,DE|RR,TT,0.42060113299406476,,29,6,5
Zp,mean,DM|RR@AA,DM|RR,AA,1.8918992199999998,0.04304141818535409,30,6,5
Zp,sd,DM|RR@AA,DM|RR,AA,0.4465533043755805,,30,6,5
Zp,mean,DM|RR@AC,DM|RR,AC,1.9784948111111111,0.07723523638833744,30,6,5
Zp,sd,DM|RR@AC,DM|RR,AC,0.48047029388620466,,30,6,5
Zp,mean,DM|RR@AG,DM|RR,AG,2.031556533333333,0.0272513022898533,30,6,5
Zp,sd,DM|RR@AG,DM|RR,AG,0.4016588025922981,,30,6,5
Zp,mean,DM|RR@AT,DM|RR,AT,1.9500911577777775,0.0637365873385283,30,6,5
Zp,sd,DM|RR@AT,DM|RR,AT,0.46166377086196053,,30,6,5
Zp,mean,DM|RR@CA,DM|RR,CA,2.0278146355555555,0.014559359518790668,30,6,5
Zp,sd,DM|RR@CA,DM|RR,CA,0.3651711808006046,,30,6,5
Zp,mean,DM|RR@CC,DM|RR,CC,2.1286769644444448,0.0403830716159332,30,6,5
Zp,sd,DM|RR@CC,DM|RR,CC,0.37439619217384773,,30,6,5
Zp,mean,DM|RR@CG,DM|RR,CG,2.009367991111111,0.016728307901744358,30,6,5
Zp,sd,DM|RR@CG,DM|RR,CG,0.36129278233550266,,30,6,5
Zp,mean,DM|RR@CT,DM|RR,CT,2.033756357777778,0.047311346270476555,30,6,5
Zp,sd,DM|RR@CT,DM|RR,CT,0.3784590622058818,,30,6,5
Zp,mean,DM|RR@GA,DM|RR,GA,2.2817430155555556,0.037416003737010976,30,6,5
Zp,sd,DM|RR@GA,DM|RR,GA,0.428421844818269,,30,6,5
Zp,mean,DM|RR@GC,DM|RR,GC,2.190811031111111,0.0612570163476658,30,6,5
Zp,sd,DM|RR@GC,DM|RR,GC,0.4454829121099302,,30,6,5
Zp,mean,DM|RR@GG,DM|RR,GG,2.359623566666666,0.029765628994862004,30,6,5
Zp,sd,DM|RR@GG,DM|RR,GG,0.3729199416762722,,30,6,5
Zp,mean,DM|RR@GT,DM|RR,GT,2.0997849955555554,0.042336296229178144,30,6,5
Zp,sd,DM|RR@GT,DM|RR,GT,0.44294546319241035,,30,6,5
Zp,mean,DM|RR@TA,DM|RR,TA,2.094097357777778,0.020705977561349186,30,6,5
Zp,sd,DM|RR@TA,DM|RR,TA,0.38952513666940314,,30,6,5
Zp,mean,DM|RR@TC,DM|RR,TC,1.8550226599999997,0.03150358298507912,30,6,5
Zp,sd,DM|RR@TC,DM|RR,TC,0.404051755687768,,30,6,5
Zp,mean,DM|RR@TG,DM|RR,TG,2.0271520955555555,0.02286237633441167,30,6,5
Zp,sd,DM|RR@TG,DM|RR,TG,0.36477536137795824,,30,6,5
Zp,mean,DM|RR@TT,DM|RR,TT,1.8300042155555554,0.055023076283361394,30,6,5
Zp,sd,DM|RR@TT,DM|RR,TT,0.4055773244821012,,30,6,5
Zp,mean,E:R@AA,E:R,AA,2.3691748233595797,0.010004115864523207,254,42,5
Zp,sd,E:R@AA,E:R,AA,0.40031051928059086,,254,42,5
Zp,mean,E:R@AC,E:R,AC,2.523257514102564,0.008984867541402,312,57,5
Zp,sd,E:R@AC,E:R,AC,0.34737372959627555,,312,57,5
Zp,mean,E:R@AG,E:R,AG,2.4891897694022287,0.009832028399570297,329,63,5
Zp,sd,E:R@AG,E:R,AG,0.37021781733930087,,329,63,5
Zp,mean,E:R@AT,E:R,AT,2.494157443703704,0.012448891813813881,270,51,5
Zp,sd,E:R@AT,E:R,AT,0.38496857207464347,,270,51,5
Zp,mean,E:R@CA,E:R,CA,2.629264000445931,0.01108452799678579,299,56,5
Zp,sd,E:R@CA,E:R,CA,0.3524702642746416,,299,56,5
Zp,mean,E:R@CC,E:R,CC,2.6901393915151517,0.00952312965188275,275,49,5
Zp,sd,E:R@CC,E:R,CC,0.27209353243162426,,275,49,5
Zp,mean,E:R@CG,E:R,CG,2.6633526535757572,0.009643125872094297,275,49,5
Zp,sd,E:R@CG,E:R,CG,0.31109602225326266,,275,49,5
Zp,mean,E:R@CT,E:R,CT,2.634781247807018,0.006433435649740108,304,55,5
Zp,sd,E:R@CT,E:R,CT,0.29234002836395995,,304,55,5
Zp,mean,E:R@GA,E:R,GA,2.413939952508361,0.012219745071598485,299,56,5
Zp,sd,E:R@GA,E:R,GA,0.36421557572359037,,299,56,5
Zp,mean,E:R@GC,E:R,GC,2.6286132876767674,0.0064770677688862355,330,62,5
Zp,sd,E:R@GC,E:R,GC,0.3117904547073986,,330,62,5
Zp,mean,E:R@GG,E:R,GG,2.4852087727536234,0.013389498533463261,230,42,5
Zp,sd,E:R@GG,E:R,GG,0.3255876529659665,,230,42,5
Zp,mean,E:R@GT,E:R,GT,2.533128983935743,0.013723219481059831,249,46,5
Zp,sd,E:R@GT,E:R,GT,0.33547149888138744,,249,46,5
Zp,mean,E:R@TA,E:R,TA,2.636925277297896,0.013069640144554967,301,56,5
Zp,sd,E:R@TA,E:R,TA,0.36341286715140203,,301,56,5
Zp,mean,E:R@TC,E:R,TC,2.6859263219444443,0.00908943561530189,240,44,5
Zp,sd,E:R@TC,E:R,TC,0.28986003857708914,,240,44,5
Zp,mean,E:R@TG,E:R,TG,2.6280304752018453,0.01732832565370107,289,57,5
Zp,sd,E:R@TG,E:R,TG,0.34536220891833946,,289,57,5
Zp,mean,E:R@TT,E:R,TT,2.5711188734545454,0.01239565113221591,275,46,5
Zp,sd,E:R@TT,E:R,TT,0.3171318007189875,,275,46,5
Zp,mean,ED|RR@AA,ED|RR,AA,2.3168417711111107,0.022166276239589847,30,6,5
Zp,sd,ED|RR@AA,ED|RR,AA,0.3954341248672083,,30,6,5
Zp,mean,ED|RR@AC,ED|RR,AC,2.4592124252873564,0.016574377445469888,29,6,5
Zp,sd,ED|RR@AC,ED|RR,AC,0.3835245678647107,,29,6,5
Zp,mean,ED|RR@AG,ED|RR,AG,2.518348533333333,0.017397788070419546,30,6,5
Zp,sd,ED|RR@AG,ED|RR,AG,0.3426843127335562,,30,6,5
Zp,mean,ED|RR@AT,ED|RR,AT,2.4017013955555555,0.061569428172628046,30,6,5
Zp,sd,ED|RR@AT,ED|RR,AT,0.40702619583947974,,30,6,5
Zp,mean,ED|RR@CA,ED|RR,CA,2.6326202422222225,0.02229546485314234,30,6,5
Zp,sd,ED|RR@CA,ED|RR,CA,0.3405494693263333,,30,6,5
Zp,mean,ED|RR@CC,ED|RR,CC,2.5166391022222223,0.015269099820592128,30,6,5
Zp,sd,ED|RR@CC,ED|RR,CC,0.31135957206827175,,30,6,5
Zp,mean,ED|RR@CG,ED|RR,CG,2.6510578577777784,0.02722362837726868,30,6,5
Zp,sd,ED|RR@CG,ED|RR,CG,0.31529651167745104,,30,6,5
Zp,mean,ED|RR@CT,ED|RR,CT,2.4940986866666672,0.011898226275872182,30,6,5
Zp,sd,ED|RR@CT,ED|RR,CT,0.3029843336669934,,30,6,5
Zp,mean,ED|RR@GA,ED|RR,GA,2.49411612,0.02530139840606305,30,6,5
Zp,sd,ED|RR@GA,ED|RR,GA,0.35449260874547345,,30,6,5
Zp,mean,ED|RR@GC,ED|RR,GC,2.463856257777777,0.022815236278928924,30,6,5
Zp,sd,ED|RR@GC,ED|RR,GC,0.37598035438603544,,30,6,5
Zp,mean,ED|RR@GG,ED|RR,GG,2.5428081288888884,0.0202752334733758,30,6,5
Zp,sd,ED|RR@GG,ED|RR,GG,0.31271434744602256,,30,6,5
Zp,mean,ED|RR@GT,ED|RR,GT,2.4001992333333333,0.015891286212609275,30,6,5
Zp,sd,ED|RR@GT,ED|RR,GT,0.36758101680135463,,30,6,5
Zp,mean,ED|RR@TA,ED|RR,TA,2.5896315793103453,0.03624513757457834,29,6,5
Zp,sd,ED|RR@TA,ED|RR,TA,0.32418020569395717,,29,6,5
Zp,mean,ED|RR@TC,ED|RR,TC,2.4931584555555557,0.030392052358568372,30,6,5
Zp,sd,ED|RR@TC,ED|RR,TC,0.32848692570086196,,30,6,5
Zp,mean,ED|RR@TG,ED|RR,TG,2.573514386666667,0.021954242441553425,30,6,5
Zp,sd,ED|RR@TG,ED|RR,TG,0.32264623061887865,,30,6,5
Zp,mean,ED|RR@TT,ED|RR,TT,2.332466595555556,0.022317236877808042,30,6,5
Zp,sd,ED|RR@TT,ED|RR,TT,0.34896737529458804,,30,6,5
Zp,mean,M:R@AA,M:R,AA,2.511154384,0.009345571275710183,250,42,5
Zp,sd,M:R@AA,M:R,AA,0.36375371606964635,,250,42,5
Zp,mean,M:R@AC,M:R,AC,2.512599045333334,0.010025457899085027,300,55,5
Zp,sd,M:R@AC,M:R,AC,0.35833430526172294,,300,55,5
Zp,mean,M:R@AG,M:R,AG,2.6181635069047617,0.013364939490692843,280,55,5
Zp,sd,M:R@AG,M:R,AG,0.32804245145337196,,280,55,5
Zp,mean,M:R@AT,M:R,AT,2.518518757090909,0.010903012157219094,275,53,5
Zp,sd,M:R@AT,M:R,AT,0.3664842138450735,,275,53,5
Zp,mean,M:R@CA,M:R,CA,2.5903077217777777,0.012566046189930081,300,54,5
Zp,sd,M:R@CA,M:R,CA,0.33718001471080755,,300,54,5
Zp,mean,M:R@CC,M:R,CC,2.520670262666666,0.016857142933372565,300,53,5
Zp,sd,M:R@CC,M:R,CC,0.3048390838782765,,300,53,5
Zp,mean,M:R@CG,M:R,CG,2.644141316725146,0.013615680897490427,285,51,5
Zp,sd,M:R@CG,M:R,CG,0.3057535802299547,,285,51,5
Zp,mean,M:R@CT,M:R,CT,2.5285352616949153,0.015114964992750045,295,50,5
Zp,sd,M:R@CT,M:R,CT,0.302237257713989,,295,50,5
Zp,mean,M:R@GA,M:R,GA,2.6620546184126983,0.010019395274623146,315,60,5
Zp,sd,M:R@GA,M:R,GA,0.3312232562120489,,315,60,5
Zp,mean,M:R@GC,M:R,GC,2.6696299972839506,0.00667427007875422,270,50,5
Zp,sd,M:R@GC,M:R,GC,0.3247661877267676,,270,50,5
Zp,mean,M:R@GG,M:R,GG,2.6967736514619887,0.009751697810125172,285,50,5
Zp,sd,M:R@GG,M:R,GG,0.2983292746604262,,285,50,5
Zp,mean,M:R@GT,M:R,GT,2.5849991015555553,0.010902923495858986,300,57,5
Zp,sd,M:R@GT,M:R,GT,0.3453950986463055,,300,57,5
Zp,mean,M:R@TA,M:R,TA,2.628623965879265,0.016285175020988373,254,49,5
Zp,sd,M:R@TA,M:R,TA,0.32223864032561844,,254,49,5
Zp,mean,M:R@TC,M:R,TC,2.488988572896175,0.0199966304756025,305,56,5
Zp,sd,M:R@TC,M:R,TC,0.3333068136452569,,305,56,5
Zp,mean,M:R@TG,M:R,TG,2.636959735562988,0.014219343314051402,299,56,5
Zp,sd,M:R@TG,M:R,TG,0.312834754760359,,299,56,5
Zp,mean,M:R@TT,M:R,TT,2.4880525436734695,0.01700569381772041,245,44,5
Zp,sd,M:R@TT,M:R,TT,0.3135917194233092,,245,44,5
Zp,mean,MD|RR@AA,MD|RR,AA,2.19891404,0.020976934475082518,30,6,5
Zp,sd,MD|RR@AA,MD|RR,AA,0.4384369252597534,,30,6,5
Zp,mean,MD|RR@AC,MD|RR,AC,2.1785584044444444,0.05078192731314585,30,6,5
Zp,sd,MD|RR@AC,MD|RR,AC,0.4777187372538999,,30,6,5
Zp,mean,MD|RR@AG,MD|RR,AG,2.3612519666666665,0.018319176569294868,30,6,5
Zp,sd,MD|RR@AG,MD|RR,AG,0.3630117488458985,,30,6,5
Zp,mean,MD|RR@AT,MD|RR,AT,2.1230308466666665,0.02885913715271753,30,6,5
Zp,sd,MD|RR@AT,MD|RR,AT,0.4945935168042197,,30,6,5
Zp,mean,MD|RR@CA,MD|RR,CA,2.1798692133333333,0.05348823285904118,30,6,5
Zp,sd,MD|RR@CA,MD|RR,CA,0.42311155694719477,,30,6,5
Zp,mean,MD|RR@CC,MD|RR,CC,2.257785937777778,0.0334592212042175,30,6,5
Zp,sd,MD|RR@CC,MD|RR,CC,0.37264002404467234,,30,6,5
Zp,mean,MD|RR@CG,MD|RR,CG,2.4093404622222225,0.028971478145510866,30,6,5
Zp,sd,MD|RR@CG,MD|RR,CG,0.37812942780598713,,30,6,5
Zp,mean,MD|RR@CT,MD|RR,CT,2.2666330333333335,0.03763538234652166,30,6,5
Zp,sd,MD|RR@CT,MD|RR,CT,0.3712550771737904,,30,6,5
Zp,mean,MD|RR@GA,MD|RR,GA,2.4116674244444445,0.02889366932830986,30,6,5
Zp,sd,MD|RR@GA,MD|RR,GA,0.39711450637813467,,30,6,5
Zp,mean,MD|RR@GC,MD|RR,GC,2.449880088888889,0.032720122740854896,30,6,5
Zp,sd,MD|RR@GC,MD|RR,GC,0.4043061830800009,,30,6,5
Zp,mean,MD|RR@GG,MD|RR,GG,2.4472515755555557,0.026910609323092593,30,6,5
Zp,sd,MD|RR@GG,MD|RR,GG,0.355503376790814,,30,6,5
Zp,mean,MD|RR@GT,MD|RR,GT,2.162167273333333,0.06431548481220634,30,6,5
Zp,sd,MD|RR@GT,MD|RR,GT,0.4521992796313437,,30,6,5
Zp,mean,MD|RR@TA,MD|RR,TA,2.359673966666667,0.024083723911862174,30,6,5
Zp,sd,MD|RR@TA,MD|RR,TA,0.38280690490615465,,30,6,5
Zp,mean,MD|RR@TC,MD|RR,TC,2.1892038200000004,0.048511053934340034,30,6,5
Zp,sd,MD|RR@TC,MD|RR,TC,0.44352403441847393,,30,6,5
Zp,mean,MD|RR@TG,MD|RR,TG,2.3078071133333333,0.025609937459479086,30,6,5
Zp,sd,MD|RR@TG,MD|RR,TG,0.3677709202332474,,30,6,5
Zp,mean,MD|RR@TT,MD|RR,TT,2.1507626066666665,0.016881853724719974,30,6,5
Zp,sd,MD|RR@TT,MD|RR,TT,0.3949260587737731,,30,6,5
Zp,mean,R:R@AA,R:R,AA,2.2776445526748974,0.0094651470505086,162,25,5
Zp,sd,R:R@AA,R:R,AA,0.4062012369530547,,162,25,5
Zp,mean,R:R@AC,R:R,AC,2.3638102967479675,0.00790318555172036,164,29,5
Zp,sd,R:R@AC,R:R,AC,0.4126109527102273,,164,29,5
Zp,mean,R:R@AG,R:R,AG,2.479274742682927,0.006973390198201411,164,32,5
Zp,sd,R:R@AG,R:R,AG,0.35813691656014257,,164,32,5
Zp,mean,R:R@AT,R:R,AT,2.1764256068686865,0.007846635979959722,165,31,5
Zp,sd,R:R@AT,R:R,AT,0.4634204832879682,,165,31,5
Zp,mean,R:R@CA,R:R,CA,2.482284859756098,0.007238015349051341,164,30,5
Zp,sd,R:R@CA,R:R,CA,0.3579323082033255,,164,30,5
Zp,mean,R:R@CC,R:R,CC,2.5397091684848485,0.009824122700465869,165,30,5
Zp,sd,R:R@CC,R:R,CC,0.31146019030915895,,165,30,5
Zp,mean,R:R@CG,R:R,CG,2.5598959402020203,0.006785963868369829,165,28,5
Zp,sd,R:R@CG,R:R,CG,0.2986332284244137,,165,28,5
Zp,mean,R:R@CT,R:R,CT,2.4545285471400393,0.009526364770688201,169,28,5
Zp,sd,R:R@CT,R:R,CT,0.35849500590973826,,169,28,5
Zp,mean,R:R@GA,R:R,GA,2.396614993131313,0.007446696548414207,165,31,5
Zp,sd,R:R@GA,R:R,GA,0.37187275030373934,,165,31,5
Zp,mean,R:R@GC,R:R,GC,2.502265161212122,0.005129310332956657,165,30,5
Zp,sd,R:R@GC,R:R,GC,0.36517548401647953,,165,30,5
Zp,mean,R:R@GG,R:R,GG,2.527682838155136,0.008684789479463264,159,28,5
Zp,sd,R:R@GG,R:R,GG,0.31101290421583805,,159,28,5
Zp,mean,R:R@GT,R:R,GT,2.362377309090909,0.006805099622466894,165,30,5
Zp,sd,R:R@GT,R:R,GT,0.41963346612726127,,165,30,5
Zp,mean,R:R@TA,R:R,TA,2.450055818989899,0.007528823286548021,165,31,5
Zp,sd,R:R@TA,R:R,TA,0.3499199648791861,,165,31,5
Zp,mean,R:R@TC,R:R,TC,2.373394823170732,0.008021299996022148,164,30,5
Zp,sd,R:R@TC,R:R,TC,0.3791620048046179,,164,30,5
Zp,mean,R:R@TG,R:R,TG,2.4768543599206345,0.007130466295351211,168,32,5
Zp,sd,R:R@TG,R:R,TG,0.3714339380745189,,168,32,5
Zp,mean,R:R@TT,R:R,TT,2.278672737106918,0.01012366032655239,159,28,5
Zp,sd,R:R@TT,R:R,TT,0.3995199288741659,,159,28,5
hIncl,mean,D:R@AA,D:R,AA,12.41773679621993,0.3216402498014523,388,65,5
hIncl,sd,D:R@AA,D:R,AA,12.485423844113322,,388,65,5
hIncl,mean,D:R@AC,D:R,AC,4.378307440050697,0.2087379216751542,526,97,5
hIncl,sd,D:R@AC,D:R,AC,9.648754949577691,,526,97,5
hIncl,mean,D:R@AG,D:R,AG,13.127670353417722,0.3325611432860138,395,76,5
hIncl,sd,D:R@AG,D:R,AG,11.54730463404244,,395,76,5
hIncl,mean,D:R@AT,D:R,AT,3.547974038425926,0.28653348584708455,432,82,5
hIncl,sd,D:R@AT,D:R,AT,10.059006636823588,,432,82,5
hIncl,mean,D:R@CA,D:R,CA,21.223019901014492,0.4951441014967209,460,86,5
hIncl,sd,D:R@CA,D:R,CA,12.02856468245447,,460,86,5
hIncl,mean,D:R@CC,D:R,CC,6.481724104740406,0.22915547109049353,443,80,5
hIncl,sd,D:R@CC,D:R,CC,9.29839866367417,,443,80,5
hIncl,mean,D:R@CG,D:R,CG,16.441356978252426,0.5052889503403023,515,92,5
hIncl,sd,D:R@CG,D:R,CG,12.428602257653809,,515,92,5
hIncl,mean,D:R@CT,D:R,CT,4.075173677695168,0.23003148978044427,538,96,5
hIncl,sd,D:R@CT,D:R,CT,9.636817852528283,,538,96,5
hIncl,mean,D:R@GA,D:R,GA,10.839301096608766,0.30506435448171754,403,77,5
hIncl,sd,D:R@GA,D:R,GA,11.66364641901794,,403,77,5
hIncl,mean,D:R@GC,D:R,GC,2.636308932148148,0.1577550665885536,450,85,5
hIncl,sd,D:R@GC,D:R,GC,8.505113792440014,,450,85,5
hIncl,mean,D:R@GG,D:R,GG,12.287725269612402,0.29075535401357466,430,78,5
hIncl,sd,D:R@GG,D:R,GG,10.627225832398615,,430,78,5
hIncl,mean,D:R@GT,D:R,GT,3.5307673012541256,0.14893115172699053,505,94,5
hIncl,sd,D:R@GT,D:R,GT,9.440559109861487,,505,94,5
hIncl,mean,D:R@TA,D:R,TA,21.55964118001369,0.38205696460761546,487,95,5
hIncl,sd,D:R@TA,D:R,TA,11.906017834725906,,487,95,5
hIncl,mean,D:R@TC,D:R,TC,4.7177438983647795,0.18430216490807716,530,98,5
hIncl,sd,D:R@TC,D:R,TC,9.13048894774051,,530,98,5
hIncl,mean,D:R@TG,D:R,TG,18.150117338876733,0.37582143768465837,457,87,5
hIncl,sd,D:R@TG,D:R,TG,11.811076757335005,,457,87,5
hIncl,mean,D:R@TT,D:R,TT,3.423801338888889,0.21666972025407719,444,78,5
hIncl,sd,D:R@TT,D:R,TT,9.67604902557628,,444,78,5
hIncl,mean,DE|RR@AA,DE|RR,AA,7.6430297355555545,0.8315340913779303,30,6,5
hIncl,sd,DE|RR@AA,DE|RR,AA,11.711212160705207,,30,6,5
hIncl,mean,DE|RR@AC,DE|RR,AC,-1.704818666666667,0.5360463456679317,30,6,5
hIncl,sd,DE|RR@AC,DE|RR,AC,8.702362946271451,,30,6,5
hIncl,mean,DE|RR@AG,DE|RR,AG,9.789957415555557,0.7085067367294432,30,6,5
hIncl,sd,DE|RR@AG,DE|RR,AG,11.272653619676351,,30,6,5
hIncl,mean,DE|RR@AT,DE|RR,AT,-0.6079790088888888,0.634573805685311,30,6,5
hIncl,sd,DE|RR@AT,DE|RR,AT,9.014747177256593,,30,6,5
hIncl,mean,DE|RR@CA,DE|RR,CA,10.541419295555556,0.9356811842706402,30,6,5
hIncl,sd,DE|RR@CA,DE|RR,CA,12.075574491063785,,30,6,5
hIncl,mean,DE|RR@CC,DE|RR,CC,4.358653675555556,0.5130181947110175,30,6,5
hIncl,sd,DE|RR@CC,DE|RR,CC,9.14387165274213,,30,6,5
hIncl,mean,DE|RR@CG,DE|RR,CG,12.24093467777778,2.1096566681378466,30,6,5
hIncl,sd,DE|RR@CG,DE|RR,CG,13.384783685885328,,30,6,5
hIncl,mean,DE|RR@CT,DE|RR,CT,0.5677048644444445,0.5173319342377085,30,6,5
hIncl,sd,DE|RR@CT,DE|RR,CT,9.47347587706089,,30,6,5
hIncl,mean,DE|RR@GA,DE|RR,GA,11.503814084444446,0.5817796019121331,30,6,5
hIncl,sd,DE|RR@GA,DE|RR,GA,10.55187334633167,,30,6,5
hIncl,mean,DE|RR@GC,DE|RR,GC,-2.04814436,0.17681029459542416,30,6,5
hIncl,sd,DE|RR@GC,DE|RR,GC,8.012705455713537,,30,6,5
hIncl,mean,DE|RR@GG,DE|RR,GG,11.185441299999997,0.4737709953895726,30,6,5
hIncl,sd,DE|RR@GG,DE|RR,GG,10.157055369597677,,30,6,5
hIncl,mean,DE|RR@GT,DE|RR,GT,1.4302768822222227,0.4987663304917715,30,6,5
hIncl,sd,DE|RR@GT,DE|RR,GT,9.062609569077832,,30,6,5
hIncl,mean,DE|RR@TA,DE|RR,TA,14.881452053333334,1.0629501477956667,30,6,5
hIncl,sd,DE|RR@TA,DE|RR,TA,11.58521767609799,,30,6,5
hIncl,mean,DE|RR@TC,DE|RR,TC,0.4539402933333333,0.44463955126237503,30,6,5
hIncl,sd,DE|RR@TC,DE|RR,TC,8.638255229503924,,30,6,5
hIncl,mean,DE|RR@TG,DE|RR,TG,11.934299053333335,1.2845190924576766,30,6,5
hIncl,sd,DE|RR@TG,DE|RR,TG,11.04849713296786,,30,6,5
hIncl,mean,DE|RR@TT,DE|RR,TT,0.21686682068965513,0.4601711645430699,29,6,5
hIncl,sd,DE|RR@TT,DE|RR,TT,9.313937974966889,,29,6,5
hIncl,mean,DM|RR@AA,DM|RR,AA,4.80612244888889,0.6948482889930545,30,6,5
hIncl,sd,DM|RR@AA,DM|RR,AA,10.51432531629772,,30,6,5
hIncl,mean,DM|RR@AC,DM|RR,AC,1.237641242222222,0.6569874253638683,30,6,5
hIncl,sd,DM|RR@AC,DM|RR,AC,9.041588085061445,,30,6,5
hIncl,mean,DM|RR@AG,DM|RR,AG,8.890073917777778,0.7641321261540601,30,6,5
hIncl,sd,DM|RR@AG,DM|RR,AG,9.229132674894743,,30,6,5
hIncl,mean,DM|RR@AT,DM|RR,AT,-0.27530045555555555,0.5790162887338355,30,6,5
hIncl,sd,DM|RR@AT,DM|RR,AT,9.328395398133223,,30,6,5
hIncl,mean,DM|RR@CA,DM|RR,CA,15.810116808888887,1.0814396158244761,30,6,5
hIncl,sd,DM|RR@CA,DM|RR,CA,9.303570630906243,,30,6,5
hIncl,mean,DM|RR@CC,DM|RR,CC,9.307587495555557,0.5376121047816615,30,6,5
hIncl,sd,DM|RR@CC,DM|RR,CC,9.399932965940653,,30,6,5
hIncl,mean,DM|RR@CG,DM|RR,CG,12.244130491111115,1.313811697813259,30,6,5
hIncl,sd,DM|RR@CG,DM|RR,CG,9.845310251688668,,30,6,5
hIncl,mean,DM|RR@CT,DM|RR,CT,5.349093960000001,0.6858950670146813,30,6,5
hIncl,sd,DM|RR@CT,DM|RR,CT,9.577937299663432,,30,6,5
hIncl,mean,DM|RR@GA,DM|RR,GA,7.689526491111111,0.8550918658912157,30,6,5
hIncl,sd,DM|RR@GA,DM|RR,GA,10.700479985304323,,30,6,5
hIncl,mean,DM|RR@GC,DM|RR,GC,0.9985672244444445,0.3115687835903168,30,6,5
hIncl,sd,DM|RR@GC,DM|RR,GC,8.488327995686323,,30,6,5
hIncl,mean,DM|RR@GG,DM|RR,GG,8.147289902222223,0.8526604616125174,30,6,5
hIncl,sd,DM|RR@GG,DM|RR,GG,9.182175051576904,,30,6,5
hIncl,mean,DM|RR@GT,DM|RR,GT,2.1153787200000003,0.7303967212196182,30,6,5
hIncl,sd,DM|RR@GT,DM|RR,GT,8.608430963948848,,30,6,5
hIncl,mean,DM|RR@TA,DM|RR,TA,14.114203268888891,0.39528711926060306,30,6,5
hIncl,sd,DM|RR@TA,DM|RR,TA,10.69296711906723,,30,6,5
hIncl,mean,DM|RR@TC,DM|RR,TC,1.0996985488888888,0.8895278342792162,30,6,5
hIncl,sd,DM|RR@TC,DM|RR,TC,8.96071782437769,,30,6,5
hIncl,mean,DM|RR@TG,DM|RR,TG,11.10861974,0.5032617301036303,30,6,5
hIncl,sd,DM|RR@TG,DM|RR,TG,9.239176942603079,,30,6,5
hIncl,mean,DM|RR@TT,DM|RR,TT,3.0897865488888887,0.6040906824673156,30,6,5
hIncl,sd,DM|RR@TT,DM|RR,TT,9.822672718375145,,30,6,5
hIncl,mean,E:R@AA,E:R,AA,17.79646805695538,0.3332257779901203,254,42,5
hIncl,sd,E:R@AA,E:R,AA,12.475351852118914,,254,42,5
hIncl,mean,E:R@AC,E:R,AC,8.501116408333333,0.22097856086370124,312,57,5
hIncl,sd,E:R@AC,E:R,AC,10.668994553181266,,312,57,5
hIncl,mean,E:R@AG,E:R,AG,17.53747643647416,0.17712209620007902,329,63,5
hIncl,sd,E:R@AG,E:R,AG,11.753580121402836,,329,63,5
hIncl,mean,E:R@AT,E:R,AT,7.97728875382716,0.374868648318385,270,51,5
hIncl,sd,E:R@AT,E:R,AT,11.887948064796419,,270,51,5
hIncl,mean,E:R@CA,E:R,CA,14.235670080044592,0.29959068731371336,299,56,5
hIncl,sd,E:R@CA,E:R,CA,12.73254199452638,,299,56,5
hIncl,mean,E:R@CC,E:R,CC,8.07078844630303,0.20930560234447515,275,49,5
hIncl,sd,E:R@CC,E:R,CC,10.078359942434497,,275,49,5
hIncl,mean,E:R@CG,E:R,CG,13.353361496000002,0.4247514083660347,275,49,5
hIncl,sd,E:R@CG,E:R,CG,13.694608086831392,,275,49,5
hIncl,mean,E:R@CT,E:R,CT,8.16147195372807,0.36630030638810296,304,55,5
hIncl,sd,E:R@CT,E:R,CT,11.573441458762714,,304,55,5
hIncl,mean,E:R@GA,E:R,GA,17.016538166332218,0.23675484291183396,299,56,5
hIncl,sd,E:R@GA,E:R,GA,11.447155955536624,,299,56,5
hIncl,mean,E:R@GC,E:R,GC,8.051913195555555,0.205143886471594,330,62,5
hIncl,sd,E:R@GC,E:R,GC,10.075270234522407,,330,62,5
hIncl,mean,E:R@GG,E:R,GG,16.80229911826087,0.319753062701751,230,42,5
hIncl,sd,E:R@GG,E:R,GG,10.606851079968186,,230,42,5
hIncl,mean,E:R@GT,E:R,GT,10.476464040160643,0.32589109707130237,249,46,5
hIncl,sd,E:R@GT,E:R,GT,11.241245454629382,,249,46,5
hIncl,mean,E:R@TA,E:R,TA,15.64078309833887,0.35133053903973077,301,56,5
hIncl,sd,E:R@TA,E:R,TA,11.846673048759333,,301,56,5
hIncl,mean,E:R@TC,E:R,TC,10.273436879166667,0.2680878918235854,240,44,5
hIncl,sd,E:R@TC,E:R,TC,10.42269196996595,,240,44,5
hIncl,mean,E:R@TG,E:R,TG,13.634227515109572,0.453978745945561,289,57,5
hIncl,sd,E:R@TG,E:R,TG,12.85379799595219,,289,57,5
hIncl,mean,E:R@TT,E:R,TT,10.346822736969697,0.3181072484301911,275,46,5
hIncl,sd,E:R@TT,E:R,TT,11.567696861983103,,275,46,5
hIncl,mean,ED|RR@AA,ED|RR,AA,15.178607933333334,0.7733221897505443,30,6,5
hIncl,sd,ED|RR@AA,ED|RR,AA,12.311080410210632,,30,6,5
hIncl,mean,ED|RR@AC,ED|RR,AC,7.457025273563219,0.4102186426863176,29,6,5
hIncl,sd,ED|RR@AC,ED|RR,AC,9.942362015465381,,29,6,5
hIncl,mean,ED|RR@AG,ED|RR,AG,12.775287608888892,0.69384326949233,30,6,5
hIncl,sd,ED|RR@AG,ED|RR,AG,11.324806500297802,,30,6,5
hIncl,mean,ED|RR@AT,ED|RR,AT,6.269872568888889,0.8663079877994361,30,6,5
hIncl,sd,ED|RR@AT,ED|RR,AT,10.81929618062677,,30,6,5
hIncl,mean,ED|RR@CA,ED|RR,CA,12.235526013333333,1.2577201915946732,30,6,5
hIncl,sd,ED|RR@CA,ED|RR,CA,11.935919446093257,,30,6,5
hIncl,mean,ED|RR@CC,ED|RR,CC,9.775714522222222,0.3153388851034047,30,6,5
hIncl,sd,ED|RR@CC,ED|RR,CC,9.674479872857523,,30,6,5
hIncl,mean,ED|RR@CG,ED|RR,CG,11.894236282222225,1.7317212884858257,30,6,5
hIncl,sd,ED|RR@CG,ED|RR,CG,12.603200089795894,,30,6,5
hIncl,mean,ED|RR@CT,ED|RR,CT,9.57927283111111,0.471295264278857,30,6,5
hIncl,sd,ED|RR@CT,ED|RR,CT,10.351455084918543,,30,6,5
hIncl,mean,ED|RR@GA,ED|RR,GA,14.46825045111111,0.7447560745309602,30,6,5
hIncl,sd,ED|RR@GA,ED|RR,GA,10.830638726563341,,30,6,5
hIncl,mean,ED|RR@GC,ED|RR,GC,6.905745935555554,0.27947584515220614,30,6,5
hIncl,sd,ED|RR@GC,ED|RR,GC,9.501340729343953,,30,6,5
hIncl,mean,ED|RR@GG,ED|RR,GG,14.698179604444443,0.8178771587164924,30,6,5
hIncl,sd,ED|RR@GG,ED|RR,GG,9.988220312249249,,30,6,5
hIncl,mean,ED|RR@GT,ED|RR,GT,8.724694133333335,0.34394381934195417,30,6,5
hIncl,sd,ED|RR@GT,ED|RR,GT,10.307353629459387,,30,6,5
hIncl,mean,ED|RR@TA,ED|RR,TA,17.72468692643678,1.534171607170734,29,6,5
hIncl,sd,ED|RR@TA,ED|RR,TA,10.91381702188695,,29,6,5
hIncl,mean,ED|RR@TC,ED|RR,TC,9.080740144444444,0.42345291440263355,30,6,5
hIncl,sd,ED|RR@TC,ED|RR,TC,9.790366561809469,,30,6,5
hIncl,mean,ED|RR@TG,ED|RR,TG,13.404904795555554,1.7605921240516975,30,6,5
hIncl,sd,ED|RR@TG,ED|RR,TG,11.529188880178681,,30,6,5
hIncl,mean,ED|RR@TT,ED|RR,TT,10.556747191111109,0.5208812924375217,30,6,5
hIncl,sd,ED|RR@TT,ED|RR,TT,10.928620823176889,,30,6,5
hIncl,mean,M:R@AA,M:R,AA,19.67955998773333,0.28039683651039327,250,42,5
hIncl,sd,M:R@AA,M:R,AA,10.830614999444052,,250,42,5
hIncl,mean,M:R@AC,M:R,AC,11.121604941777777,0.22013529874760518,300,55,5
hIncl,sd,M:R@AC,M:R,AC,9.855869611227808,,300,55,5
hIncl,mean,M:R@AG,M:R,AG,17.937823403809524,0.38268088789346194,280,55,5
hIncl,sd,M:R@AG,M:R,AG,10.212421349397488,,280,55,5
hIncl,mean,M:R@AT,M:R,AT,8.503014936727272,0.28196018030757486,275,53,5
hIncl,sd,M:R@AT,M:R,AT,10.038330477418269,,275,53,5
hIncl,mean,M:R@CA,M:R,CA,23.817673048666663,0.42945987454243123,300,54,5
hIncl,sd,M:R@CA,M:R,CA,9.491651759240513,,300,54,5
hIncl,mean,M:R@CC,M:R,CC,18.144867266000002,0.20671673572270555,300,53,5
hIncl,sd,M:R@CC,M:R,CC,9.00092075972538,,300,53,5
hIncl,mean,M:R@CG,M:R,CG,21.59128957824561,0.5005406517759302,285,51,5
hIncl,sd,M:R@CG,M:R,CG,9.766821920477836,,285,51,5
hIncl,mean,M:R@CT,M:R,CT,15.623730927457624,0.27985772746028914,295,50,5
hIncl,sd,M:R@CT,M:R,CT,9.67583230254105,,295,50,5
hIncl,mean,M:R@GA,M:R,GA,21.04633325312169,0.2638972766976396,315,60,5
hIncl,sd,M:R@GA,M:R,GA,10.094524287949524,,315,60,5
hIncl,mean,M:R@GC,M:R,GC,10.22156410493827,0.220703163351946,270,50,5
hIncl,sd,M:R@GC,M:R,GC,9.176033743721096,,270,50,5
hIncl,mean,M:R@GG,M:R,GG,18.66074850760234,0.3017928518395677,285,50,5
hIncl,sd,M:R@GG,M:R,GG,9.363369505675196,,285,50,5
hIncl,mean,M:R@GT,M:R,GT,10.872692762666667,0.3266821931086064,300,57,5
hIncl,sd,M:R@GT,M:R,GT,9.739296276496843,,300,57,5
hIncl,mean,M:R@TA,M:R,TA,23.09514120341207,0.4900235729596409,254,49,5
hIncl,sd,M:R@TA,M:R,TA,9.425495437051746,,254,49,5
hIncl,mean,M:R@TC,M:R,TC,15.578352430163932,0.284976964270047,305,56,5
hIncl,sd,M:R@TC,M:R,TC,9.535057825420687,,305,56,5
hIncl,mean,M:R@TG,M:R,TG,20.03492402831661,0.472164285944585,299,56,5
hIncl,sd,M:R@TG,M:R,TG,9.766017799031921,,299,56,5
hIncl,mean,M:R@TT,M:R,TT,13.934128332789115,0.31525503154883133,245,44,5
hIncl,sd,M:R@TT,M:R,TT,10.05592068509812,,245,44,5
hIncl,mean,MD|RR@AA,MD|RR,AA,21.46400080888889,0.7509606499005501,30,6,5
hIncl,sd,MD|RR@AA,MD|RR,AA,12.597894141931372,,30,6,5
hIncl,mean,MD|RR@AC,MD|RR,AC,16.47915599111111,0.474773947754346,30,6,5
hIncl,sd,MD|RR@AC,MD|RR,AC,11.726792195528096,,30,6,5
hIncl,mean,MD|RR@AG,MD|RR,AG,19.154059435555553,0.59565572157983,30,6,5
hIncl,sd,MD|RR@AG,MD|RR,AG,11.961235237568447,,30,6,5
hIncl,mean,MD|RR@AT,MD|RR,AT,16.082500724444444,0.9075138103708661,30,6,5
hIncl,sd,MD|RR@AT,MD|RR,AT,11.187253021572777,,30,6,5
hIncl,mean,MD|RR@CA,MD|RR,CA,30.78545075555555,1.0626098894133305,30,6,5
hIncl,sd,MD|RR@CA,MD|RR,CA,10.596302168121602,,30,6,5
hIncl,mean,MD|RR@CC,MD|RR,CC,22.19991466666667,0.7293213198118713,30,6,5
hIncl,sd,MD|RR@CC,MD|RR,CC,10.500106906364556,,30,6,5
hIncl,mean,MD|RR@CG,MD|RR,CG,24.552470668888887,0.8235733669782281,30,6,5
hIncl,sd,MD|RR@CG,MD|RR,CG,11.77442100199005,,30,6,5
hIncl,mean,MD|RR@CT,MD|RR,CT,18.90552739333333,0.6742168067844572,30,6,5
hIncl,sd,MD|RR@CT,MD|RR,CT,11.160910421087532,,30,6,5
hIncl,mean,MD|RR@GA,MD|RR,GA,23.416009682222224,1.0367032797070546,30,6,5
hIncl,sd,MD|RR@GA,MD|RR,GA,11.775077127221353,,30,6,5
hIncl,mean,MD|RR@GC,MD|RR,GC,12.723525375555559,0.7720835176297164,30,6,5
hIncl,sd,MD|RR@GC,MD|RR,GC,10.425539850428754,,30,6,5
hIncl,mean,MD|RR@GG,MD|RR,GG,22.9319671,0.7885045753801037,30,6,5
hIncl,sd,MD|RR@GG,MD|RR,GG,10.442452756797648,,30,6,5
hIncl,mean,MD|RR@GT,MD|RR,GT,15.958250715555554,0.6700153713541392,30,6,5
hIncl,sd,MD|RR@GT,MD|RR,GT,10.560432955450201,,30,6,5
hIncl,mean,MD|RR@TA,MD|RR,TA,28.49564392222222,0.8168104577020158,30,6,5
hIncl,sd,MD|RR@TA,MD|RR,TA,10.158516283121195,,30,6,5
hIncl,mean,MD|RR@TC,MD|RR,TC,20.548830302222218,0.7561656960913913,30,6,5
hIncl,sd,MD|RR@TC,MD|RR,TC,11.193442186796103,,30,6,5
hIncl,mean,MD|RR@TG,MD|RR,TG,25.206673097777774,1.0858876386671403,30,6,5
hIncl,sd,MD|RR@TG,MD|RR,TG,10.637741538814684,,30,6,5
hIncl,mean,MD|RR@TT,MD|RR,TT,17.681527913333333,0.5839375570257722,30,6,5
hIncl,sd,MD|RR@TT,MD|RR,TT,11.128943137689108,,30,6,5
hIncl,mean,R:R@AA,R:R,AA,12.578787927572016,0.3191176495839608,162,25,5
hIncl,sd,R:R@AA,R:R,AA,11.551880685171966,,162,25,5
hIncl,mean,R:R@AC,R:R,AC,8.439782084146342,0.20590793437408114,164,29,5
hIncl,sd,R:R@AC,R:R,AC,9.65956067174953,,164,29,5
hIncl,mean,R:R@AG,R:R,AG,12.685913183333334,0.2994677350143822,164,32,5
hIncl,sd,R:R@AG,R:R,AG,10.792367262238027,,164,32,5
hIncl,mean,R:R@AT,R:R,AT,8.235865259393938,0.29337209632848366,165,31,5
hIncl,sd,R:R@AT,R:R,AT,10.405385143261144,,165,31,5
hIncl,mean,R:R@CA,R:R,CA,15.28834510609756,0.4847203478165666,164,30,5
hIncl,sd,R:R@CA,R:R,CA,11.389962075916923,,164,30,5
hIncl,mean,R:R@CC,R:R,CC,14.166734261818183,0.23558147433586402,165,30,5
hIncl,sd,R:R@CC,R:R,CC,9.544882534280074,,165,30,5
hIncl,mean,R:R@CG,R:R,CG,14.193934142626263,0.5507470803464292,165,28,5
hIncl,sd,R:R@CG,R:R,CG,11.874599475598343,,165,28,5
hIncl,mean,R:R@CT,R:R,CT,13.292018239842209,0.3259141059457167,169,28,5
hIncl,sd,R:R@CT,R:R,CT,10.770129043923175,,169,28,5
hIncl,mean,R:R@GA,R:R,GA,12.506906774545458,0.27751036750540103,165,31,5
hIncl,sd,R:R@GA,R:R,GA,10.782775486572252,,165,31,5
hIncl,mean,R:R@GC,R:R,GC,6.205194953939394,0.10312889621614638,165,30,5
hIncl,sd,R:R@GC,R:R,GC,8.51407732158468,,165,30,5
hIncl,mean,R:R@GG,R:R,GG,14.164744651572327,0.26274638565638675,159,28,5
hIncl,sd,R:R@GG,R:R,GG,9.56546263474819,,159,28,5
hIncl,mean,R:R@GT,R:R,GT,8.589014898989898,0.26880680008071955,165,30,5
hIncl,sd,R:R@GT,R:R,GT,9.785055961366542,,165,30,5
hIncl,mean,R:R@TA,R:R,TA,18.830860333333334,0.45331426637483235,165,31,5
hIncl,sd,R:R@TA,R:R,TA,10.928602285161784,,165,31,5
hIncl,mean,R:R@TC,R:R,TC,12.903366264227643,0.2968078773678406,164,30,5
hIncl,sd,R:R@TC,R:R,TC,10.716445488442153,,164,30,5
hIncl,mean,R:R@TG,R:R,TG,15.090393296031747,0.4575928529752884,168,32,5
hIncl,sd,R:R@TG,R:R,TG,11.231751103220681,,168,32,5
hIncl,mean,R:R@TT,R:R,TT,12.700070426415094,0.3462552938516009,159,28,5
hIncl,sd,R:R@TT,R:R,TT,11.545902611968286,,159,28,5
hRise,mean,D:R@AA,D:R,AA,2.6889800357388314,0.017862548502081917,388,65,5
hRise,sd,D:R@AA,D:R,AA,0.5684701622148509,,388,65,5
hRise,mean,D:R@AC,D:R,AC,3.0993174323193915,0.010015326647072201,526,97,5
hRise,sd,D:R@AC,D:R,AC,0.4685172037281721,,526,97,5
hRise,mean,D:R@AG,D:R,AG,2.774969580084388,0.015243055487734438,395,76,5
hRise,sd,D:R@AG,D:R,AG,0.5762059203067021,,395,76,5
hRise,mean,D:R@AT,D:R,AT,3.0416453535493826,0.010005662239994878,432,82,5
hRise,sd,D:R@AT,D:R,AT,0.44589393800706606,,432,82,5
hRise,mean,D:R@CA,D:R,CA,2.6152949339130434,0.018360966789887922,460,86,5
hRise,sd,D:R@CA,D:R,CA,0.5891687873521333,,460,86,5
hRise,mean,D:R@CC,D:R,CC,3.1148117221971408,0.013395709117607589,443,80,5
hRise,sd,D:R@CC,D:R,CC,0.536651405202493,,443,80,5
hRise,mean,D:R@CG,D:R,CG,2.8949392093203885,0.018391306388653675,515,92,5
hRise,sd,D:R@CG,D:R,CG,0.6566731658551289,,515,92,5
hRise,mean,D:R@CT,D:R,CT,3.140969760223048,0.008203597498301018,538,96,5
hRise,sd,D:R@CT,D:R,CT,0.45389026395806636,,538,96,5
hRise,mean,D:R@GA,D:R,GA,2.7481348038047972,0.013141260733704122,403,77,5
hRise,sd,D:R@GA,D:R,GA,0.5240399882600598,,403,77,5
hRise,mean,D:R@GC,D:R,GC,3.190817669925926,0.009135122024878282,450,85,5
hRise,sd,D:R@GC,D:R,GC,0.4166480075613932,,450,85,5
hRise,mean,D:R@GG,D:R,GG,2.8286458293023253,0.009866763321151075,430,78,5
hRise,sd,D:R@GG,D:R,GG,0.5479977136552875,,430,78,5
hRise,mean,D:R@GT,D:R,GT,3.120038661650165,0.008383669720178925,505,94,5
hRise,sd,D:R@GT,D:R,GT,0.4485959519973595,,505,94,5
hRise,mean,D:R@TA,D:R,TA,2.484218911019849,0.012353867045474901,487,95,5
hRise,sd,D:R@TA,D:R,TA,0.5582777863864485,,487,95,5
hRise,mean,D:R@TC,D:R,TC,3.0872059065408806,0.012775713096941942,530,98,5
hRise,sd,D:R@TC,D:R,TC,0.4585551157329642,,530,98,5
hRise,mean,D:R@TG,D:R,TG,2.691555485630926,0.012030560658712674,457,87,5
hRise,sd,D:R@TG,D:R,TG,0.5757669706833071,,457,87,5
hRise,mean,D:R@TT,D:R,TT,3.0577900402402403,0.007632077489734787,444,78,5
hRise,sd,D:R@TT,D:R,TT,0.4143642580859575,,444,78,5
hRise,mean,DE|RR@AA,DE|RR,AA,2.974235457777778,0.04856432507977371,30,6,5
hRise,sd,DE|RR@AA,DE|RR,AA,0.5816867443546169,,30,6,5
hRise,mean,DE|RR@AC,DE|RR,AC,3.551602642222222,0.03523803385778262,30,6,5
hRise,sd,DE|RR@AC,DE|RR,AC,0.47762935941424417,,30,6,5
hRise,mean,DE|RR@AG,DE|RR,AG,2.9768620400000003,0.029584113689115076,30,6,5
hRise,sd,DE|RR@AG,DE|RR,AG,0.5716840121196295,,30,6,5
hRise,mean,DE|RR@AT,DE|RR,AT,3.3770796644444445,0.04306928882323192,30,6,5
hRise,sd,DE|RR@AT,DE|RR,AT,0.5270709637329293,,30,6,5
hRise,mean,DE|RR@CA,DE|RR,CA,3.0538880933333328,0.05581449018048694,30,6,5
hRise,sd,DE|RR@CA,DE|RR,CA,0.7816574629237982,,30,6,5
hRise,mean,DE|RR@CC,DE|RR,CC,3.4343295955555555,0.04270255380586506,30,6,5
hRise,sd,DE|RR@CC,DE|RR,CC,0.5189985978672476,,30,6,5
hRise,mean,DE|RR@CG,DE|RR,CG,3.1765409266666667,0.06752066386205037,30,6,5
hRise,sd,DE|RR@CG,DE|RR,CG,0.7617629613476927,,30,6,5
hRise,mean,DE|RR@CT,DE|RR,CT,3.2901258155555557,0.04046384662656933,30,6,5
hRise,sd,DE|RR@CT,DE|RR,CT,0.5620364878582458,,30,6,5
hRise,mean,DE|RR@GA,DE|RR,GA,2.9349522133333332,0.020517016135460794,30,6,5
hRise,sd,DE|RR@GA,DE|RR,GA,0.5484157523670419,,30,6,5
hRise,mean,DE|RR@GC,DE|RR,GC,3.483918928888889,0.01473964889579598,30,6,5
hRise,sd,DE|RR@GC,DE|RR,GC,0.4203565635304768,,30,6,5
hRise,mean,DE|RR@GG,DE|RR,GG,2.9800290666666664,0.03428524510542041,30,6,5
hRise,sd,DE|RR@GG,DE|RR,GG,0.5735022711191214,,30,6,5
hRise,mean,DE|RR@GT,DE|RR,GT,3.3849936422222213,0.02186318300392923,30,6,5
hRise,sd,DE|RR@GT,DE|RR,GT,0.49167719466470317,,30,6,5
hRise,mean,DE|RR@TA,DE|RR,TA,2.893089135555555,0.06844613072568345,30,6,5
hRise,sd,DE|RR@TA,DE|RR,TA,0.6601807310628278,,30,6,5
hRise,mean,DE|RR@TC,DE|RR,TC,3.437995444444444,0.05440110935643547,30,6,5
hRise,sd,DE|RR@TC,DE|RR,TC,0.4391124045995435,,30,6,5
hRise,mean,DE|RR@TG,DE|RR,TG,3.1407038844444433,0.05171295871566039,30,6,5
hRise,sd,DE|RR@TG,DE|RR,TG,0.6139804774069153,,30,6,5
hRise,mean,DE|RR@TT,DE|RR,TT,3.3808848873563218,0.044537808472678374,29,6,5
hRise,sd,DE|RR@TT,DE|RR,TT,0.4313011688612355,,29,6,5
hRise,mean,DM|RR@AA,DM|RR,AA,3.225558993333333,0.04300705688104474,30,6,5
hRise,sd,DM|RR@AA,DM|RR,AA,0.46306372338921825,,30,6,5
hRise,mean,DM|RR@AC,DM|RR,AC,3.1490508955555554,0.0389894011957608,30,6,5
hRise,sd,DM|RR@AC,DM|RR,AC,0.5429133141073359,,30,6,5
hRise,mean,DM|RR@AG,DM|RR,AG,3.2991984844444446,0.04022828562092055,30,6,5
hRise,sd,DM|RR@AG,DM|RR,AG,0.4443961791977766,,30,6,5
hRise,mean,DM|RR@AT,DM|RR,AT,3.2340142577777775,0.021478767094572315,30,6,5
hRise,sd,DM|RR@AT,DM|RR,AT,0.4320306303873583,,30,6,5
hRise,mean,DM|RR@CA,DM|RR,CA,3.1869768977777775,0.03823190755280845,30,6,5
hRise,sd,DM|RR@CA,DM|RR,CA,0.5284010815014316,,30,6,5
hRise,mean,DM|RR@CC,DM|RR,CC,3.0080267711111115,0.03030418680316918,30,6,5
hRise,sd,DM|RR@CC,DM|RR,CC,0.5151559022457294,,30,6,5
hRise,mean,DM|RR@CG,DM|RR,CG,3.6363505911111114,0.05242686947180435,30,6,5
hRise,sd,DM|RR@CG,DM|RR,CG,0.580106735353499,,30,6,5
hRise,mean,DM|RR@CT,DM|RR,CT,3.174589864444445,0.013950334542204526,30,6,5
hRise,sd,DM|RR@CT,DM|RR,CT,0.4459626943467497,,30,6,5
hRise,mean,DM|RR@GA,DM|RR,GA,3.0470695755555557,0.04155577469025214,30,6,5
hRise,sd,DM|RR@GA,DM|RR,GA,0.5013104570024742,,30,6,5
hRise,mean,DM|RR@GC,DM|RR,GC,3.2352997733333333,0.019599860514571753,30,6,5
hRise,sd,DM|RR@GC,DM|RR,GC,0.4223176959850145,,30,6,5
hRise,mean,DM|RR@GG,DM|RR,GG,3.1692527355555558,0.05017277590863216,30,6,5
hRise,sd,DM|RR@GG,DM|RR,GG,0.468465374419441,,30,6,5
hRise,mean,DM|RR@GT,DM|RR,GT,3.190064162222222,0.018163035688620727,30,6,5
hRise,sd,DM|RR@GT,DM|RR,GT,0.4401317742131391,,30,6,5
hRise,mean,DM|RR@TA,DM|RR,TA,3.1043464644444447,0.03121620850486693,30,6,5
hRise,sd,DM|RR@TA,DM|RR,TA,0.5965822473200313,,30,6,5
hRise,mean,DM|RR@TC,DM|RR,TC,3.100603304444444,0.023747597555100645,30,6,5
hRise,sd,DM|RR@TC,DM|RR,TC,0.4175088302573047,,30,6,5
hRise,mean,DM|RR@TG,DM|RR,TG,3.4267565333333336,0.01469399093029188,30,6,5
hRise,sd,DM|RR@TG,DM|RR,TG,0.5504046032297382,,30,6,5
hRise,mean,DM|RR@TT,DM|RR,TT,3.0871734866666656,0.013160555263370394,30,6,5
hRise,sd,DM|RR@TT,DM|RR,TT,0.4129631447762144,,30,6,5
hRise,mean,E:R@AA,E:R,AA,2.2829716664041997,0.023139472447143424,254,42,5
hRise,sd,E:R@AA,E:R,AA,0.7156787796129727,,254,42,5
hRise,mean,E:R@AC,E:R,AC,2.7455195514957267,0.01358147386943201,312,57,5
hRise,sd,E:R@AC,E:R,AC,0.665522981949488,,312,57,5
hRise,mean,E:R@AG,E:R,AG,2.3343243390070922,0.011433726728610462,329,63,5
hRise,sd,E:R@AG,E:R,AG,0.726667066132705,,329,63,5
hRise,mean,E:R@AT,E:R,AT,2.7714166861728398,0.017393418775850045,270,51,5
hRise,sd,E:R@AT,E:R,AT,0.7115757352268473,,270,51,5
hRise,mean,E:R@CA,E:R,CA,2.687471047714604,0.029672010649549642,299,56,5
hRise,sd,E:R@CA,E:R,CA,0.7999627001641619,,299,56,5
hRise,mean,E:R@CC,E:R,CC,2.8682736732121215,0.010930112033601754,275,49,5
hRise,sd,E:R@CC,E:R,CC,0.5973207706982341,,275,49,5
hRise,mean,E:R@CG,E:R,CG,2.868216512,0.022710379576239233,275,49,5
hRise,sd,E:R@CG,E:R,CG,0.8806054296892698,,275,49,5
hRise,mean,E:R@CT,E:R,CT,2.8444814258771927,0.020785805741557584,304,55,5
hRise,sd,E:R@CT,E:R,CT,0.6447078269334046,,304,55,5
hRise,mean,E:R@GA,E:R,GA,2.4057692441471574,0.01643405478547021,299,56,5
hRise,sd,E:R@GA,E:R,GA,0.6330528602887895,,299,56,5
hRise,mean,E:R@GC,E:R,GC,2.8133651567676767,0.012973920314542512,330,62,5
hRise,sd,E:R@GC,E:R,GC,0.6060146083704887,,330,62,5
hRise,mean,E:R@GG,E:R,GG,2.4548198159420287,0.015420789001870218,230,42,5
hRise,sd,E:R@GG,E:R,GG,0.6282672909127504,,230,42,5
hRise,mean,E:R@GT,E:R,GT,2.65683744042838,0.020130436195012515,249,46,5
hRise,sd,E:R@GT,E:R,GT,0.691395676296943,,249,46,5
hRise,mean,E:R@TA,E:R,TA,2.476065910299004,0.024446764445632846,301,56,5
hRise,sd,E:R@TA,E:R,TA,0.7048928318337533,,301,56,5
hRise,mean,E:R@TC,E:R,TC,2.7324294430555556,0.017409338802560365,240,44,5
hRise,sd,E:R@TC,E:R,TC,0.6294674028077031,,240,44,5
hRise,mean,E:R@TG,E:R,TG,2.6806925354094577,0.02411646729572533,289,57,5
hRise,sd,E:R@TG,E:R,TG,0.7923209406008236,,289,57,5
hRise,mean,E:R@TT,E:R,TT,2.7009964504242423,0.018721483301074527,275,46,5
hRise,sd,E:R@TT,E:R,TT,0.6563106143624454,,275,46,5
hRise,mean,ED|RR@AA,ED|RR,AA,2.387741826666667,0.07002731935328459,30,6,5
hRise,sd,ED|RR@AA,ED|RR,AA,0.593171325090998,,30,6,5
hRise,mean,ED|RR@AC,ED|RR,AC,2.7946411333333336,0.016406478191076355,29,6,5
hRise,sd,ED|RR@AC,ED|RR,AC,0.5812169424308834,,29,6,5
hRise,mean,ED|RR@AG,ED|RR,AG,2.4396110155555557,0.011760406295713913,30,6,5
hRise,sd,ED|RR@AG,ED|RR,AG,0.5846711497542364,,30,6,5
hRise,mean,ED|RR@AT,ED|RR,AT,2.8153816444444453,0.03841648268839005,30,6,5
hRise,sd,ED|RR@AT,ED|RR,AT,0.5703968945110025,,30,6,5
hRise,mean,ED|RR@CA,ED|RR,CA,2.7465041822222225,0.064978869622646,30,6,5
hRise,sd,ED|RR@CA,ED|RR,CA,0.6624913366961995,,30,6,5
hRise,mean,ED|RR@CC,ED|RR,CC,2.710485128888889,0.029956534951274587,30,6,5
hRise,sd,ED|RR@CC,ED|RR,CC,0.5548182635042223,,30,6,5
hRise,mean,ED|RR@CG,ED|RR,CG,2.8349836266666673,0.08204011133897032,30,6,5
hRise,sd,ED|RR@CG,ED|RR,CG,0.7068799652720406,,30,6,5
hRise,mean,ED|RR@CT,ED|RR,CT,2.6797774955555558,0.027335755962024352,30,6,5
hRise,sd,ED|RR@CT,ED|RR,CT,0.539709177633234,,30,6,5
hRise,mean,ED|RR@GA,ED|RR,GA,2.558201155555556,0.01434391471494767,30,6,5
hRise,sd,ED|RR@GA,ED|RR,GA,0.534859630880397,,30,6,5
hRise,mean,ED|RR@GC,ED|RR,GC,2.8611580133333328,0.016764342909294166,30,6,5
hRise,sd,ED|RR@GC,ED|RR,GC,0.5260062471056961,,30,6,5
hRise,mean,ED|RR@GG,ED|RR,GG,2.5952331488888887,0.039967796665143024,30,6,5
hRise,sd,ED|RR@GG,ED|RR,GG,0.5391450597708636,,30,6,5
hRise,mean,ED|RR@GT,ED|RR,GT,2.7716632711111107,0.027443855247761287,30,6,5
hRise,sd,ED|RR@GT,ED|RR,GT,0.5813291848202694,,30,6,5
hRise,mean,ED|RR@TA,ED|RR,TA,2.348745820689656,0.09068969947785147,29,6,5
hRise,sd,ED|RR@TA,ED|RR,TA,0.5533264216409125,,29,6,5
hRise,mean,ED|RR@TC,ED|RR,TC,2.670299864444444,0.038480933531614615,30,6,5
hRise,sd,ED|RR@TC,ED|RR,TC,0.5336386284498895,,30,6,5
hRise,mean,ED|RR@TG,ED|RR,TG,2.5574468111111113,0.07459929940556106,30,6,5
hRise,sd,ED|RR@TG,ED|RR,TG,0.576583494066886,,30,6,5
hRise,mean,ED|RR@TT,ED|RR,TT,2.5786970400000007,0.01895530929449621,30,6,5
hRise,sd,ED|RR@TT,ED|RR,TT,0.5467187729573584,,30,6,5
hRise,mean,M:R@AA,M:R,AA,2.3120413258666668,0.0107697994464634,250,42,5
hRise,sd,M:R@AA,M:R,AA,0.5495302397203262,,250,42,5
hRise,mean,M:R@AC,M:R,AC,2.707380159333333,0.012971844912577565,300,55,5
hRise,sd,M:R@AC,M:R,AC,0.5742826538557637,,300,55,5
hRise,mean,M:R@AG,M:R,AG,2.384617968571429,0.011553454671192204,280,55,5
hRise,sd,M:R@AG,M:R,AG,0.5608735131856232,,280,55,5
hRise,mean,M:R@AT,M:R,AT,2.846382636363636,0.012087916048092099,275,53,5
hRise,sd,M:R@AT,M:R,AT,0.5344601034525952,,275,53,5
hRise,mean,M:R@CA,M:R,CA,2.4663967564444444,0.02047353941698101,300,54,5
hRise,sd,M:R@CA,M:R,CA,0.5574604591196485,,300,54,5
hRise,mean,M:R@CC,M:R,CC,2.6014853653333336,0.012957126084183581,300,53,5
hRise,sd,M:R@CC,M:R,CC,0.5591193033632509,,300,53,5
hRise,mean,M:R@CG,M:R,CG,2.7148409104093565,0.022924009504255764,285,51,5
hRise,sd,M:R@CG,M:R,CG,0.6199704970835143,,285,51,5
hRise,mean,M:R@CT,M:R,CT,2.71880322259887,0.013266120085630044,295,50,5
hRise,sd,M:R@CT,M:R,CT,0.5482766240554278,,295,50,5
hRise,mean,M:R@GA,M:R,GA,2.2956086704761907,0.013373663365166426,315,60,5
hRise,sd,M:R@GA,M:R,GA,0.5341429135249185,,315,60,5
hRise,mean,M:R@GC,M:R,GC,2.7563331730864196,0.013452811787468594,270,50,5
hRise,sd,M:R@GC,M:R,GC,0.5312943262881932,,270,50,5
hRise,mean,M:R@GG,M:R,GG,2.43140537871345,0.012888900403054926,285,50,5
hRise,sd,M:R@GG,M:R,GG,0.5306786029781053,,285,50,5
hRise,mean,M:R@GT,M:R,GT,2.762360743555556,0.0152175174325885,300,57,5
hRise,sd,M:R@GT,M:R,GT,0.5564715060883817,,300,57,5
hRise,mean,M:R@TA,M:R,TA,2.315764536220472,0.015293685956441611,254,49,5
hRise,sd,M:R@TA,M:R,TA,0.4964167535591906,,254,49,5
hRise,mean,M:R@TC,M:R,TC,2.5919298467759564,0.01760389463374171,305,56,5
hRise,sd,M:R@TC,M:R,TC,0.5234872472169527,,305,56,5
hRise,mean,M:R@TG,M:R,TG,2.5538123901895204,0.01689745403398395,299,56,5
hRise,sd,M:R@TG,M:R,TG,0.5371427544918362,,299,56,5
hRise,mean,M:R@TT,M:R,TT,2.6980356925170073,0.015141668918163311,245,44,5
hRise,sd,M:R@TT,M:R,TT,0.5227196497553731,,245,44,5
hRise,mean,MD|RR@AA,MD|RR,AA,2.1370137466666668,0.03157471220307093,30,6,5
hRise,sd,MD|RR@AA,MD|RR,AA,0.605827257642732,,30,6,5
hRise,mean,MD|RR@AC,MD|RR,AC,2.3686673777777774,0.030090592629692138,30,6,5
hRise,sd,MD|RR@AC,MD|RR,AC,0.6575240592092638,,30,6,5
hRise,mean,MD|RR@AG,MD|RR,AG,2.1644328355555555,0.0253721262936617,30,6,5
hRise,sd,MD|RR@AG,MD|RR,AG,0.5897930138010758,,30,6,5
hRise,mean,MD|RR@AT,MD|RR,AT,2.395930964444444,0.03405997306815907,30,6,5
hRise,sd,MD|RR@AT,MD|RR,AT,0.5834676683390417,,30,6,5
hRise,mean,MD|RR@CA,MD|RR,CA,2.105873768888889,0.027608261189100237,30,6,5
hRise,sd,MD|RR@CA,MD|RR,CA,0.5532088741634045,,30,6,5
hRise,mean,MD|RR@CC,MD|RR,CC,2.2683391088888887,0.0656248688877505,30,6,5
hRise,sd,MD|RR@CC,MD|RR,CC,0.6688001777003182,,30,6,5
hRise,mean,MD|RR@CG,MD|RR,CG,2.3821653711111113,0.02918968711817634,30,6,5
hRise,sd,MD|RR@CG,MD|RR,CG,0.7206755802062641,,30,6,5
hRise,mean,MD|RR@CT,MD|RR,CT,2.4084780911111117,0.033507134611142575,30,6,5
hRise,sd,MD|RR@CT,MD|RR,CT,0.5893833984786107,,30,6,5
hRise,mean,MD|RR@GA,MD|RR,GA,2.0544746244444445,0.05308855381653616,30,6,5
hRise,sd,MD|RR@GA,MD|RR,GA,0.6020018822873452,,30,6,5
hRise,mean,MD|RR@GC,MD|RR,GC,2.616395657777778,0.031997152189888654,30,6,5
hRise,sd,MD|RR@GC,MD|RR,GC,0.5760334975952806,,30,6,5
hRise,mean,MD|RR@GG,MD|RR,GG,2.144763302222222,0.02151383893556641,30,6,5
hRise,sd,MD|RR@GG,MD|RR,GG,0.5819539348596374,,30,6,5
hRise,mean,MD|RR@GT,MD|RR,GT,2.5031823777777777,0.027187908498003243,30,6,5
hRise,sd,MD|RR@GT,MD|RR,GT,0.5586211663182493,,30,6,5
hRise,mean,MD|RR@TA,MD|RR,TA,2.014190611111111,0.0377795645960074,30,6,5
hRise,sd,MD|RR@TA,MD|RR,TA,0.49686830477880195,,30,6,5
hRise,mean,MD|RR@TC,MD|RR,TC,2.320726411111111,0.03573337039675842,30,6,5
hRise,sd,MD|RR@TC,MD|RR,TC,0.5960918584606659,,30,6,5
hRise,mean,MD|RR@TG,MD|RR,TG,2.1968775222222225,0.04001670266176733,30,6,5
hRise,sd,MD|RR@TG,MD|RR,TG,0.5100803848191301,,30,6,5
hRise,mean,MD|RR@TT,MD|RR,TT,2.3603618533333335,0.02347635452062542,30,6,5
hRise,sd,MD|RR@TT,MD|RR,TT,0.5719358082569712,,30,6,5
hRise,mean,R:R@AA,R:R,AA,2.579608453497942,0.014161608355646376,162,25,5
hRise,sd,R:R@AA,R:R,AA,0.5586300890181635,,162,25,5
hRise,mean,R:R@AC,R:R,AC,2.8870179093495936,0.00843238971040011,164,29,5
hRise,sd,R:R@AC,R:R,AC,0.5007137366923827,,164,29,5
hRise,mean,R:R@AG,R:R,AG,2.6458074020325206,0.011555542158351358,164,32,5
hRise,sd,R:R@AG,R:R,AG,0.5564896219351799,,164,32,5
hRise,mean,R:R@AT,R:R,AT,2.822746415757576,0.007993553919876504,165,31,5
hRise,sd,R:R@AT,R:R,AT,0.5098870739255693,,165,31,5
hRise,mean,R:R@CA,R:R,CA,2.6865753292682926,0.01860971413419904,164,30,5
hRise,sd,R:R@CA,R:R,CA,0.5937785584759658,,164,30,5
hRise,mean,R:R@CC,R:R,CC,2.7049487151515152,0.008813936290647882,165,30,5
hRise,sd,R:R@CC,R:R,CC,0.5063636264917164,,165,30,5
hRise,mean,R:R@CG,R:R,CG,2.891793093737374,0.021736931177429596,165,28,5
hRise,sd,R:R@CG,R:R,CG,0.6338584594913188,,165,28,5
hRise,mean,R:R@CT,R:R,CT,2.6311772915187377,0.010356960434230794,169,28,5
hRise,sd,R:R@CT,R:R,CT,0.5586277871738655,,169,28,5
hRise,mean,R:R@GA,R:R,GA,2.653564593535354,0.00839000986497872,165,31,5
hRise,sd,R:R@GA,R:R,GA,0.5006471831287809,,165,31,5
hRise,mean,R:R@GC,R:R,GC,3.0160990444444447,0.005124307701143816,165,30,5
hRise,sd,R:R@GC,R:R,GC,0.42535861448970924,,165,30,5
hRise,mean,R:R@GG,R:R,GG,2.684011935010482,0.008853927468698885,159,28,5
hRise,sd,R:R@GG,R:R,GG,0.5010040756144944,,159,28,5
hRise,mean,R:R@GT,R:R,GT,2.877987054141414,0.009581354653887392,165,30,5
hRise,sd,R:R@GT,R:R,GT,0.5226008245069244,,165,30,5
hRise,mean,R:R@TA,R:R,TA,2.453669818181818,0.01662682367876991,165,31,5
hRise,sd,R:R@TA,R:R,TA,0.5337376329955925,,165,31,5
hRise,mean,R:R@TC,R:R,TC,2.6424582540650405,0.009592823900634729,164,30,5
hRise,sd,R:R@TC,R:R,TC,0.5022815673797777,,164,30,5
hRise,mean,R:R@TG,R:R,TG,2.678217183333333,0.017326360224510482,168,32,5
hRise,sd,R:R@TG,R:R,TG,0.5978333029069288,,168,32,5
hRise,mean,R:R@TT,R:R,TT,2.5760534259958074,0.011006334201176889,159,28,5
hRise,sd,R:R@TT,R:R,TT,0.547372755502433,,159,28,5
hTip,mean,D:R@AA,D:R,AA,5.797267092955325,0.27020183135970816,388,65,5
hTip,sd,D:R@AA,D:R,AA,10.449222323660546,,388,65,5
hTip,mean,D:R@AC,D:R,AC,-0.5292543346007605,0.18572750057902562,526,97,5
hTip,sd,D:R@AC,D:R,AC,8.554180386313972,,526,97,5
hTip,mean,D:R@AG,D:R,AG,7.185177328270043,0.3492714747065464,395,76,5
hTip,sd,D:R@AG,D:R,AG,9.969929272861549,,395,76,5
hTip,mean,D:R@AT,D:R,AT,0.37778038503086425,0.2183543744936466,432,82,5
hTip,sd,D:R@AT,D:R,AT,8.865848462036427,,432,82,5
hTip,mean,D:R@CA,D:R,CA,4.431830291014493,0.2590530976970741,460,86,5
hTip,sd,D:R@CA,D:R,CA,9.508624800551912,,460,86,5
hTip,mean,D:R@CC,D:R,CC,0.6563146859292701,0.19435437817978693,443,80,5
hTip,sd,D:R@CC,D:R,CC,8.943028329803319,,443,80,5
hTip,mean,D:R@CG,D:R,CG,8.355215770485437,0.26553457966967836,515,92,5
hTip,sd,D:R@CG,D:R,CG,9.773916184595123,,515,92,5
hTip,mean,D:R@CT,D:R,CT,1.7980503328376705,0.18743787775076926,538,96,5
hTip,sd,D:R@CT,D:R,CT,8.657066305391618,,538,96,5
hTip,mean,D:R@GA,D:R,GA,4.358449380976013,0.25303659818693275,403,77,5
hTip,sd,D:R@GA,D:R,GA,9.617662916683209,,403,77,5
hTip,mean,D:R@GC,D:R,GC,-1.9973882865185184,0.13280529861564325,450,85,5
hTip,sd,D:R@GC,D:R,GC,7.845306154838836,,450,85,5
hTip,mean,D:R@GG,D:R,GG,3.84567412620155,0.20847359688653302,430,78,5
hTip,sd,D:R@GG,D:R,GG,9.10691082988637,,430,78,5
hTip,mean,D:R@GT,D:R,GT,-1.1872300724752474,0.1426871709086347,505,94,5
hTip,sd,D:R@GT,D:R,GT,8.41126370478863,,505,94,5
hTip,mean,D:R@TA,D:R,TA,4.496746865845312,0.2446090469076694,487,95,5
hTip,sd,D:R@TA,D:R,TA,9.61778929501158,,487,95,5
hTip,mean,D:R@TC,D:R,TC,-0.9429681218867924,0.20672967795935462,530,98,5
hTip,sd,D:R@TC,D:R,TC,8.385565557309555,,530,98,5
hTip,mean,D:R@TG,D:R,TG,7.465749010503282,0.23757483863931492,457,87,5
hTip,sd,D:R@TG,D:R,TG,9.22724241463569,,457,87,5
hTip,mean,D:R@TT,D:R,TT,0.3286222785285285,0.19363787235801544,444,78,5
hTip,sd,D:R@TT,D:R,TT,8.53989505548425,,444,78,5
hTip,mean,DE|RR@AA,DE|RR,AA,6.771243544444442,0.30083976757027003,30,6,5
hTip,sd,DE|RR@AA,DE|RR,AA,9.361045630426704,,30,6,5
hTip,mean,DE|RR@AC,DE|RR,AC,4.194667535555555,0.4701445429064196,30,6,5
hTip,sd,DE|RR@AC,DE|RR,AC,8.138968667998926,,30,6,5
hTip,mean,DE|RR@AG,DE|RR,AG,5.7881443955555545,0.40072318356312425,30,6,5
hTip,sd,DE|RR@AG,DE|RR,AG,9.385304539330463,,30,6,5
hTip,mean,DE|RR@AT,DE|RR,AT,2.7844661444444445,0.41016499283337504,30,6,5
hTip,sd,DE|RR@AT,DE|RR,AT,8.217059863209558,,30,6,5
hTip,mean,DE|RR@CA,DE|RR,CA,6.279219106666665,0.6008080408396191,30,6,5
hTip,sd,DE|RR@CA,DE|RR,CA,8.744986871713051,,30,6,5
hTip,mean,DE|RR@CC,DE|RR,CC,4.566371326666667,0.3556662961111479,30,6,5
hTip,sd,DE|RR@CC,DE|RR,CC,8.199891812183505,,30,6,5
hTip,mean,DE|RR@CG,DE|RR,CG,7.323259615555556,0.35424651526297063,30,6,5
hTip,sd,DE|RR@CG,DE|RR,CG,10.114904011622235,,30,6,5
hTip,mean,DE|RR@CT,DE|RR,CT,3.2352606199999996,0.3947719813185106,30,6,5
hTip,sd,DE|RR@CT,DE|RR,CT,7.828097220951639,,30,6,5
hTip,mean,DE|RR@GA,DE|RR,GA,3.7213364066666665,0.2940896098897494,30,6,5
hTip,sd,DE|RR@GA,DE|RR,GA,8.560185315049795,,30,6,5
hTip,mean,DE|RR@GC,DE|RR,GC,1.8351004844444445,0.24890899131915534,30,6,5
hTip,sd,DE|RR@GC,DE|RR,GC,7.397294193076467,,30,6,5
hTip,mean,DE|RR@GG,DE|RR,GG,2.7292732777777777,0.3072926515954295,30,6,5
hTip,sd,DE|RR@GG,DE|RR,GG,8.586328886318997,,30,6,5
hTip,mean,DE|RR@GT,DE|RR,GT,1.062453491111111,0.34937453093684817,30,6,5
hTip,sd,DE|RR@GT,DE|RR,GT,7.963236932120755,,30,6,5
hTip,mean,DE|RR@TA,DE|RR,TA,7.310253195555556,0.7351916105640381,30,6,5
hTip,sd,DE|RR@TA,DE|RR,TA,8.646612803453937,,30,6,5
hTip,mean,DE|RR@TC,DE|RR,TC,3.729241042222222,0.694274939475788,30,6,5
hTip,sd,DE|RR@TC,DE|RR,TC,7.7382285537827515,,30,6,5
hTip,mean,DE|RR@TG,DE|RR,TG,8.335356315555556,0.6044391471263573,30,6,5
hTip,sd,DE|RR@TG,DE|RR,TG,8.62187731388687,,30,6,5
hTip,mean,DE|RR@TT,DE|RR,TT,4.086869627586207,0.6149830912065211,29,6,5
hTip,sd,DE|RR@TT,DE|RR,TT,7.856406607029049,,29,6,5
hTip,mean,DM|RR@AA,DM|RR,AA,7.621320002222222,0.7266973250454246,30,6,5
hTip,sd,DM|RR@AA,DM|RR,AA,7.857316793188817,,30,6,5
hTip,mean,DM|RR@AC,DM|RR,AC,-3.051037442222222,0.2822725493526404,30,6,5
hTip,sd,DM|RR@AC,DM|RR,AC,7.487382668066141,,30,6,5
hTip,mean,DM|RR@AG,DM|RR,AG,9.125090828888888,0.5778275154700508,30,6,5
hTip,sd,DM|RR@AG,DM|RR,AG,7.967585730789259,,30,6,5
hTip,mean,DM|RR@AT,DM|RR,AT,0.16438880888888885,0.47146116925759524,30,6,5
hTip,sd,DM|RR@AT,DM|RR,AT,7.909295655293695,,30,6,5
hTip,mean,DM|RR@CA,DM|RR,CA,11.576372784444446,0.7245703245097848,30,6,5
hTip,sd,DM|RR@CA,DM|RR,CA,7.506608891617873,,30,6,5
hTip,mean,DM|RR@CC,DM|RR,CC,-1.1808619711111112,0.2869961746315184,30,6,5
hTip,sd,DM|RR@CC,DM|RR,CC,7.976906292044235,,30,6,5
hTip,mean,DM|RR@CG,DM|RR,CG,16.37161306222222,0.7312041072437581,30,6,5
hTip,sd,DM|RR@CG,DM|RR,CG,7.544858847588956,,30,6,5
hTip,mean,DM|RR@CT,DM|RR,CT,0.45856764666666666,0.37116295903562246,30,6,5
hTip,sd,DM|RR@CT,DM|RR,CT,7.789798344028755,,30,6,5
hTip,mean,DM|RR@GA,DM|RR,GA,5.252084211111112,0.4788382410631029,30,6,5
hTip,sd,DM|RR@GA,DM|RR,GA,7.96615427386062,,30,6,5
hTip,mean,DM|RR@GC,DM|RR,GC,-3.846241555555556,0.37062471390123786,30,6,5
hTip,sd,DM|RR@GC,DM|RR,GC,7.60037206986421,,30,6,5
hTip,mean,DM|RR@GG,DM|RR,GG,5.912504611111112,0.9407051570708729,30,6,5
hTip,sd,DM|RR@GG,DM|RR,GG,7.384474662851518,,30,6,5
hTip,mean,DM|RR@GT,DM|RR,GT,-2.532766804444444,0.5964442699600713,30,6,5
hTip,sd,DM|RR@GT,DM|RR,GT,7.223089832057999,,30,6,5
hTip,mean,DM|RR@TA,DM|RR,TA,9.351425633333333,0.8238555079161429,30,6,5
hTip,sd,DM|RR@TA,DM|RR,TA,8.065173870319216,,30,6,5
hTip,mean,DM|RR@TC,DM|RR,TC,-2.813894326666666,0.39154546878276025,30,6,5
hTip,sd,DM|RR@TC,DM|RR,TC,7.402938560639325,,30,6,5
hTip,mean,DM|RR@TG,DM|RR,TG,13.930386791111111,0.5645654694379152,30,6,5
hTip,sd,DM|RR@TG,DM|RR,TG,7.4571849398224686,,30,6,5
hTip,mean,DM|RR@TT,DM|RR,TT,-0.3270337466666666,0.7795814455477986,30,6,5
hTip,sd,DM|RR@TT,DM|RR,TT,7.564469820871437,,30,6,5
hTip,mean,E:R@AA,E:R,AA,-2.94916448136483,0.36954608375755144,254,42,5
hTip,sd,E:R@AA,E:R,AA,11.699820999930386,,254,42,5
hTip,mean,E:R@AC,E:R,AC,-0.9682306299145299,0.14674453441311106,312,57,5
hTip,sd,E:R@AC,E:R,AC,10.0874120091059,,312,57,5
hTip,mean,E:R@AG,E:R,AG,-3.4949036160081057,0.3186998285932216,329,63,5
hTip,sd,E:R@AG,E:R,AG,11.176393653303112,,329,63,5
hTip,mean,E:R@AT,E:R,AT,-1.8340202404938268,0.2542353704794137,270,51,5
hTip,sd,E:R@AT,E:R,AT,10.845052211279008,,270,51,5
hTip,mean,E:R@CA,E:R,CA,-5.135497948049053,0.2810737433993739,299,56,5
hTip,sd,E:R@CA,E:R,CA,10.609972121994428,,299,56,5
hTip,mean,E:R@CC,E:R,CC,-4.4558935410909095,0.17492958963660257,275,49,5
hTip,sd,E:R@CC,E:R,CC,9.128955262758708,,275,49,5
hTip,mean,E:R@CG,E:R,CG,-9.335450862545455,0.34545584489953884,275,49,5
hTip,sd,E:R@CG,E:R,CG,10.958743572112194,,275,49,5
hTip,mean,E:R@CT,E:R,CT,-5.440248826973684,0.24879345650959953,304,55,5
hTip,sd,E:R@CT,E:R,CT,10.078645339863062,,304,55,5
hTip,mean,E:R@GA,E:R,GA,-0.31781488784838346,0.21778681867529542,299,56,5
hTip,sd,E:R@GA,E:R,GA,10.28834475508763,,299,56,5
hTip,mean,E:R@GC,E:R,GC,-1.1751803323232324,0.08014800368223517,330,62,5
hTip,sd,E:R@GC,E:R,GC,8.895523911147997,,330,62,5
hTip,mean,E:R@GG,E:R,GG,-1.6901474281159425,0.255876163953557,230,42,5
hTip,sd,E:R@GG,E:R,GG,9.762459142128359,,230,42,5
hTip,mean,E:R@GT,E:R,GT,-2.168403692904953,0.19235481492102885,249,46,5
hTip,sd,E:R@GT,E:R,GT,9.707639463588707,,249,46,5
hTip,mean,E:R@TA,E:R,TA,-3.805363569878184,0.23764941755216978,301,56,5
hTip,sd,E:R@TA,E:R,TA,9.9429265934604,,301,56,5
hTip,mean,E:R@TC,E:R,TC,-5.617694281388889,0.26427595999814973,240,44,5
hTip,sd,E:R@TC,E:R,TC,9.378787437470471,,240,44,5
hTip,mean,E:R@TG,E:R,TG,-6.305287905420992,0.29530446104460456,289,57,5
hTip,sd,E:R@TG,E:R,TG,10.377188384650333,,289,57,5
hTip,mean,E:R@TT,E:R,TT,-3.413902629575758,0.33598872757236514,275,46,5
hTip,sd,E:R@TT,E:R,TT,9.956657491148318,,275,46,5
hTip,mean,ED|RR@AA,ED|RR,AA,0.2319764088888889,0.9446345026363488,30,6,5
hTip,sd,ED|RR@AA,ED|RR,AA,11.505537436764492,,30,6,5
hTip,mean,ED|RR@AC,ED|RR,AC,-3.5574795655172413,0.4016924688712685,29,6,5
hTip,sd,ED|RR@AC,ED|RR,AC,9.453026174638204,,29,6,5
hTip,mean,ED|RR@AG,ED|RR,AG,-0.35977318888888893,0.5481975113418578,30,6,5
hTip,sd,ED|RR@AG,ED|RR,AG,10.701973866391809,,30,6,5
hTip,mean,ED|RR@AT,ED|RR,AT,-3.8770758955555564,0.43560179340355054,30,6,5
hTip,sd,ED|RR@AT,ED|RR,AT,9.892603503089466,,30,6,5
hTip,mean,ED|RR@CA,ED|RR,CA,-2.662152006666667,0.4750789566584044,30,6,5
hTip,sd,ED|RR@CA,ED|RR,CA,9.77749800949821,,30,6,5
hTip,mean,ED|RR@CC,ED|RR,CC,-6.189146715555555,0.6240464352170871,30,6,5
hTip,sd,ED|RR@CC,ED|RR,CC,8.761402266290231,,30,6,5
hTip,mean,ED|RR@CG,ED|RR,CG,-3.2967226444444444,0.6537478516226254,30,6,5
hTip,sd,ED|RR@CG,ED|RR,CG,9.848220118334668,,30,6,5
hTip,mean,ED|RR@CT,ED|RR,CT,-5.119844713333334,0.4999827821073624,30,6,5
hTip,sd,ED|RR@CT,ED|RR,CT,9.371892095345435,,30,6,5
hTip,mean,ED|RR@GA,ED|RR,GA,0.5606695777777777,0.713374695073399,30,6,5
hTip,sd,ED|RR@GA,ED|RR,GA,9.641865371891006,,30,6,5
hTip,mean,ED|RR@GC,ED|RR,GC,-3.5352377555555563,0.49843374933101947,30,6,5
hTip,sd,ED|RR@GC,ED|RR,GC,8.66064233895936,,30,6,5
hTip,mean,ED|RR@GG,ED|RR,GG,-0.02592786444444436,0.7720807465392175,30,6,5
hTip,sd,ED|RR@GG,ED|RR,GG,8.821255496293649,,30,6,5
hTip,mean,ED|RR@GT,ED|RR,GT,-4.925654582222221,0.6274740180923996,30,6,5
hTip,sd,ED|RR@GT,ED|RR,GT,9.008437848525466,,30,6,5
hTip,mean,ED|RR@TA,ED|RR,TA,-0.7167306850574713,0.6989290963497502,29,6,5
hTip,sd,ED|RR@TA,ED|RR,TA,9.074253849605798,,29,6,5
hTip,mean,ED|RR@TC,ED|RR,TC,-6.912080808888889,0.6319768873226681,30,6,5
hTip,sd,ED|RR@TC,ED|RR,TC,8.770222331651995,,30,6,5
hTip,mean,ED|RR@TG,ED|RR,TG,-3.039669015555555,0.9023956422837535,30,6,5
hTip,sd,ED|RR@TG,ED|RR,TG,9.210116960940208,,30,6,5
hTip,mean,ED|RR@TT,ED|RR,TT,-5.784382751111111,0.8023785489139235,30,6,5
hTip,sd,ED|RR@TT,ED|RR,TT,9.423919693317604,,30,6,5
hTip,mean,M:R@AA,M:R,AA,1.0645769520000001,0.1821738288499289,250,42,5
hTip,sd,M:R@AA,M:R,AA,9.179711283522053,,250,42,5
hTip,mean,M:R@AC,M:R,AC,-3.2892681191111106,0.123147396088217,300,55,5
hTip,sd,M:R@AC,M:R,AC,8.681331152508013,,300,55,5
hTip,mean,M:R@AG,M:R,AG,1.298613930952381,0.2927419217116354,280,55,5
hTip,sd,M:R@AG,M:R,AG,9.338942625385059,,280,55,5
hTip,mean,M:R@AT,M:R,AT,-1.0743461338181817,0.2087641264942328,275,53,5
hTip,sd,M:R@AT,M:R,AT,8.958865709155589,,275,53,5
hTip,mean,M:R@CA,M:R,CA,2.352564473111111,0.2265368731884489,300,54,5
hTip,sd,M:R@CA,M:R,CA,7.723831711766355,,300,54,5
hTip,mean,M:R@CC,M:R,CC,-2.6512322537777777,0.22438224907427506,300,53,5
hTip,sd,M:R@CC,M:R,CC,8.14065161825521,,300,53,5
hTip,mean,M:R@CG,M:R,CG,2.721651464561403,0.33121372085074074,285,51,5
hTip,sd,M:R@CG,M:R,CG,8.453896478257207,,285,51,5
hTip,mean,M:R@CT,M:R,CT,-0.3417927066666666,0.2732775997820234,295,50,5
hTip,sd,M:R@CT,M:R,CT,8.657682709801481,,295,50,5
hTip,mean,M:R@GA,M:R,GA,0.979633228994709,0.14628820524866584,315,60,5
hTip,sd,M:R@GA,M:R,GA,8.122478934502261,,315,60,5
hTip,mean,M:R@GC,M:R,GC,-4.927552514074074,0.14377485985157556,270,50,5
hTip,sd,M:R@GC,M:R,GC,7.923886776978433,,270,50,5
hTip,mean,M:R@GG,M:R,GG,0.14652654269005844,0.2530544735402326,285,50,5
hTip,sd,M:R@GG,M:R,GG,7.907078994537251,,285,50,5
hTip,mean,M:R@GT,M:R,GT,-4.035218560888889,0.17474847658860138,300,57,5
hTip,sd,M:R@GT,M:R,GT,8.205946828040108,,300,57,5
hTip,mean,M:R@TA,M:R,TA,1.4736400496062991,0.2784807098517354,254,49,5
hTip,sd,M:R@TA,M:R,TA,7.485304058480636,,254,49,5
hTip,mean,M:R@TC,M:R,TC,-5.090751628852459,0.2612934008483282,305,56,5
hTip,sd,M:R@TC,M:R,TC,8.422941721608504,,305,56,5
hTip,mean,M:R@TG,M:R,TG,0.8019821059085842,0.3387054567085776,299,56,5
hTip,sd,M:R@TG,M:R,TG,7.664729270027499,,299,56,5
hTip,mean,M:R@TT,M:R,TT,-0.6207507349659864,0.36834921047176916,245,44,5
hTip,sd,M:R@TT,M:R,TT,8.543750904235276,,245,44,5
hTip,mean,MD|RR@AA,MD|RR,AA,-0.9449713044444444,0.4240777521058738,30,6,5
hTip,sd,MD|RR@AA,MD|RR,AA,10.639031577941147,,30,6,5
hTip,mean,MD|RR@AC,MD|RR,AC,-5.705653068888889,0.46778429018713447,30,6,5
hTip,sd,MD|RR@AC,MD|RR,AC,9.658645748763654,,30,6,5
hTip,mean,MD|RR@AG,MD|RR,AG,-0.53256242,0.493880436854092,30,6,5
hTip,sd,MD|RR@AG,MD|RR,AG,10.600917318110813,,30,6,5
hTip,mean,MD|RR@AT,MD|RR,AT,-4.56645036888889,0.23270638338948826,30,6,5
hTip,sd,MD|RR@AT,MD|RR,AT,9.41354408531703,,30,6,5
hTip,mean,MD|RR@CA,MD|RR,CA,-1.9316822777777778,0.5727399017122774,30,6,5
hTip,sd,MD|RR@CA,MD|RR,CA,9.102951446407682,,30,6,5
hTip,mean,MD|RR@CC,MD|RR,CC,-6.191669935555557,0.7588693532423909,30,6,5
hTip,sd,MD|RR@CC,MD|RR,CC,9.503656185331375,,30,6,5
hTip,mean,MD|RR@CG,MD|RR,CG,-0.06801943111111113,0.9573286559837796,30,6,5
hTip,sd,MD|RR@CG,MD|RR,CG,10.155115112090089,,30,6,5
hTip,mean,MD|RR@CT,MD|RR,CT,-4.426065224444444,0.7228056090556366,30,6,5
hTip,sd,MD|RR@CT,MD|RR,CT,9.560495250435647,,30,6,5
hTip,mean,MD|RR@GA,MD|RR,GA,1.8735792577777777,0.4368649278264153,30,6,5
hTip,sd,MD|RR@GA,MD|RR,GA,9.64375074314255,,30,6,5
hTip,mean,MD|RR@GC,MD|RR,GC,-4.860710253333334,0.36975431608382847,30,6,5
hTip,sd,MD|RR@GC,MD|RR,GC,8.382073970850922,,30,6,5
hTip,mean,MD|RR@GG,MD|RR,GG,0.021855160000000005,0.68252353514443,30,6,5
hTip,sd,MD|RR@GG,MD|RR,GG,8.86832651877474,,30,6,5
hTip,mean,MD|RR@GT,MD|RR,GT,-5.453464124444445,0.20595673659649208,30,6,5
hTip,sd,MD|RR@GT,MD|RR,GT,8.810069370391508,,30,6,5
hTip,mean,MD|RR@TA,MD|RR,TA,0.44314561111111106,0.5966270366164329,30,6,5
hTip,sd,MD|RR@TA,MD|RR,TA,9.319089716205545,,30,6,5
hTip,mean,MD|RR@TC,MD|RR,TC,-6.6323919177777775,0.9279168101602453,30,6,5
hTip,sd,MD|RR@TC,MD|RR,TC,9.178530837200833,,30,6,5
hTip,mean,MD|RR@TG,MD|RR,TG,0.00755768444444449,0.7321310942257873,30,6,5
hTip,sd,MD|RR@TG,MD|RR,TG,8.736395709420112,,30,6,5
hTip,mean,MD|RR@TT,MD|RR,TT,-6.808255255555556,0.8298477171671569,30,6,5
hTip,sd,MD|RR@TT,MD|RR,TT,9.615025716008795,,30,6,5
hTip,mean,R:R@AA,R:R,AA,0.8940962650205763,0.19077823549712306,162,25,5
hTip,sd,R:R@AA,R:R,AA,9.733384421340496,,162,25,5
hTip,mean,R:R@AC,R:R,AC,0.6747666975609755,0.11217515229837825,164,29,5
hTip,sd,R:R@AC,R:R,AC,8.569706809811612,,164,29,5
hTip,mean,R:R@AG,R:R,AG,0.8181191357723578,0.19309762449942014,164,32,5
hTip,sd,R:R@AG,R:R,AG,9.229356941874958,,164,32,5
hTip,mean,R:R@AT,R:R,AT,0.4741560892929293,0.139109247907806,165,31,5
hTip,sd,R:R@AT,R:R,AT,9.291525685145466,,165,31,5
hTip,mean,R:R@CA,R:R,CA,-0.0626378837398374,0.25766841407641194,164,30,5
hTip,sd,R:R@CA,R:R,CA,8.124298272540292,,164,30,5
hTip,mean,R:R@CC,R:R,CC,-0.0849332513131313,0.18930015500772504,165,30,5
hTip,sd,R:R@CC,R:R,CC,7.949609823300841,,165,30,5
hTip,mean,R:R@CG,R:R,CG,-0.25767772444444453,0.2654916594934376,165,28,5
hTip,sd,R:R@CG,R:R,CG,8.775838695002687,,165,28,5
hTip,mean,R:R@CT,R:R,CT,-0.843320207495069,0.1822296862639145,169,28,5
hTip,sd,R:R@CT,R:R,CT,9.199677279137594,,169,28,5
hTip,mean,R:R@GA,R:R,GA,1.6674227103030304,0.16881035571484557,165,31,5
hTip,sd,R:R@GA,R:R,GA,8.514930643720264,,165,31,5
hTip,mean,R:R@GC,R:R,GC,-0.05963109494949498,0.09470836234548581,165,30,5
hTip,sd,R:R@GC,R:R,GC,7.59560763945826,,165,30,5
hTip,mean,R:R@GG,R:R,GG,0.03650522306079662,0.18786284743655135,159,28,5
hTip,sd,R:R@GG,R:R,GG,7.9706035365245596,,159,28,5
hTip,mean,R:R@GT,R:R,GT,-0.9354986315151516,0.1222152246033117,165,30,5
hTip,sd,R:R@GT,R:R,GT,8.645184385724916,,165,30,5
hTip,mean,R:R@TA,R:R,TA,0.33267979636363637,0.21765726489077977,165,31,5
hTip,sd,R:R@TA,R:R,TA,8.143461097205142,,165,31,5
hTip,mean,R:R@TC,R:R,TC,-1.7511975512195124,0.17579826181371946,164,30,5
hTip,sd,R:R@TC,R:R,TC,8.484165709411737,,164,30,5
hTip,mean,R:R@TG,R:R,TG,0.11591959761904762,0.20376889311188703,168,32,5
hTip,sd,R:R@TG,R:R,TG,8.188984125294056,,168,32,5
hTip,mean,R:R@TT,R:R,TT,-1.0221532297693923,0.2779636103657615,159,28,5
hTip,sd,R:R@TT,R:R,TT,9.500825601070256,,159,28,5
hTwist,mean,D:R@AA,D:R,AA,29.910169910309275,0.19803171663659772,388,65,5
hTwist,sd,D:R@AA,D:R,AA,5.234086786159701,,388,65,5
hTwist,mean,D:R@AC,D:R,AC,29.7849131468948,0.1159188120028635,526,97,5
hTwist,sd,D:R@AC,D:R,AC,4.240575425516118,,526,97,5
hTwist,mean,D:R@AG,D:R,AG,30.959272684219407,0.24595404871391707,395,76,5
hTwist,sd,D:R@AG,D:R,AG,5.558151599994729,,395,76,5
hTwist,mean,D:R@AT,D:R,AT,29.622099577932097,0.09742356733461695,432,82,5
hTwist,sd,D:R@AT,D:R,AT,3.8880430071236023,,432,82,5
hTwist,mean,D:R@CA,D:R,CA,33.67695951376812,0.17663003262859994,460,86,5
hTwist,sd,D:R@CA,D:R,CA,4.937695236950853,,460,86,5
hTwist,mean,D:R@CC,D:R,CC,30.696917600300974,0.13435601423603827,443,80,5
hTwist,sd,D:R@CC,D:R,CC,3.8479004956465976,,443,80,5
hTwist,mean,D:R@CG,D:R,CG,32.231652504595466,0.18107414693016166,515,92,5
hTwist,sd,D:R@CG,D:R,CG,5.046645069795028,,515,92,5
hTwist,mean,D:R@CT,D:R,CT,30.2288527464684,0.09331394933329641,538,96,5
hTwist,sd,D:R@CT,D:R,CT,3.547094186607228,,538,96,5
hTwist,mean,D:R@GA,D:R,GA,31.446691519933832,0.15670900582481256,403,77,5
hTwist,sd,D:R@GA,D:R,GA,4.652184266605734,,403,77,5
hTwist,mean,D:R@GC,D:R,GC,31.097429385925928,0.0909330050442468,450,85,5
hTwist,sd,D:R@GC,D:R,GC,3.8273282244566342,,450,85,5
hTwist,mean,D:R@GG,D:R,GG,30.87386071147287,0.1263994212620258,430,78,5
hTwist,sd,D:R@GG,D:R,GG,4.74659127697063,,430,78,5
hTwist,mean,D:R@GT,D:R,GT,30.251460168316832,0.11210656543454063,505,94,5
hTwist,sd,D:R@GT,D:R,GT,4.206461750478657,,505,94,5
hTwist,mean,D:R@TA,D:R,TA,33.39713121998631,0.11714646378753818,487,95,5
hTwist,sd,D:R@TA,D:R,TA,4.704024461124784,,487,95,5
hTwist,mean,D:R@TC,D:R,TC,32.008374131069175,0.09509437925551485,530,98,5
hTwist,sd,D:R@TC,D:R,TC,3.72732418668624,,530,98,5
hTwist,mean,D:R@TG,D:R,TG,32.581655197957694,0.14682944543353493,457,87,5
hTwist,sd,D:R@TG,D:R,TG,4.7260569662934415,,457,87,5
hTwist,mean,D:R@TT,D:R,TT,30.951254495795798,0.1396250414987691,444,78,5
hTwist,sd,D:R@TT,D:R,TT,3.701845735337515,,444,78,5
hTwist,mean,DE|RR@AA,DE|RR,AA,31.452101333333335,0.22562221186125192,30,6,5
hTwist,sd,DE|RR@AA,DE|RR,AA,4.606050851878785,,30,6,5
hTwist,mean,DE|RR@AC,DE|RR,AC,30.861364831111114,0.2798467118940435,30,6,5
hTwist,sd,DE|RR@AC,DE|RR,AC,4.556070985714486,,30,6,5
hTwist,mean,DE|RR@AG,DE|RR,AG,30.69409962888889,0.338596377122794,30,6,5
hTwist,sd,DE|RR@AG,DE|RR,AG,4.209791128418527,,30,6,5
hTwist,mean,DE|RR@AT,DE|RR,AT,30.456899042222222,0.3089087887546741,30,6,5
hTwist,sd,DE|RR@AT,DE|RR,AT,4.331810858561258,,30,6,5
hTwist,mean,DE|RR@CA,DE|RR,CA,32.18907444444445,0.3503145844927906,30,6,5
hTwist,sd,DE|RR@CA,DE|RR,CA,6.097979833094313,,30,6,5
hTwist,mean,DE|RR@CC,DE|RR,CC,31.129523391111114,0.26946813990244545,30,6,5
hTwist,sd,DE|RR@CC,DE|RR,CC,3.364279703721097,,30,6,5
hTwist,mean,DE|RR@CG,DE|RR,CG,31.740925377777778,1.062807496370923,30,6,5
hTwist,sd,DE|RR@CG,DE|RR,CG,5.139135836748733,,30,6,5
hTwist,mean,DE|RR@CT,DE|RR,CT,30.726529693333326,0.5447988107565855,30,6,5
hTwist,sd,DE|RR@CT,DE|RR,CT,4.665783555310117,,30,6,5
hTwist,mean,DE|RR@GA,DE|RR,GA,32.69377756666667,0.14043789112217356,30,6,5
hTwist,sd,DE|RR@GA,DE|RR,GA,3.9341461280096435,,30,6,5
hTwist,mean,DE|RR@GC,DE|RR,GC,31.076087840000003,0.2548416217374553,30,6,5
hTwist,sd,DE|RR@GC,DE|RR,GC,3.476125348123761,,30,6,5
hTwist,mean,DE|RR@GG,DE|RR,GG,31.020432024444442,0.2078274791432648,30,6,5
hTwist,sd,DE|RR@GG,DE|RR,GG,3.8464134686835765,,30,6,5
hTwist,mean,DE|RR@GT,DE|RR,GT,30.223629213333332,0.2855656992776011,30,6,5
hTwist,sd,DE|RR@GT,DE|RR,GT,3.7380675547626314,,30,6,5
hTwist,mean,DE|RR@TA,DE|RR,TA,34.22476931111112,0.3365957513866874,30,6,5
hTwist,sd,DE|RR@TA,DE|RR,TA,4.924051866909696,,30,6,5
hTwist,mean,DE|RR@TC,DE|RR,TC,32.52642896444445,0.2028591495571046,30,6,5
hTwist,sd,DE|RR@TC,DE|RR,TC,3.3043349574188077,,30,6,5
hTwist,mean,DE|RR@TG,DE|RR,TG,33.29702933111111,0.5071102459984309,30,6,5
hTwist,sd,DE|RR@TG,DE|RR,TG,4.472534416274637,,30,6,5
hTwist,mean,DE|RR@TT,DE|RR,TT,31.86864521149425,0.1360082764304779,29,6,5
hTwist,sd,DE|RR@TT,DE|RR,TT,3.441383889898104,,29,6,5
hTwist,mean,DM|RR@AA,DM|RR,AA,36.157353719999996,0.504482471304779,30,6,5
hTwist,sd,DM|RR@AA,DM|RR,AA,4.660844542279682,,30,6,5
hTwist,mean,DM|RR@AC,DM|RR,AC,31.49234481555556,0.47826699046536003,30,6,5
hTwist,sd,DM|RR@AC,DM|RR,AC,5.108586224528391,,30,6,5
hTwist,mean,DM|RR@AG,DM|RR,AG,38.30315872444444,0.7291129717475875,30,6,5
hTwist,sd,DM|RR@AG,DM|RR,AG,5.087497267015179,,30,6,5
hTwist,mean,DM|RR@AT,DM|RR,AT,31.30518300444445,0.33965950630493363,30,6,5
hTwist,sd,DM|RR@AT,DM|RR,AT,3.7424502595519784,,30,6,5
hTwist,mean,DM|RR@CA,DM|RR,CA,40.95655935333333,0.44068378085312643,30,6,5
hTwist,sd,DM|RR@CA,DM|RR,CA,4.951488008118441,,30,6,5
hTwist,mean,DM|RR@CC,DM|RR,CC,30.995164777777777,0.13153830994534146,30,6,5
hTwist,sd,DM|RR@CC,DM|RR,CC,3.5979825318623386,,30,6,5
hTwist,mean,DM|RR@CG,DM|RR,CG,41.15777570444445,0.3851409213794211,30,6,5
hTwist,sd,DM|RR@CG,DM|RR,CG,5.016986006428349,,30,6,5
hTwist,mean,DM|RR@CT,DM|RR,CT,31.44009751555556,0.3827984336239581,30,6,5
hTwist,sd,DM|RR@CT,DM|RR,CT,3.3840638643908547,,30,6,5
hTwist,mean,DM|RR@GA,DM|RR,GA,35.638373684444446,0.16228491143821902,30,6,5
hTwist,sd,DM|RR@GA,DM|RR,GA,4.6104134758001925,,30,6,5
hTwist,mean,DM|RR@GC,DM|RR,GC,32.308902679999996,0.36344145768293795,30,6,5
hTwist,sd,DM|RR@GC,DM|RR,GC,4.530803344937829,,30,6,5
hTwist,mean,DM|RR@GG,DM|RR,GG,35.52228471555556,0.4380137965588677,30,6,5
hTwist,sd,DM|RR@GG,DM|RR,GG,4.425895231004178,,30,6,5
hTwist,mean,DM|RR@GT,DM|RR,GT,31.89997706444444,0.3294159157329726,30,6,5
hTwist,sd,DM|RR@GT,DM|RR,GT,3.904143379553559,,30,6,5
hTwist,mean,DM|RR@TA,DM|RR,TA,39.18938630222222,0.6025820810840118,30,6,5
hTwist,sd,DM|RR@TA,DM|RR,TA,5.231012450671551,,30,6,5
hTwist,mean,DM|RR@TC,DM|RR,TC,32.808067864444446,0.22656785590915654,30,6,5
hTwist,sd,DM|RR@TC,DM|RR,TC,3.646429190876377,,30,6,5
hTwist,mean,DM|RR@TG,DM|RR,TG,40.181736457777774,0.13419813444922,30,6,5
hTwist,sd,DM|RR@TG,DM|RR,TG,5.121007171530248,,30,6,5
hTwist,mean,DM|RR@TT,DM|RR,TT,31.665386899999998,0.21008327022566511,30,6,5
hTwist,sd,DM|RR@TT,DM|RR,TT,3.5056298091008085,,30,6,5
hTwist,mean,E:R@AA,E:R,AA,27.054755575065613,0.1646726328347897,254,42,5
hTwist,sd,E:R@AA,E:R,AA,4.528130638478844,,254,42,5
hTwist,mean,E:R@AC,E:R,AC,24.767797532264957,0.09550316017207613,312,57,5
hTwist,sd,E:R@AC,E:R,AC,3.7331177810618827,,312,57,5
hTwist,mean,E:R@AG,E:R,AG,26.661399692806487,0.1155486870748102,329,63,5
hTwist,sd,E:R@AG,E:R,AG,4.404152473837355,,329,63,5
hTwist,mean,E:R@AT,E:R,AT,24.659131746419753,0.12920720105731295,270,51,5
hTwist,sd,E:R@AT,E:R,AT,4.092942377118648,,270,51,5
hTwist,mean,E:R@CA,E:R,CA,27.674864028985507,0.09489055941688085,299,56,5
hTwist,sd,E:R@CA,E:R,CA,4.60641524313182,,299,56,5
hTwist,mean,E:R@CC,E:R,CC,26.655821422787877,0.07862034584738616,275,49,5
hTwist,sd,E:R@CC,E:R,CC,3.4321194572322504,,275,49,5
hTwist,mean,E:R@CG,E:R,CG,25.84079140630303,0.15882300892336093,275,49,5
hTwist,sd,E:R@CG,E:R,CG,4.638451890755684,,275,49,5
hTwist,mean,E:R@CT,E:R,CT,25.926023473464912,0.06979141191275187,304,55,5
hTwist,sd,E:R@CT,E:R,CT,3.796903212494935,,304,55,5
hTwist,mean,E:R@GA,E:R,GA,28.660363624972128,0.13450813278750473,299,56,5
hTwist,sd,E:R@GA,E:R,GA,4.087011751379217,,299,56,5
hTwist,mean,E:R@GC,E:R,GC,25.96763281353536,0.07973198300411383,330,62,5
hTwist,sd,E:R@GC,E:R,GC,3.5193155627118666,,330,62,5
hTwist,mean,E:R@GG,E:R,GG,28.038144222318838,0.10825590233574772,230,42,5
hTwist,sd,E:R@GG,E:R,GG,3.9418755016052334,,230,42,5
hTwist,mean,E:R@GT,E:R,GT,25.042709352074965,0.137581144580723,249,46,5
hTwist,sd,E:R@GT,E:R,GT,3.762395740748289,,249,46,5
hTwist,mean,E:R@TA,E:R,TA,28.975446182502772,0.12446962339892342,301,56,5
hTwist,sd,E:R@TA,E:R,TA,4.638524192086468,,301,56,5
hTwist,mean,E:R@TC,E:R,TC,26.97457137222222,0.10548250844328526,240,44,5
hTwist,sd,E:R@TC,E:R,TC,3.706901061033819,,240,44,5
hTwist,mean,E:R@TG,E:R,TG,27.005639629757788,0.1805281217402978,289,57,5
hTwist,sd,E:R@TG,E:R,TG,4.653357161692283,,289,57,5
hTwist,mean,E:R@TT,E:R,TT,26.259190873939396,0.08361254886664966,275,46,5
hTwist,sd,E:R@TT,E:R,TT,3.808802146774014,,275,46,5
hTwist,mean,ED|RR@AA,ED|RR,AA,28.838270711111115,0.3372896514281172,30,6,5
hTwist,sd,ED|RR@AA,ED|RR,AA,3.9813773224434033,,30,6,5
hTwist,mean,ED|RR@AC,ED|RR,AC,27.2559965724138,0.450473911039327,29,6,5
hTwist,sd,ED|RR@AC,ED|RR,AC,4.0090936557990915,,29,6,5
hTwist,mean,ED|RR@AG,ED|RR,AG,27.923120688888886,0.21380348854539605,30,6,5
hTwist,sd,ED|RR@AG,ED|RR,AG,3.9675397823103813,,30,6,5
hTwist,mean,ED|RR@AT,ED|RR,AT,26.621636391111107,0.23130866822220025,30,6,5
hTwist,sd,ED|RR@AT,ED|RR,AT,3.802925957899379,,30,6,5
hTwist,mean,ED|RR@CA,ED|RR,CA,30.43507916444445,0.3894542659288643,30,6,5
hTwist,sd,ED|RR@CA,ED|RR,CA,4.247760774505867,,30,6,5
hTwist,mean,ED|RR@CC,ED|RR,CC,28.63863422666667,0.14066905881971534,30,6,5
hTwist,sd,ED|RR@CC,ED|RR,CC,3.271159906408877,,30,6,5
hTwist,mean,ED|RR@CG,ED|RR,CG,29.59994134666667,0.6585254940307353,30,6,5
hTwist,sd,ED|RR@CG,ED|RR,CG,4.3096814960343215,,30,6,5
hTwist,mean,ED|RR@CT,ED|RR,CT,28.003778473333337,0.20632577011420175,30,6,5
hTwist,sd,ED|RR@CT,ED|RR,CT,3.3154694887687493,,30,6,5
hTwist,mean,ED|RR@GA,ED|RR,GA,30.663678677777778,0.1723514303490419,30,6,5
hTwist,sd,ED|RR@GA,ED|RR,GA,3.6877309379901257,,30,6,5
hTwist,mean,ED|RR@GC,ED|RR,GC,28.04070206444444,0.2463193822884398,30,6,5
hTwist,sd,ED|RR@GC,ED|RR,GC,3.583117848949847,,30,6,5
hTwist,mean,ED|RR@GG,ED|RR,GG,30.117623466666668,0.3311132498329058,30,6,5
hTwist,sd,ED|RR@GG,ED|RR,GG,3.6108547896589003,,30,6,5
hTwist,mean,ED|RR@GT,ED|RR,GT,27.31917975777778,0.14318068674171663,30,6,5
hTwist,sd,ED|RR@GT,ED|RR,GT,3.7135021427031374,,30,6,5
hTwist,mean,ED|RR@TA,ED|RR,TA,32.550116680459766,0.303351060461135,29,6,5
hTwist,sd,ED|RR@TA,ED|RR,TA,3.9189159315016124,,29,6,5
hTwist,mean,ED|RR@TC,ED|RR,TC,29.415685726666666,0.2124888568303167,30,6,5
hTwist,sd,ED|RR@TC,ED|RR,TC,3.262828524400756,,30,6,5
hTwist,mean,ED|RR@TG,ED|RR,TG,30.39085566888889,0.45114164834808584,30,6,5
hTwist,sd,ED|RR@TG,ED|RR,TG,3.8115218009973293,,30,6,5
hTwist,mean,ED|RR@TT,ED|RR,TT,28.104549788888885,0.16965386260787432,30,6,5
hTwist,sd,ED|RR@TT,ED|RR,TT,3.4005319105639966,,30,6,5
hTwist,mean,M:R@AA,M:R,AA,31.678410109066668,0.2130034356068247,250,42,5
hTwist,sd,M:R@AA,M:R,AA,4.433044769832244,,250,42,5
hTwist,mean,M:R@AC,M:R,AC,28.468578415999993,0.13095815802487415,300,55,5
hTwist,sd,M:R@AC,M:R,AC,3.814840109256741,,300,55,5
hTwist,mean,M:R@AG,M:R,AG,30.60972968571428,0.17118033781128417,280,55,5
hTwist,sd,M:R@AG,M:R,AG,4.11000895880015,,280,55,5
hTwist,mean,M:R@AT,M:R,AT,28.45616734860606,0.15063568533323146,275,53,5
hTwist,sd,M:R@AT,M:R,AT,3.669231538638779,,275,53,5
hTwist,mean,M:R@CA,M:R,CA,35.636757796888894,0.2384508374918481,300,54,5
hTwist,sd,M:R@CA,M:R,CA,4.785199031104629,,300,54,5
hTwist,mean,M:R@CC,M:R,CC,31.345491206,0.07782489942296206,300,53,5
hTwist,sd,M:R@CC,M:R,CC,3.475462006318922,,300,53,5
hTwist,mean,M:R@CG,M:R,CG,34.66642184935672,0.2703072060836789,285,51,5
hTwist,sd,M:R@CG,M:R,CG,4.72702917037192,,285,51,5
hTwist,mean,M:R@CT,M:R,CT,30.41687339954802,0.11710483115894174,295,50,5
hTwist,sd,M:R@CT,M:R,CT,3.4821036043872637,,295,50,5
hTwist,mean,M:R@GA,M:R,GA,34.010890993439155,0.14013505436217452,315,60,5
hTwist,sd,M:R@GA,M:R,GA,4.322197817466416,,315,60,5
hTwist,mean,M:R@GC,M:R,GC,29.543351666913583,0.10536104075391395,270,50,5
hTwist,sd,M:R@GC,M:R,GC,3.534027454930847,,270,50,5
hTwist,mean,M:R@GG,M:R,GG,32.6402901380117,0.13982556595064802,285,50,5
hTwist,sd,M:R@GG,M:R,GG,3.8790062542803896,,285,50,5
hTwist,mean,M:R@GT,M:R,GT,29.24704024866667,0.14430648683991018,300,57,5
hTwist,sd,M:R@GT,M:R,GT,3.708642162282446,,300,57,5
hTwist,mean,M:R@TA,M:R,TA,36.12579340104987,0.2312151137277257,254,49,5
hTwist,sd,M:R@TA,M:R,TA,4.485410738762174,,254,49,5
hTwist,mean,M:R@TC,M:R,TC,31.5043899263388,0.09188474238093919,305,56,5
hTwist,sd,M:R@TC,M:R,TC,3.524521802691675,,305,56,5
hTwist,mean,M:R@TG,M:R,TG,34.46680081627648,0.2295812086701909,299,56,5
hTwist,sd,M:R@TG,M:R,TG,4.345192125411909,,299,56,5
hTwist,mean,M:R@TT,M:R,TT,30.245895177414965,0.10956450620478003,245,44,5
hTwist,sd,M:R@TT,M:R,TT,3.448059803583728,,245,44,5
hTwist,mean,MD|RR@AA,MD|RR,AA,29.994306737777777,0.2512778594450576,30,6,5
hTwist,sd,MD|RR@AA,MD|RR,AA,4.689606131434917,,30,6,5
hTwist,mean,MD|RR@AC,MD|RR,AC,27.84628700888889,0.23468724365689977,30,6,5
hTwist,sd,MD|RR@AC,MD|RR,AC,4.6329290594514765,,30,6,5
hTwist,mean,MD|RR@AG,MD|RR,AG,28.253729482222226,0.20779800056408243,30,6,5
hTwist,sd,MD|RR@AG,MD|RR,AG,4.020274395200092,,30,6,5
hTwist,mean,MD|RR@AT,MD|RR,AT,28.500863451111115,0.32779268498006264,30,6,5
hTwist,sd,MD|RR@AT,MD|RR,AT,4.604571624674554,,30,6,5
hTwist,mean,MD|RR@CA,MD|RR,CA,34.91821779333334,0.3045498745318942,30,6,5
hTwist,sd,MD|RR@CA,MD|RR,CA,4.906336147919784,,30,6,5
hTwist,mean,MD|RR@CC,MD|RR,CC,30.13091072666667,0.12412354950547366,30,6,5
hTwist,sd,MD|RR@CC,MD|RR,CC,3.688741568730612,,30,6,5
hTwist,mean,MD|RR@CG,MD|RR,CG,31.050208924444444,0.4087842092609417,30,6,5
hTwist,sd,MD|RR@CG,MD|RR,CG,5.130400800429346,,30,6,5
hTwist,mean,MD|RR@CT,MD|RR,CT,29.08687008222222,0.20736420981979142,30,6,5
hTwist,sd,MD|RR@CT,MD|RR,CT,3.6925862313134976,,30,6,5
hTwist,mean,MD|RR@GA,MD|RR,GA,31.953740677777777,0.38493856128762977,30,6,5
hTwist,sd,MD|RR@GA,MD|RR,GA,4.735460692702684,,30,6,5
hTwist,mean,MD|RR@GC,MD|RR,GC,29.02500181555555,0.10902101306032179,30,6,5
hTwist,sd,MD|RR@GC,MD|RR,GC,3.8214447157063884,,30,6,5
hTwist,mean,MD|RR@GG,MD|RR,GG,30.983048733333327,0.23340587258451537,30,6,5
hTwist,sd,MD|RR@GG,MD|RR,GG,4.144694804376802,,30,6,5
hTwist,mean,MD|RR@GT,MD|RR,GT,29.39498431111111,0.2879964036094997,30,6,5
hTwist,sd,MD|RR@GT,MD|RR,GT,3.78285303455455,,30,6,5
hTwist,mean,MD|RR@TA,MD|RR,TA,34.901919840000005,0.22869771570563197,30,6,5
hTwist,sd,MD|RR@TA,MD|RR,TA,5.202033086956677,,30,6,5
hTwist,mean,MD|RR@TC,MD|RR,TC,30.48551798666667,0.14446395668307682,30,6,5
hTwist,sd,MD|RR@TC,MD|RR,TC,3.7602571458774228,,30,6,5
hTwist,mean,MD|RR@TG,MD|RR,TG,32.71540081333333,0.35271024303795045,30,6,5
hTwist,sd,MD|RR@TG,MD|RR,TG,4.371715759398823,,30,6,5
hTwist,mean,MD|RR@TT,MD|RR,TT,28.71866202888889,0.16232705494995697,30,6,5
hTwist,sd,MD|RR@TT,MD|RR,TT,3.919114669371468,,30,6,5
hTwist,mean,R:R@AA,R:R,AA,30.00206370864198,0.13696212141254524,162,25,5
hTwist,sd,R:R@AA,R:R,AA,4.258096803353941,,162,25,5
hTwist,mean,R:R@AC,R:R,AC,29.908835879674793,0.1244609613999859,164,29,5
hTwist,sd,R:R@AC,R:R,AC,4.063945444138275,,164,29,5
hTwist,mean,R:R@AG,R:R,AG,29.8403308898374,0.08423384706168038,164,32,5
hTwist,sd,R:R@AG,R:R,AG,4.020386496020327,,164,32,5
hTwist,mean,R:R@AT,R:R,AT,29.493327475555557,0.151891959690623,165,31,5
hTwist,sd,R:R@AT,R:R,AT,4.296469482564136,,165,31,5
hTwist,mean,R:R@CA,R:R,CA,32.608644884146344,0.1827369263831547,164,30,5
hTwist,sd,R:R@CA,R:R,CA,4.644360715712824,,164,30,5
hTwist,mean,R:R@CC,R:R,CC,31.53373308969697,0.09577688781406062,165,30,5
hTwist,sd,R:R@CC,R:R,CC,3.6219776095627987,,165,30,5
hTwist,mean,R:R@CG,R:R,CG,31.74022988969697,0.23139131736276558,165,28,5
hTwist,sd,R:R@CG,R:R,CG,4.385446400169023,,165,28,5
hTwist,mean,R:R@CT,R:R,CT,29.93554879763314,0.13732644211299908,169,28,5
hTwist,sd,R:R@CT,R:R,CT,4.0882449588434815,,169,28,5
hTwist,mean,R:R@GA,R:R,GA,31.8702843410101,0.11721811149964503,165,31,5
hTwist,sd,R:R@GA,R:R,GA,3.8420272269405933,,165,31,5
hTwist,mean,R:R@GC,R:R,GC,30.893697215353534,0.07969802032323293,165,30,5
hTwist,sd,R:R@GC,R:R,GC,3.514054682909102,,165,30,5
hTwist,mean,R:R@GG,R:R,GG,31.36737418993711,0.10974121587049086,159,28,5
hTwist,sd,R:R@GG,R:R,GG,3.5956624912792265,,159,28,5
hTwist,mean,R:R@GT,R:R,GT,29.69749102787879,0.14213893729367535,165,30,5
hTwist,sd,R:R@GT,R:R,GT,4.179200016783252,,165,30,5
hTwist,mean,R:R@TA,R:R,TA,34.141283756363634,0.15476182537523595,165,31,5
hTwist,sd,R:R@TA,R:R,TA,4.536656164642284,,165,31,5
hTwist,mean,R:R@TC,R:R,TC,31.99903653699187,0.09499965549382071,164,30,5
hTwist,sd,R:R@TC,R:R,TC,3.913631420506285,,164,30,5
hTwist,mean,R:R@TG,R:R,TG,32.439166387698414,0.17685097932858498,168,32,5
hTwist,sd,R:R@TG,R:R,TG,4.811205329147777,,168,32,5
hTwist,mean,R:R@TT,R:R,TT,30.08953143228512,0.11386271900075333,159,28,5
hTwist,sd,R:R@TT,R:R,TT,4.179812423772241,,159,28,5
hX,mean,D:R@AA,D:R,AA,-3.8657914749140887,0.05653878139280787,388,65,5
hX,sd,D:R@AA,D:R,AA,1.9838804679252526,,388,65,5
hX,mean,D:R@AC,D:R,AC,-3.5769485956907476,0.060116979195983036,526,97,5
hX,sd,D:R@AC,D:R,AC,1.7602472988387594,,526,97,5
hX,mean,D:R@AG,D:R,AG,-4.21045440607595,0.07134773498622762,395,76,5
hX,sd,D:R@AG,D:R,AG,1.9837118551628665,,395,76,5
hX,mean,D:R@AT,D:R,AT,-3.315881422222222,0.048499207542625156,432,82,5
hX,sd,D:R@AT,D:R,AT,1.6419452251646947,,432,82,5
hX,mean,D:R@CA,D:R,CA,-3.8689501005797102,0.02660753906888742,460,86,5
hX,sd,D:R@CA,D:R,CA,1.3214750236404225,,460,86,5
hX,mean,D:R@CC,D:R,CC,-3.975913386155004,0.028090234289628077,443,80,5
hX,sd,D:R@CC,D:R,CC,1.3912503482487775,,443,80,5
hX,mean,D:R@CG,D:R,CG,-4.0497962519093855,0.0356077584856608,515,92,5
hX,sd,D:R@CG,D:R,CG,1.7039697509779659,,515,92,5
hX,mean,D:R@CT,D:R,CT,-3.4950199873605947,0.031046907886074532,538,96,5
hX,sd,D:R@CT,D:R,CT,1.419444944391294,,538,96,5
hX,mean,D:R@GA,D:R,GA,-3.709366941604632,0.05834923315872026,403,77,5
hX,sd,D:R@GA,D:R,GA,1.8487524403923776,,403,77,5
hX,mean,D:R@GC,D:R,GC,-3.4480810808888895,0.05043991292875448,450,85,5
hX,sd,D:R@GC,D:R,GC,1.5119526356677968,,450,85,5
hX,mean,D:R@GG,D:R,GG,-4.555806079069768,0.04728770989082673,430,78,5
hX,sd,D:R@GG,D:R,GG,1.7801689999679744,,430,78,5
hX,mean,D:R@GT,D:R,GT,-3.6046371176237626,0.06976966260691224,505,94,5
hX,sd,D:R@GT,D:R,GT,1.720234395940308,,505,94,5
hX,mean,D:R@TA,D:R,TA,-4.075159809034907,0.02267206904909647,487,95,5
hX,sd,D:R@TA,D:R,TA,1.249780697496478,,487,95,5
hX,mean,D:R@TC,D:R,TC,-3.0878176023899373,0.04391293675018141,530,98,5
hX,sd,D:R@TC,D:R,TC,1.3619717014931223,,530,98,5
hX,mean,D:R@TG,D:R,TG,-4.007738786141502,0.026147312658681945,457,87,5
hX,sd,D:R@TG,D:R,TG,1.4902680043830905,,457,87,5
hX,mean,D:R@TT,D:R,TT,-2.9162919325825825,0.04064991887448335,444,78,5
hX,sd,D:R@TT,D:R,TT,1.4131147331137488,,444,78,5
hX,mean,DE|RR@AA,DE|RR,AA,-3.9271233333333333,0.10044455206582377,30,6,5
hX,sd,DE|RR@AA,DE|RR,AA,1.764763031443848,,30,6,5
hX,mean,DE|RR@AC,DE|RR,AC,-3.8091338088888897,0.14439243354706427,30,6,5
hX,sd,DE|RR@AC,DE|RR,AC,1.7190933260331986,,30,6,5
hX,mean,DE|RR@AG,DE|RR,AG,-4.574220711111111,0.10119046469570327,30,6,5
hX,sd,DE|RR@AG,DE|RR,AG,1.8229304966850919,,30,6,5
hX,mean,DE|RR@AT,DE|RR,AT,-3.674587002222221,0.09319908732398653,30,6,5
hX,sd,DE|RR@AT,DE|RR,AT,1.6891224310975912,,30,6,5
hX,mean,DE|RR@CA,DE|RR,CA,-4.02155918,0.09928879654037866,30,6,5
hX,sd,DE|RR@CA,DE|RR,CA,1.6212248066190391,,30,6,5
hX,mean,DE|RR@CC,DE|RR,CC,-4.386602906666667,0.04831559025143667,30,6,5
hX,sd,DE|RR@CC,DE|RR,CC,1.4519173422428253,,30,6,5
hX,mean,DE|RR@CG,DE|RR,CG,-4.71333262888889,0.06047509186398654,30,6,5
hX,sd,DE|RR@CG,DE|RR,CG,2.1671200041277006,,30,6,5
hX,mean,DE|RR@CT,DE|RR,CT,-3.169712131111111,0.07533461719740553,30,6,5
hX,sd,DE|RR@CT,DE|RR,CT,1.5013231114837258,,30,6,5
hX,mean,DE|RR@GA,DE|RR,GA,-4.607078362222222,0.1423693467288246,30,6,5
hX,sd,DE|RR@GA,DE|RR,GA,1.5474296097996416,,30,6,5
hX,mean,DE|RR@GC,DE|RR,GC,-3.640791968888889,0.10422604814474781,30,6,5
hX,sd,DE|RR@GC,DE|RR,GC,1.5161962657593129,,30,6,5
hX,mean,DE|RR@GG,DE|RR,GG,-5.002975275555555,0.05802734771145594,30,6,5
hX,sd,DE|RR@GG,DE|RR,GG,1.5485517099349906,,30,6,5
hX,mean,DE|RR@GT,DE|RR,GT,-4.429420266666667,0.20094245777326994,30,6,5
hX,sd,DE|RR@GT,DE|RR,GT,1.7702611493718772,,30,6,5
hX,mean,DE|RR@TA,DE|RR,TA,-4.3544322044444455,0.10551657322604367,30,6,5
hX,sd,DE|RR@TA,DE|RR,TA,1.4433657274244567,,30,6,5
hX,mean,DE|RR@TC,DE|RR,TC,-3.205670028888889,0.11686746828858974,30,6,5
hX,sd,DE|RR@TC,DE|RR,TC,1.4293089418769171,,30,6,5
hX,mean,DE|RR@TG,DE|RR,TG,-4.372278717777777,0.10505440435805798,30,6,5
hX,sd,DE|RR@TG,DE|RR,TG,1.577323825952051,,30,6,5
hX,mean,DE|RR@TT,DE|RR,TT,-3.1158099333333333,0.07424061265886699,29,6,5
hX,sd,DE|RR@TT,DE|RR,TT,1.501593087782224,,29,6,5
hX,mean,DM|RR@AA,DM|RR,AA,-2.359002735555556,0.15400349401311336,30,6,5
hX,sd,DM|RR@AA,DM|RR,AA,1.4714524043478563,,30,6,5
hX,mean,DM|RR@AC,DM|RR,AC,-3.1409998822222227,0.27106736489468986,30,6,5
hX,sd,DM|RR@AC,DM|RR,AC,1.704411818173713,,30,6,5
hX,mean,DM|RR@AG,DM|RR,AG,-2.6891789066666667,0.17501130103009646,30,6,5
hX,sd,DM|RR@AG,DM|RR,AG,1.3301672610036621,,30,6,5
hX,mean,DM|RR@AT,DM|RR,AT,-3.1240984977777777,0.2296868545701911,30,6,5
hX,sd,DM|RR@AT,DM|RR,AT,1.550050296453373,,30,6,5
hX,mean,DM|RR@CA,DM|RR,CA,-2.9850681400000005,0.061445498956268524,30,6,5
hX,sd,DM|RR@CA,DM|RR,CA,1.0697528763861741,,30,6,5
hX,mean,DM|RR@CC,DM|RR,CC,-4.3112039,0.07920553510654937,30,6,5
hX,sd,DM|RR@CC,DM|RR,CC,1.4133840873305163,,30,6,5
hX,mean,DM|RR@CG,DM|RR,CG,-2.9338696844444443,0.0846029855086361,30,6,5
hX,sd,DM|RR@CG,DM|RR,CG,1.2887223051901124,,30,6,5
hX,mean,DM|RR@CT,DM|RR,CT,-3.5575738888888893,0.15812475630501915,30,6,5
hX,sd,DM|RR@CT,DM|RR,CT,1.4112281795058501,,30,6,5
hX,mean,DM|RR@GA,DM|RR,GA,-3.257029555555555,0.16721337371713044,30,6,5
hX,sd,DM|RR@GA,DM|RR,GA,1.6749039414047526,,30,6,5
hX,mean,DM|RR@GC,DM|RR,GC,-3.372724857777778,0.1703224117531636,30,6,5
hX,sd,DM|RR@GC,DM|RR,GC,1.5430982719532842,,30,6,5
hX,mean,DM|RR@GG,DM|RR,GG,-3.462588779999999,0.22752991444026677,30,6,5
hX,sd,DM|RR@GG,DM|RR,GG,1.4732959896364362,,30,6,5
hX,mean,DM|RR@GT,DM|RR,GT,-3.4158953800000003,0.2354860294839541,30,6,5
hX,sd,DM|RR@GT,DM|RR,GT,1.4764563345486033,,30,6,5
hX,mean,DM|RR@TA,DM|RR,TA,-3.1541781044444446,0.06084952897251452,30,6,5
hX,sd,DM|RR@TA,DM|RR,TA,1.3030521941542075,,30,6,5
hX,mean,DM|RR@TC,DM|RR,TC,-2.5244264022222227,0.12561193179255434,30,6,5
hX,sd,DM|RR@TC,DM|RR,TC,1.279109953944555,,30,6,5
hX,mean,DM|RR@TG,DM|RR,TG,-2.809799957777778,0.0376327495512347,30,6,5
hX,sd,DM|RR@TG,DM|RR,TG,1.2528520106311987,,30,6,5
hX,mean,DM|RR@TT,DM|RR,TT,-2.9327410911111116,0.19103354957473212,30,6,5
hX,sd,DM|RR@TT,DM|RR,TT,1.4176856057633007,,30,6,5
hX,mean,E:R@AA,E:R,AA,-6.854395940682415,0.06534472235802832,254,42,5
hX,sd,E:R@AA,E:R,AA,2.05483307221789,,254,42,5
hX,mean,E:R@AC,E:R,AC,-7.5039157585470075,0.04427465541119014,312,57,5
hX,sd,E:R@AC,E:R,AC,2.0683241345473506,,312,57,5
hX,mean,E:R@AG,E:R,AG,-7.214479075785208,0.03715821800897295,329,63,5
hX,sd,E:R@AG,E:R,AG,1.973922144714058,,329,63,5
hX,mean,E:R@AT,E:R,AT,-7.358008684938271,0.05612404098838392,270,51,5
hX,sd,E:R@AT,E:R,AT,2.2775866095195703,,270,51,5
hX,mean,E:R@CA,E:R,CA,-6.668603252619844,0.06056753697163313,299,56,5
hX,sd,E:R@CA,E:R,CA,2.0224809860250366,,299,56,5
hX,mean,E:R@CC,E:R,CC,-6.388316811636364,0.03325026967331717,275,49,5
hX,sd,E:R@CC,E:R,CC,1.7310565232561106,,275,49,5
hX,mean,E:R@CG,E:R,CG,-7.601625104,0.04656773636702142,275,49,5
hX,sd,E:R@CG,E:R,CG,2.485417752085783,,275,49,5
hX,mean,E:R@CT,E:R,CT,-6.3838027625,0.04189655959323402,304,55,5
hX,sd,E:R@CT,E:R,CT,1.8693990552165425,,304,55,5
hX,mean,E:R@GA,E:R,GA,-6.392011483835006,0.08406039873286016,299,56,5
hX,sd,E:R@GA,E:R,GA,1.8100098481584421,,299,56,5
hX,mean,E:R@GC,E:R,GC,-6.803879246464646,0.049871858800978615,330,62,5
hX,sd,E:R@GC,E:R,GC,1.9285025455711393,,330,62,5
hX,mean,E:R@GG,E:R,GG,-6.749319171594203,0.02693834269423735,230,42,5
hX,sd,E:R@GG,E:R,GG,1.6649161820994556,,230,42,5
hX,mean,E:R@GT,E:R,GT,-7.606035691030789,0.05293113576523772,249,46,5
hX,sd,E:R@GT,E:R,GT,2.055612942099443,,249,46,5
hX,mean,E:R@TA,E:R,TA,-6.251630328903654,0.05187480882197733,301,56,5
hX,sd,E:R@TA,E:R,TA,1.747758166200033,,301,56,5
hX,mean,E:R@TC,E:R,TC,-6.558648250277778,0.038891351456585205,240,44,5
hX,sd,E:R@TC,E:R,TC,1.7821857479016785,,240,44,5
hX,mean,E:R@TG,E:R,TG,-6.857282181084198,0.04896031403609195,289,57,5
hX,sd,E:R@TG,E:R,TG,2.180673438636954,,289,57,5
hX,mean,E:R@TT,E:R,TT,-6.509649888727273,0.044211828443053006,275,46,5
hX,sd,E:R@TT,E:R,TT,1.821382920912002,,275,46,5
hX,mean,ED|RR@AA,ED|RR,AA,-5.286676437777777,0.11775018815527226,30,6,5
hX,sd,ED|RR@AA,ED|RR,AA,1.5959585067393385,,30,6,5
hX,mean,ED|RR@AC,ED|RR,AC,-5.846119586206896,0.11247932689999537,29,6,5
hX,sd,ED|RR@AC,ED|RR,AC,1.9566088642702084,,29,6,5
hX,mean,ED|RR@AG,ED|RR,AG,-5.48506002,0.09952513693403424,30,6,5
hX,sd,ED|RR@AG,ED|RR,AG,1.5056909299641192,,30,6,5
hX,mean,ED|RR@AT,ED|RR,AT,-5.583140726666667,0.18111880636575248,30,6,5
hX,sd,ED|RR@AT,ED|RR,AT,1.9989377764923997,,30,6,5
hX,mean,ED|RR@CA,ED|RR,CA,-4.976391019999999,0.07272019150663467,30,6,5
hX,sd,ED|RR@CA,ED|RR,CA,1.6064537100498268,,30,6,5
hX,mean,ED|RR@CC,ED|RR,CC,-5.200279091111112,0.026426166987072907,30,6,5
hX,sd,ED|RR@CC,ED|RR,CC,1.359757717367897,,30,6,5
hX,mean,ED|RR@CG,ED|RR,CG,-5.228584895555555,0.09851149899441795,30,6,5
hX,sd,ED|RR@CG,ED|RR,CG,1.8647470186494859,,30,6,5
hX,mean,ED|RR@CT,ED|RR,CT,-5.13919262,0.01023684797539054,30,6,5
hX,sd,ED|RR@CT,ED|RR,CT,1.460875141840219,,30,6,5
hX,mean,ED|RR@GA,ED|RR,GA,-5.117314708888888,0.04856917815825933,30,6,5
hX,sd,ED|RR@GA,ED|RR,GA,1.3610553394357754,,30,6,5
hX,mean,ED|RR@GC,ED|RR,GC,-5.257009771111111,0.12718711215878356,30,6,5
hX,sd,ED|RR@GC,ED|RR,GC,1.7982819720589864,,30,6,5
hX,mean,ED|RR@GG,ED|RR,GG,-5.452085726666667,0.03078268061870015,30,6,5
hX,sd,ED|RR@GG,ED|RR,GG,1.2797880943791158,,30,6,5
hX,mean,ED|RR@GT,ED|RR,GT,-5.984878097777778,0.16105266349241754,30,6,5
hX,sd,ED|RR@GT,ED|RR,GT,1.9070247079170257,,30,6,5
hX,mean,ED|RR@TA,ED|RR,TA,-4.56472799770115,0.05525906081172949,29,6,5
hX,sd,ED|RR@TA,ED|RR,TA,1.0410759644529717,,29,6,5
hX,mean,ED|RR@TC,ED|RR,TC,-4.753563235555556,0.12627652853160404,30,6,5
hX,sd,ED|RR@TC,ED|RR,TC,1.4521692649475704,,30,6,5
hX,mean,ED|RR@TG,ED|RR,TG,-4.682414197777778,0.029960063045231765,30,6,5
hX,sd,ED|RR@TG,ED|RR,TG,1.346646259562929,,30,6,5
hX,mean,ED|RR@TT,ED|RR,TT,-4.999009788888888,0.05541387874661144,30,6,5
hX,sd,ED|RR@TT,ED|RR,TT,1.5743335807723962,,30,6,5
hX,mean,M:R@AA,M:R,AA,-5.3775514261333335,0.03230323414400326,250,42,5
hX,sd,M:R@AA,M:R,AA,1.250181602193657,,250,42,5
hX,mean,M:R@AC,M:R,AC,-6.057110085333334,0.05891442956934534,300,55,5
hX,sd,M:R@AC,M:R,AC,1.6396504358052906,,300,55,5
hX,mean,M:R@AG,M:R,AG,-5.623991046904762,0.02352722888626923,280,55,5
hX,sd,M:R@AG,M:R,AG,1.275336309663276,,280,55,5
hX,mean,M:R@AT,M:R,AT,-5.670053396848486,0.05069000352060379,275,53,5
hX,sd,M:R@AT,M:R,AT,1.6284925387109241,,275,53,5
hX,mean,M:R@CA,M:R,CA,-5.076005725333332,0.02836151611885436,300,54,5
hX,sd,M:R@CA,M:R,CA,1.0645027467426533,,300,54,5
hX,mean,M:R@CC,M:R,CC,-5.704604562222222,0.021500472967817208,300,53,5
hX,sd,M:R@CC,M:R,CC,1.1528845706412558,,300,53,5
hX,mean,M:R@CG,M:R,CG,-5.4861019174269,0.041938643144605596,285,51,5
hX,sd,M:R@CG,M:R,CG,1.309267827617145,,285,51,5
hX,mean,M:R@CT,M:R,CT,-5.57003646440678,0.03174479670417727,295,50,5
hX,sd,M:R@CT,M:R,CT,1.2885131619247436,,295,50,5
hX,mean,M:R@GA,M:R,GA,-5.243802098201058,0.025258080185777635,315,60,5
hX,sd,M:R@GA,M:R,GA,1.0790933446191826,,315,60,5
hX,mean,M:R@GC,M:R,GC,-5.649464921975309,0.045027424199289734,270,50,5
hX,sd,M:R@GC,M:R,GC,1.5133817546364683,,270,50,5
hX,mean,M:R@GG,M:R,GG,-5.495104690526315,0.022728494803992833,285,50,5
hX,sd,M:R@GG,M:R,GG,1.0905676432376294,,285,50,5
hX,mean,M:R@GT,M:R,GT,-5.950440349777778,0.06320494708601838,300,57,5
hX,sd,M:R@GT,M:R,GT,1.5659059712049037,,300,57,5
hX,mean,M:R@TA,M:R,TA,-4.667707007349082,0.019030073116596213,254,49,5
hX,sd,M:R@TA,M:R,TA,0.8741016861820122,,254,49,5
hX,mean,M:R@TC,M:R,TC,-5.0987363634972676,0.04653145174519838,305,56,5
hX,sd,M:R@TC,M:R,TC,1.2413266019557254,,305,56,5
hX,mean,M:R@TG,M:R,TG,-4.916429131103679,0.022842150004757436,299,56,5
hX,sd,M:R@TG,M:R,TG,1.0785354835748846,,299,56,5
hX,mean,M:R@TT,M:R,TT,-5.313799849795919,0.049194179641052466,245,44,5
hX,sd,M:R@TT,M:R,TT,1.303139799723899,,245,44,5
hX,mean,MD|RR@AA,MD|RR,AA,-5.285366522222222,0.056967827092235156,30,6,5
hX,sd,MD|RR@AA,MD|RR,AA,1.456129261318402,,30,6,5
hX,mean,MD|RR@AC,MD|RR,AC,-5.536359204444445,0.19593658683881052,30,6,5
hX,sd,MD|RR@AC,MD|RR,AC,2.1020491077581975,,30,6,5
hX,mean,MD|RR@AG,MD|RR,AG,-5.5530246666666665,0.033064843985899255,30,6,5
hX,sd,MD|RR@AG,MD|RR,AG,1.4637483249687062,,30,6,5
hX,mean,MD|RR@AT,MD|RR,AT,-4.767856726666667,0.08656094020236635,30,6,5
hX,sd,MD|RR@AT,MD|RR,AT,1.7194261182698476,,30,6,5
hX,mean,MD|RR@CA,MD|RR,CA,-4.710161986666667,0.038411126510832796,30,6,5
hX,sd,MD|RR@CA,MD|RR,CA,1.1109951640719467,,30,6,5
hX,mean,MD|RR@CC,MD|RR,CC,-5.5973644955555555,0.041079646361789304,30,6,5
hX,sd,MD|RR@CC,MD|RR,CC,1.325901973338625,,30,6,5
hX,mean,MD|RR@CG,MD|RR,CG,-5.895890513333334,0.24955773111482207,30,6,5
hX,sd,MD|RR@CG,MD|RR,CG,2.143004787603699,,30,6,5
hX,mean,MD|RR@CT,MD|RR,CT,-5.424679993333332,0.06127071952537681,30,6,5
hX,sd,MD|RR@CT,MD|RR,CT,1.4525357690312233,,30,6,5
hX,mean,MD|RR@GA,MD|RR,GA,-5.299988651111111,0.0911255502310787,30,6,5
hX,sd,MD|RR@GA,MD|RR,GA,1.3271373533103814,,30,6,5
hX,mean,MD|RR@GC,MD|RR,GC,-5.435182171111111,0.08463559037092987,30,6,5
hX,sd,MD|RR@GC,MD|RR,GC,1.8050582649391733,,30,6,5
hX,mean,MD|RR@GG,MD|RR,GG,-5.669007977777779,0.050611226460864314,30,6,5
hX,sd,MD|RR@GG,MD|RR,GG,1.2334437967898375,,30,6,5
hX,mean,MD|RR@GT,MD|RR,GT,-5.050439722222222,0.2996706193157668,30,6,5
hX,sd,MD|RR@GT,MD|RR,GT,1.8326623219258642,,30,6,5
hX,mean,MD|RR@TA,MD|RR,TA,-4.580143648888889,0.03875948388401212,30,6,5
hX,sd,MD|RR@TA,MD|RR,TA,0.9351200691795469,,30,6,5
hX,mean,MD|RR@TC,MD|RR,TC,-5.123719926666666,0.13088776580044403,30,6,5
hX,sd,MD|RR@TC,MD|RR,TC,1.4695788845599067,,30,6,5
hX,mean,MD|RR@TG,MD|RR,TG,-4.654972077777777,0.06657871038502283,30,6,5
hX,sd,MD|RR@TG,MD|RR,TG,1.18424517111109,,30,6,5
hX,mean,MD|RR@TT,MD|RR,TT,-5.1936812733333335,0.09573467041448477,30,6,5
hX,sd,MD|RR@TT,MD|RR,TT,1.6364785851328958,,30,6,5
hX,mean,R:R@AA,R:R,AA,-4.702575147325102,0.038338271490135134,162,25,5
hX,sd,R:R@AA,R:R,AA,1.588627844872635,,162,25,5
hX,mean,R:R@AC,R:R,AC,-4.911068921544715,0.04562070667855058,164,29,5
hX,sd,R:R@AC,R:R,AC,1.717149460587161,,164,29,5
hX,mean,R:R@AG,R:R,AG,-5.0769085703252035,0.02330424073380814,164,32,5
hX,sd,R:R@AG,R:R,AG,1.4684297485800037,,164,32,5
hX,mean,R:R@AT,R:R,AT,-4.550013807272727,0.034419673289029326,165,31,5
hX,sd,R:R@AT,R:R,AT,1.7207379376874377,,165,31,5
hX,mean,R:R@CA,R:R,CA,-4.495050788211382,0.01496522040725114,164,30,5
hX,sd,R:R@CA,R:R,CA,1.2701262545897798,,164,30,5
hX,mean,R:R@CC,R:R,CC,-5.121408591515151,0.018149987523198487,165,30,5
hX,sd,R:R@CC,R:R,CC,1.230287134672137,,165,30,5
hX,mean,R:R@CG,R:R,CG,-4.946980146666666,0.03436952425326445,165,28,5
hX,sd,R:R@CG,R:R,CG,1.539092757802548,,165,28,5
hX,mean,R:R@CT,R:R,CT,-5.10881392938856,0.019441266182779898,169,28,5
hX,sd,R:R@CT,R:R,CT,1.470545070312504,,169,28,5
hX,mean,R:R@GA,R:R,GA,-4.480883181818181,0.02419326344740119,165,31,5
hX,sd,R:R@GA,R:R,GA,1.4172729816932645,,165,31,5
hX,mean,R:R@GC,R:R,GC,-4.5285280101010095,0.02378226710967973,165,30,5
hX,sd,R:R@GC,R:R,GC,1.4706491775712374,,165,30,5
hX,mean,R:R@GG,R:R,GG,-5.1118521123689735,0.01918834631656603,159,28,5
hX,sd,R:R@GG,R:R,GG,1.2326671174009813,,159,28,5
hX,mean,R:R@GT,R:R,GT,-4.9993675531313135,0.032982039233453754,165,30,5
hX,sd,R:R@GT,R:R,GT,1.7632658547368179,,165,30,5
hX,mean,R:R@TA,R:R,TA,-4.370512261010101,0.014447033444417834,165,31,5
hX,sd,R:R@TA,R:R,TA,1.0593200882921792,,165,31,5
hX,mean,R:R@TC,R:R,TC,-4.450251032520325,0.024669272682442445,164,30,5
hX,sd,R:R@TC,R:R,TC,1.402718639523331,,164,30,5
hX,mean,R:R@TG,R:R,TG,-4.477212137698413,0.018152644190284874,168,32,5
hX,sd,R:R@TG,R:R,TG,1.288894545279716,,168,32,5
hX,mean,R:R@TT,R:R,TT,-4.672112122431867,0.04012006409229474,159,28,5
hX,sd,R:R@TT,R:R,TT,1.5462225606833384,,159,28,5
hY,mean,D:R@AA,D:R,AA,-0.405334626460481,0.04904630125553494,388,65,5
hY,sd,D:R@AA,D:R,AA,1.7848689656131587,,388,65,5
hY,mean,D:R@AC,D:R,AC,0.011284716096324468,0.0447567782568699,526,97,5
hY,sd,D:R@AC,D:R,AC,1.7045300693528658,,526,97,5
hY,mean,D:R@AG,D:R,AG,-0.3840601893670886,0.05157808430114846,395,76,5
hY,sd,D:R@AG,D:R,AG,1.7459732397144376,,395,76,5
hY,mean,D:R@AT,D:R,AT,-0.1377382672839506,0.05020000187127641,432,82,5
hY,sd,D:R@AT,D:R,AT,1.7586749960226589,,432,82,5
hY,mean,D:R@CA,D:R,CA,0.06908822492753623,0.05019268725138355,460,86,5
hY,sd,D:R@CA,D:R,CA,1.7011118495849642,,460,86,5
hY,mean,D:R@CC,D:R,CC,0.04155431376975169,0.030318138865725937,443,80,5
hY,sd,D:R@CC,D:R,CC,1.4256169702129564,,443,80,5
hY,mean,D:R@CG,D:R,CG,-0.8819295193527508,0.06225547225785453,515,92,5
hY,sd,D:R@CG,D:R,CG,1.8121943837435492,,515,92,5
hY,mean,D:R@CT,D:R,CT,-0.44544340743494426,0.028574720294451843,538,96,5
hY,sd,D:R@CT,D:R,CT,1.4109881750653772,,538,96,5
hY,mean,D:R@GA,D:R,GA,-0.5481568150537635,0.04488731820379544,403,77,5
hY,sd,D:R@GA,D:R,GA,1.6506502647863812,,403,77,5
hY,mean,D:R@GC,D:R,GC,0.17983725318518518,0.02211016554064632,450,85,5
hY,sd,D:R@GC,D:R,GC,1.2657866874877564,,450,85,5
hY,mean,D:R@GG,D:R,GG,-0.334754120620155,0.03502160363336782,430,78,5
hY,sd,D:R@GG,D:R,GG,1.4819251555991428,,430,78,5
hY,mean,D:R@GT,D:R,GT,0.041176603696369635,0.027780244800612332,505,94,5
hY,sd,D:R@GT,D:R,GT,1.5263069254823372,,505,94,5
hY,mean,D:R@TA,D:R,TA,-0.3321313249828884,0.03782874210514769,487,95,5
hY,sd,D:R@TA,D:R,TA,1.5286289957870758,,487,95,5
hY,mean,D:R@TC,D:R,TC,0.2442654578616352,0.02355187290982157,530,98,5
hY,sd,D:R@TC,D:R,TC,1.3339571740558762,,530,98,5
hY,mean,D:R@TG,D:R,TG,-0.7677591919766593,0.03814005068451162,457,87,5
hY,sd,D:R@TG,D:R,TG,1.6346957965512232,,457,87,5
hY,mean,D:R@TT,D:R,TT,-0.21623083018018016,0.022944988449787995,444,78,5
hY,sd,D:R@TT,D:R,TT,1.397174172584563,,444,78,5
hY,mean,DE|RR@AA,DE|RR,AA,-1.1614604266666666,0.12278092136198186,30,6,5
hY,sd,DE|RR@AA,DE|RR,AA,1.5797752963588094,,30,6,5
hY,mean,DE|RR@AC,DE|RR,AC,-0.7738426666666667,0.07136069436134274,30,6,5
hY,sd,DE|RR@AC,DE|RR,AC,1.4352061273756604,,30,6,5
hY,mean,DE|RR@AG,DE|RR,AG,-0.8225033711111112,0.08123160616069681,30,6,5
hY,sd,DE|RR@AG,DE|RR,AG,1.6179531184063691,,30,6,5
hY,mean,DE|RR@AT,DE|RR,AT,-1.066448528888889,0.09778780562424963,30,6,5
hY,sd,DE|RR@AT,DE|RR,AT,1.5761642362010002,,30,6,5
hY,mean,DE|RR@CA,DE|RR,CA,-1.5460492422222218,0.1641388192436372,30,6,5
hY,sd,DE|RR@CA,DE|RR,CA,1.5282438785364763,,30,6,5
hY,mean,DE|RR@CC,DE|RR,CC,-0.5770112044444444,0.03871052806236914,30,6,5
hY,sd,DE|RR@CC,DE|RR,CC,1.1158251659823408,,30,6,5
hY,mean,DE|RR@CG,DE|RR,CG,-1.6630902177777778,0.24457233812066395,30,6,5
hY,sd,DE|RR@CG,DE|RR,CG,1.992704946889806,,30,6,5
hY,mean,DE|RR@CT,DE|RR,CT,-1.0944684111111114,0.08829306892388501,30,6,5
hY,sd,DE|RR@CT,DE|RR,CT,1.2835583984228938,,30,6,5
hY,mean,DE|RR@GA,DE|RR,GA,-0.5532050044444445,0.07887140262425288,30,6,5
hY,sd,DE|RR@GA,DE|RR,GA,1.3352272411232426,,30,6,5
hY,mean,DE|RR@GC,DE|RR,GC,-0.4127044222222222,0.04231103573468407,30,6,5
hY,sd,DE|RR@GC,DE|RR,GC,1.1164413345549253,,30,6,5
hY,mean,DE|RR@GG,DE|RR,GG,-0.5854034311111111,0.05801616284006731,30,6,5
hY,sd,DE|RR@GG,DE|RR,GG,1.4848110791797182,,30,6,5
hY,mean,DE|RR@GT,DE|RR,GT,-0.4755659022222222,0.07663712787432832,30,6,5
hY,sd,DE|RR@GT,DE|RR,GT,1.3579676828386087,,30,6,5
hY,mean,DE|RR@TA,DE|RR,TA,-1.146458142222222,0.11623283580694566,30,6,5
hY,sd,DE|RR@TA,DE|RR,TA,1.422849607162443,,30,6,5
hY,mean,DE|RR@TC,DE|RR,TC,-0.47341630888888886,0.08691344708604933,30,6,5
hY,sd,DE|RR@TC,DE|RR,TC,1.1368866106283189,,30,6,5
hY,mean,DE|RR@TG,DE|RR,TG,-1.037286562222222,0.12281541796828663,30,6,5
hY,sd,DE|RR@TG,DE|RR,TG,1.6475133984800474,,30,6,5
hY,mean,DE|RR@TT,DE|RR,TT,-0.8196992873563219,0.11527834740165738,29,6,5
hY,sd,DE|RR@TT,DE|RR,TT,1.2525285381474025,,29,6,5
hY,mean,DM|RR@AA,DM|RR,AA,0.1977258088888889,0.04344013025231003,30,6,5
hY,sd,DM|RR@AA,DM|RR,AA,1.1207661076148414,,30,6,5
hY,mean,DM|RR@AC,DM|RR,AC,0.9911313111111112,0.10790079445913513,30,6,5
hY,sd,DM|RR@AC,DM|RR,AC,1.2948098179383691,,30,6,5
hY,mean,DM|RR@AG,DM|RR,AG,0.4611806466666667,0.04139146296939636,30,6,5
hY,sd,DM|RR@AG,DM|RR,AG,0.9119999879072851,,30,6,5
hY,mean,DM|RR@AT,DM|RR,AT,0.7339938533333333,0.11576234600495139,30,6,5
hY,sd,DM|RR@AT,DM|RR,AT,1.3291505706785653,,30,6,5
hY,mean,DM|RR@CA,DM|RR,CA,0.2681793244444445,0.12110162947106748,30,6,5
hY,sd,DM|RR@CA,DM|RR,CA,0.9122979928481972,,30,6,5
hY,mean,DM|RR@CC,DM|RR,CC,0.5613362422222221,0.04749201208413223,30,6,5
hY,sd,DM|RR@CC,DM|RR,CC,1.027559396517672,,30,6,5
hY,mean,DM|RR@CG,DM|RR,CG,0.09578278000000001,0.07539473005471758,30,6,5
hY,sd,DM|RR@CG,DM|RR,CG,0.8439626175056987,,30,6,5
hY,mean,DM|RR@CT,DM|RR,CT,0.2536245222222222,0.049809576439080475,30,6,5
hY,sd,DM|RR@CT,DM|RR,CT,1.1119475460699573,,30,6,5
hY,mean,DM|RR@GA,DM|RR,GA,0.2667836422222222,0.025690543038764974,30,6,5
hY,sd,DM|RR@GA,DM|RR,GA,1.1595049634499148,,30,6,5
hY,mean,DM|RR@GC,DM|RR,GC,0.9383387177777779,0.06714165589343389,30,6,5
hY,sd,DM|RR@GC,DM|RR,GC,1.0612307241652397,,30,6,5
hY,mean,DM|RR@GG,DM|RR,GG,0.40197288222222227,0.027422327807408768,30,6,5
hY,sd,DM|RR@GG,DM|RR,GG,0.9728122883488642,,30,6,5
hY,mean,DM|RR@GT,DM|RR,GT,0.8085997022222222,0.1389454849918382,30,6,5
hY,sd,DM|RR@GT,DM|RR,GT,1.1417516035156203,,30,6,5
hY,mean,DM|RR@TA,DM|RR,TA,0.09054721555555553,0.04363619184660328,30,6,5
hY,sd,DM|RR@TA,DM|RR,TA,1.0124970653693721,,30,6,5
hY,mean,DM|RR@TC,DM|RR,TC,0.8603776977777778,0.041336513151281166,30,6,5
hY,sd,DM|RR@TC,DM|RR,TC,1.032908141718853,,30,6,5
hY,mean,DM|RR@TG,DM|RR,TG,0.03955869555555554,0.03820550108048697,30,6,5
hY,sd,DM|RR@TG,DM|RR,TG,0.9177959378578817,,30,6,5
hY,mean,DM|RR@TT,DM|RR,TT,0.32347338000000003,0.13978131012257375,30,6,5
hY,sd,DM|RR@TT,DM|RR,TT,1.1505563278935924,,30,6,5
hY,mean,E:R@AA,E:R,AA,-0.5914990183727034,0.06943532471712902,254,42,5
hY,sd,E:R@AA,E:R,AA,2.1567886417732924,,254,42,5
hY,mean,E:R@AC,E:R,AC,-0.7289957489316239,0.05016833937079632,312,57,5
hY,sd,E:R@AC,E:R,AC,1.8026492100239835,,312,57,5
hY,mean,E:R@AG,E:R,AG,-0.4552840946301924,0.03866681153237497,329,63,5
hY,sd,E:R@AG,E:R,AG,1.9498963890748822,,329,63,5
hY,mean,E:R@AT,E:R,AT,-0.9522029696296295,0.05904537814854301,270,51,5
hY,sd,E:R@AT,E:R,AT,2.021606762089716,,270,51,5
hY,mean,E:R@CA,E:R,CA,-1.4836488758082498,0.034498092173666395,299,56,5
hY,sd,E:R@CA,E:R,CA,1.8850425266661512,,299,56,5
hY,mean,E:R@CC,E:R,CC,-0.7334577806060607,0.025750458140015017,275,49,5
hY,sd,E:R@CC,E:R,CC,1.3279598450533476,,275,49,5
hY,mean,E:R@CG,E:R,CG,-1.5758711478787877,0.04970376863322935,275,49,5
hY,sd,E:R@CG,E:R,CG,2.2870103928864567,,275,49,5
hY,mean,E:R@CT,E:R,CT,-0.9519918646929825,0.03082494685200659,304,55,5
hY,sd,E:R@CT,E:R,CT,1.5597558702288281,,304,55,5
hY,mean,E:R@GA,E:R,GA,-0.6741328365663322,0.05737083565879311,299,56,5
hY,sd,E:R@GA,E:R,GA,1.7870421849361233,,299,56,5
hY,mean,E:R@GC,E:R,GC,-0.799370935959596,0.030845512592399937,330,62,5
hY,sd,E:R@GC,E:R,GC,1.45525240900853,,330,62,5
hY,mean,E:R@GG,E:R,GG,-0.5171240014492754,0.03397567933104936,230,42,5
hY,sd,E:R@GG,E:R,GG,1.454822357102761,,230,42,5
hY,mean,E:R@GT,E:R,GT,-0.941508639892905,0.03507146302937045,249,46,5
hY,sd,E:R@GT,E:R,GT,1.6911135557966772,,249,46,5
hY,mean,E:R@TA,E:R,TA,-0.744009988261351,0.03663405435429747,301,56,5
hY,sd,E:R@TA,E:R,TA,1.7898727266159824,,301,56,5
hY,mean,E:R@TC,E:R,TC,-0.8268350697222222,0.03210524418449732,240,44,5
hY,sd,E:R@TC,E:R,TC,1.4349125670266933,,240,44,5
hY,mean,E:R@TG,E:R,TG,-0.8683470775086505,0.051997932382905315,289,57,5
hY,sd,E:R@TG,E:R,TG,2.1868402407754424,,289,57,5
hY,mean,E:R@TT,E:R,TT,-1.3336476940606061,0.0527751351614486,275,46,5
hY,sd,E:R@TT,E:R,TT,1.6125794216061766,,275,46,5
hY,mean,ED|RR@AA,ED|RR,AA,0.09011233777777779,0.09653203937086778,30,6,5
hY,sd,ED|RR@AA,ED|RR,AA,1.713225788797208,,30,6,5
hY,mean,ED|RR@AC,ED|RR,AC,0.5474494436781608,0.10609486798216468,29,6,5
hY,sd,ED|RR@AC,ED|RR,AC,1.5842309488662978,,29,6,5
hY,mean,ED|RR@AG,ED|RR,AG,0.30320979555555555,0.13247285397375091,30,6,5
hY,sd,ED|RR@AG,ED|RR,AG,1.479373181475553,,30,6,5
hY,mean,ED|RR@AT,ED|RR,AT,0.640681748888889,0.07067456048988545,30,6,5
hY,sd,ED|RR@AT,ED|RR,AT,1.7360145589762552,,30,6,5
hY,mean,ED|RR@CA,ED|RR,CA,-0.17216525555555556,0.1644754117784812,30,6,5
hY,sd,ED|RR@CA,ED|RR,CA,1.5942890574571555,,30,6,5
hY,mean,ED|RR@CC,ED|RR,CC,0.4867509622222222,0.04679372475823891,30,6,5
hY,sd,ED|RR@CC,ED|RR,CC,1.1700766873960975,,30,6,5
hY,mean,ED|RR@CG,ED|RR,CG,-0.03752139555555557,0.06528649310444326,30,6,5
hY,sd,ED|RR@CG,ED|RR,CG,1.5271932285786818,,30,6,5
hY,mean,ED|RR@CT,ED|RR,CT,0.25487058222222214,0.09205892629335355,30,6,5
hY,sd,ED|RR@CT,ED|RR,CT,1.3231455263825727,,30,6,5
hY,mean,ED|RR@GA,ED|RR,GA,0.02076765111111111,0.10216355914065649,30,6,5
hY,sd,ED|RR@GA,ED|RR,GA,1.4541916113022753,,30,6,5
hY,mean,ED|RR@GC,ED|RR,GC,0.2890783911111111,0.07677954149749844,30,6,5
hY,sd,ED|RR@GC,ED|RR,GC,1.3040141968629242,,30,6,5
hY,mean,ED|RR@GG,ED|RR,GG,-0.016880231111111105,0.07321650669570126,30,6,5
hY,sd,ED|RR@GG,ED|RR,GG,1.1657488323603737,,30,6,5
hY,mean,ED|RR@GT,ED|RR,GT,0.4879502044444445,0.12401474977732857,30,6,5
hY,sd,ED|RR@GT,ED|RR,GT,1.5300419450298233,,30,6,5
hY,mean,ED|RR@TA,ED|RR,TA,-0.023917641379310354,0.11173124864441464,29,6,5
hY,sd,ED|RR@TA,ED|RR,TA,1.2500661554733115,,29,6,5
hY,mean,ED|RR@TC,ED|RR,TC,0.5491011733333334,0.08815111662326003,30,6,5
hY,sd,ED|RR@TC,ED|RR,TC,1.2236850892366404,,30,6,5
hY,mean,ED|RR@TG,ED|RR,TG,0.3151671066666667,0.08421208469503065,30,6,5
hY,sd,ED|RR@TG,ED|RR,TG,1.338756934959655,,30,6,5
hY,mean,ED|RR@TT,ED|RR,TT,0.24729736,0.09496269566005014,30,6,5
hY,sd,ED|RR@TT,ED|RR,TT,1.373682486927801,,30,6,5
hY,mean,M:R@AA,M:R,AA,0.20610397013333331,0.036936090079396924,250,42,5
hY,sd,M:R@AA,M:R,AA,1.4346984497001265,,250,42,5
hY,mean,M:R@AC,M:R,AC,0.6635879951111111,0.027460537723700176,300,55,5
hY,sd,M:R@AC,M:R,AC,1.4247372667433802,,300,55,5
hY,mean,M:R@AG,M:R,AG,0.13083902357142854,0.029224761072144303,280,55,5
hY,sd,M:R@AG,M:R,AG,1.3709691281670524,,280,55,5
hY,mean,M:R@AT,M:R,AT,0.581410641939394,0.025042733942366984,275,53,5
hY,sd,M:R@AT,M:R,AT,1.4684508187940764,,275,53,5
hY,mean,M:R@CA,M:R,CA,-0.11784415755555555,0.040359919773226276,300,54,5
hY,sd,M:R@CA,M:R,CA,1.1815408778702359,,300,54,5
hY,mean,M:R@CC,M:R,CC,0.2900048697777778,0.013813681865098707,300,53,5
hY,sd,M:R@CC,M:R,CC,0.9757010021883006,,300,53,5
hY,mean,M:R@CG,M:R,CG,-0.11689045473684206,0.04284593745957624,285,51,5
hY,sd,M:R@CG,M:R,CG,1.353540186439453,,285,51,5
hY,mean,M:R@CT,M:R,CT,0.016027283389830504,0.02464701633710293,295,50,5
hY,sd,M:R@CT,M:R,CT,1.1380629795809567,,295,50,5
hY,mean,M:R@GA,M:R,GA,0.12611946095238094,0.04073286804706696,315,60,5
hY,sd,M:R@GA,M:R,GA,1.2577066466946596,,315,60,5
hY,mean,M:R@GC,M:R,GC,0.6978585980246913,0.019358035417209228,270,50,5
hY,sd,M:R@GC,M:R,GC,1.1250138659533597,,270,50,5
hY,mean,M:R@GG,M:R,GG,0.0390914734502924,0.027060964386873422,285,50,5
hY,sd,M:R@GG,M:R,GG,1.0772831524045479,,285,50,5
hY,mean,M:R@GT,M:R,GT,0.4489768486666667,0.03010960728997997,300,57,5
hY,sd,M:R@GT,M:R,GT,1.2955710512917804,,300,57,5
hY,mean,M:R@TA,M:R,TA,-0.22386791522309707,0.02986249526066993,254,49,5
hY,sd,M:R@TA,M:R,TA,1.0712524959029974,,254,49,5
hY,mean,M:R@TC,M:R,TC,0.31491532284153,0.02711124234480045,305,56,5
hY,sd,M:R@TC,M:R,TC,1.082487170539114,,305,56,5
hY,mean,M:R@TG,M:R,TG,-0.09151692352285397,0.037401205572464666,299,56,5
hY,sd,M:R@TG,M:R,TG,1.2280788057370766,,299,56,5
hY,mean,M:R@TT,M:R,TT,-0.2653480340136054,0.03840745135788903,245,44,5
hY,sd,M:R@TT,M:R,TT,1.1944465226905376,,245,44,5
hY,mean,MD|RR@AA,MD|RR,AA,0.24110049333333333,0.15376808475927511,30,6,5
hY,sd,MD|RR@AA,MD|RR,AA,1.758402749075633,,30,6,5
hY,mean,MD|RR@AC,MD|RR,AC,1.3246485644444443,0.13702020761150674,30,6,5
hY,sd,MD|RR@AC,MD|RR,AC,1.7036964778730133,,30,6,5
hY,mean,MD|RR@AG,MD|RR,AG,0.11415207555555555,0.07876253585814715,30,6,5
hY,sd,MD|RR@AG,MD|RR,AG,1.6234245074929041,,30,6,5
hY,mean,MD|RR@AT,MD|RR,AT,1.5932197177777776,0.13878357812131822,30,6,5
hY,sd,MD|RR@AT,MD|RR,AT,1.6601358182417294,,30,6,5
hY,mean,MD|RR@CA,MD|RR,CA,0.49348047999999994,0.08930646494679337,30,6,5
hY,sd,MD|RR@CA,MD|RR,CA,1.4313504085057387,,30,6,5
hY,mean,MD|RR@CC,MD|RR,CC,1.0794450577777779,0.09386037751701863,30,6,5
hY,sd,MD|RR@CC,MD|RR,CC,1.440983010856774,,30,6,5
hY,mean,MD|RR@CG,MD|RR,CG,-0.5105370711111111,0.12441616392525347,30,6,5
hY,sd,MD|RR@CG,MD|RR,CG,1.91833675021824,,30,6,5
hY,mean,MD|RR@CT,MD|RR,CT,0.7529610111111112,0.15919246788537397,30,6,5
hY,sd,MD|RR@CT,MD|RR,CT,1.372243630850303,,30,6,5
hY,mean,MD|RR@GA,MD|RR,GA,-0.34181703111111106,0.1382402776109039,30,6,5
hY,sd,MD|RR@GA,MD|RR,GA,1.5914868425945545,,30,6,5
hY,mean,MD|RR@GC,MD|RR,GC,0.6576805933333334,0.04003810138609986,30,6,5
hY,sd,MD|RR@GC,MD|RR,GC,1.294907248935321,,30,6,5
hY,mean,MD|RR@GG,MD|RR,GG,-0.1136420288888889,0.05063523940111686,30,6,5
hY,sd,MD|RR@GG,MD|RR,GG,1.2442721621057067,,30,6,5
hY,mean,MD|RR@GT,MD|RR,GT,1.03673286,0.19935700905455547,30,6,5
hY,sd,MD|RR@GT,MD|RR,GT,1.5636746244789306,,30,6,5
hY,mean,MD|RR@TA,MD|RR,TA,-0.17231370444444444,0.09851850461358562,30,6,5
hY,sd,MD|RR@TA,MD|RR,TA,1.2588112354376766,,30,6,5
hY,mean,MD|RR@TC,MD|RR,TC,0.8424910399999999,0.1309799378688144,30,6,5
hY,sd,MD|RR@TC,MD|RR,TC,1.3767570322178544,,30,6,5
hY,mean,MD|RR@TG,MD|RR,TG,-0.2665545644444444,0.07042745794869232,30,6,5
hY,sd,MD|RR@TG,MD|RR,TG,1.2983517118889705,,30,6,5
hY,mean,MD|RR@TT,MD|RR,TT,0.5265620133333333,0.07626263335070754,30,6,5
hY,sd,MD|RR@TT,MD|RR,TT,1.4392024995580066,,30,6,5
hY,mean,R:R@AA,R:R,AA,0.10721381399176955,0.03191590868554987,162,25,5
hY,sd,R:R@AA,R:R,AA,1.6292369605558221,,162,25,5
hY,mean,R:R@AC,R:R,AC,0.3101663906504065,0.03231360423347368,164,29,5
hY,sd,R:R@AC,R:R,AC,1.4983094001598611,,164,29,5
hY,mean,R:R@AG,R:R,AG,0.40673511300813014,0.026903602924140815,164,32,5
hY,sd,R:R@AG,R:R,AG,1.43741727130054,,164,32,5
hY,mean,R:R@AT,R:R,AT,-0.1123862698989899,0.040488139214317515,165,31,5
hY,sd,R:R@AT,R:R,AT,1.7088129151963234,,165,31,5
hY,mean,R:R@CA,R:R,CA,-0.2914447207317073,0.04501642699399243,164,30,5
hY,sd,R:R@CA,R:R,CA,1.445097028722268,,164,30,5
hY,mean,R:R@CC,R:R,CC,-0.03845658949494949,0.02065216910162232,165,30,5
hY,sd,R:R@CC,R:R,CC,1.109211505073511,,165,30,5
hY,mean,R:R@CG,R:R,CG,-0.022315664242424236,0.0516598600940275,165,28,5
hY,sd,R:R@CG,R:R,CG,1.5511229190605351,,165,28,5
hY,mean,R:R@CT,R:R,CT,-0.3677147380670611,0.03019635619685263,169,28,5
hY,sd,R:R@CT,R:R,CT,1.4117119627096615,,169,28,5
hY,mean,R:R@GA,R:R,GA,-0.29335576080808085,0.029848684981404236,165,31,5
hY,sd,R:R@GA,R:R,GA,1.3918221370782495,,165,31,5
hY,mean,R:R@GC,R:R,GC,-0.012518074747474746,0.016949342078301136,165,30,5
hY,sd,R:R@GC,R:R,GC,1.0995003536852204,,165,30,5
hY,mean,R:R@GG,R:R,GG,0.04092968972746331,0.020561155246395072,159,28,5
hY,sd,R:R@GG,R:R,GG,1.1145960582422663,,159,28,5
hY,mean,R:R@GT,R:R,GT,-0.2672515191919192,0.03871366682269626,165,30,5
hY,sd,R:R@GT,R:R,GT,1.5337605079311374,,165,30,5
hY,mean,R:R@TA,R:R,TA,-0.03546590505050505,0.03361365256280262,165,31,5
hY,sd,R:R@TA,R:R,TA,1.2902810570913912,,165,31,5
hY,mean,R:R@TC,R:R,TC,0.3722616284552845,0.04137699607512581,164,30,5
hY,sd,R:R@TC,R:R,TC,1.365773353699135,,164,30,5
hY,mean,R:R@TG,R:R,TG,0.2974374900793651,0.037672635458812415,168,32,5
hY,sd,R:R@TG,R:R,TG,1.4529051565355366,,168,32,5
hY,mean,R:R@TT,R:R,TT,-0.10456062431865827,0.04866057299472191,159,28,5
hY,sd,R:R@TT,R:R,TT,1.5840568529017278,,159,28,5
