{
  "A": [
    -0.01032282,
    0.003136005,
    -0.00305681,
    0.007715657,
    0.0,
    0.0,
    -0.01667942,
    -0.07365609,
    -0.01803916,
    -0.054889,
    -0.043132147,
    -0.007929123,
    -0.00125416,
    0.002206189
  ],
  "C": [
    0.012265437,
    -0.005505833,
    -0.015755671,
    0.020965877,
    0.0,
    1.8e-15,
    0.06663978,
    0.06678766,
    -0.10665088,
    0.02336113,
    0.024941758,
    -0.033295411,
    0.005095898,
    -0.012100435
  ],
  "G": [
    -0.002194694,
    4.49701e-05,
    0.007817385,
    -0.044064409,
    1.8e-15,
    0.0,
    -0.01224785,
    0.04965035,
    0.05090317,
    0.0453844,
    0.058558984,
    -0.053753251,
    -0.025738673,
    0.015062984
  ],
  "T": [
    0.003921987,
    0.00169841,
    0.008358475,
    0.05226517,
    0.0,
    0.0,
    0.02785011,
    -0.03534451,
    0.09438379,
    0.02260767,
    0.006754902,
    0.050369343,
    0.013656149,
    -0.002621679
  ]
}