{
  "AA": [
    1.034580943,
    1.018826222,
    1.024482817,
    1,
    1,
    1,
    1.22767613,
    1.212592734,
    1.031978023,
    1.292957881,
    1.156949568,
    1.052192596,
    1.033186718
  ],
  "AC": [
    1.013798847,
    1.027510643,
    0.934442853,
    1,
    1,
    1,
    0.780064411,
    1.473421644,
    1.136768362,
    1.05108877,
    1.235116615,
    0.962446851,
    1.028000724
  ],
  "AG": [
    1.036156436,
    0.9614873,
    1.131371407,
    0.976055176,
    1,
    1,
    0.921321222,
    1.136851228,
    0.885315979,
    0.975282065,
    1.339908267,
    1.090384521,
    0.961593693
  ],
  "AT": [
    1.045492246,
    0.956757039,
    0.850666672,
    1,
    1,
    1,
    1.182812892,
    1.043331662,
    1.045918218,
    1.218641979,
    0.959055023,
    1.000022125,
    0.97205352
  ],
  "CA": [
    0.93541119,
    1.026581632,
    1.02374165,
    1,
    1,
    1.05175268,
    1.058936144,
    0.917407124,
    1.613230502,
    1.106733695,
    0.962860867,
    1.090527777,
    0.957250142
  ],
  "CC": [
    0.965656248,
    1.038723322,
    0.999513212,
    1,
    1,
    0.793238713,
    0.278870162,
    1.087803513,
    0.975081115,
    0.726473839,
    0.965907216,
    1.09737468,
    1.011905921
  ],
  "CG": [
    0.991008071,
    1.030408,
    1.177259178,
    0.93494567,
    1,
    1.038012768,
    0.643027387,
    0.850066158,
    1.072720436,
    0.684503527,
    1.140877167,
    1.223276971,
    0.958741658
  ],
  "CT": [
    0.951309179,
    0.939059834,
    0.872064418,
    1,
    1,
    0.913562529,
    0.82353148,
    0.457520421,
    1.336896502,
    0.942832543,
    0.786514058,
    1.026693092,
    1.028711341
  ],
  "GA": [
    1.047554939,
    1.001469525,
    0.918385648,
    1,
    1,
    1,
    1.374161947,
    0.851474584,
    1.122867193,
    1.041440368,
    0.88526904,
    1.221600245,
    1.068627241
  ],
  "GC": [
    1.02773486,
    1.069340632,
    0.918927935,
    1,
    1,
    1,
    0.8885248,
    1.258451508,
    0.703619912,
    0.801531324,
    0.871885094,
    1.164950559,
    1.098942302
  ],
  "GG": [
    0.984268923,
    0.967089256,
    1.122743682,
    1.136718465,
    1,
    1,
    0.883009219,
    0.544746377,
    0.847265273,
    0.854572449,
    0.809579308,
    1.100296655,
    1.009029082
  ],
  "GT": [
    0.965786157,
    0.992698196,
    0.827354996,
    1,
    1,
    1,
    1.121079443,
    0.579256263,
    0.813472487,
    0.753701743,
    0.678559486,
    1.134080515,
    1.118065283
  ],
  "TA": [
    0.950732646,
    0.990880285,
    0.947854706,
    1,
    1,
    1,
    1.094876889,
    1.277746965,
    0.86458754,
    1.008421263,
    0.972288123,
    0.805586985,
    0.893124413
  ],
  "TC": [
    1.068632466,
    1.063656018,
    0.912403156,
    1,
    1,
    1,
    0.675706213,
    1.388288314,
    0.786309723,
    0.97084722,
    1.160318605,
    0.862661042,
    1.029609296
  ],
  "TG": [
    0.969813603,
    0.95271711,
    1.126524805,
    0.837843668,
    1,
    1,
    0.713497937,
    1.134028512,
    0.55352918,
    0.803374283,
    1.088264466,
    0.89911859,
    0.900435986
  ],
  "TT": [
    0.985343146,
    1.010337215,
    0.792609092,
    1,
    1,
    1,
    1.065756828,
    0.700107153,
    0.531712161,
    0.851977674,
    0.82073783,
    0.846883206,
    0.9808871
  ]
}