{
  "A": [
    1.032029719,
    0.99026958,
    1.009484692,
    0.976059805,
    1,
    1,
    1.051753022,
    1.228540635,
    1.055972033,
    1.170309976,
    1.133830729,
    1.024602539,
    1.003891416,
    0.993154621
  ],
  "C": [
    0.961942716,
    1.017083538,
    1.048886807,
    0.934946929,
    1,
    1,
    0.793229622,
    0.792770778,
    1.330917101,
    0.927514921,
    0.922610538,
    1.103309236,
    0.984188412,
    1.037545315
  ],
  "G": [
    1.006809712,
    0.999860466,
    0.975744163,
    1.136723358,
    1,
    1,
    1.038002715,
    0.845944545,
    0.842057286,
    0.859180964,
    0.818302772,
    1.166785966,
    1.079862136,
    0.953262467
  ],
  "T": [
    0.987830831,
    0.994730161,
    0.974065265,
    0.837831263,
    1,
    1,
    0.913586483,
    1.109667194,
    0.707145312,
    0.929852762,
    0.979040843,
    0.843713648,
    0.957627605,
    1.008134564
  ]
}