{
  "AA": [
    -0.011145051,
    -0.006067481,
    -0.007890538,
    0,
    0.0,
    0,
    -0.07337747,
    -0.06851626,
    -0.010306159,
    -0.094417048,
    -0.05058309,
    -0.0168,
    -0.010695708
  ],
  "AC": [
    -0.004447214,
    -0.008866372,
    0.021128335,
    0,
    0.0,
    0,
    0.07088278,
    -0.1525785,
    -0.044078913,
    -0.016465339,
    -0.075775455,
    0.0121,
    -0.00902432
  ],
  "AG": [
    -0.011652815,
    0.012412212,
    -0.042339535,
    0.007717149,
    0.0,
    0,
    0.02535729,
    -0.04410562,
    0.036961377,
    0.007966314,
    -0.109548632,
    -0.0291,
    0.012377923
  ],
  "AT": [
    -0.014661642,
    0.013936723,
    0.048128461,
    0,
    0.0,
    0,
    -0.05891855,
    -0.01396531,
    -0.014798928,
    -0.070465864,
    0.013196108,
    -7.13e-06,
    0.009006838
  ],
  "CA": [
    0.020816251,
    -0.008566963,
    -0.007651668,
    0,
    0.0,
    -0.01667931,
    -0.01899446,
    0.02661876,
    -0.197637331,
    -0.034399076,
    0.011969527,
    -0.0292,
    0.013777801
  ],
  "CC": [
    0.011068607,
    -0.012480093,
    0.000156886,
    0,
    0.0,
    0.06663685,
    0.23241208,
    -0.02829809,
    0.008031078,
    0.088154422,
    0.010987723,
    -0.0314,
    -0.003837145
  ],
  "CG": [
    0.002897998,
    -0.009800158,
    -0.05712865,
    0.020966283,
    0.0,
    -0.01225109,
    0.11504828,
    0.048322,
    -0.023436983,
    0.101680984,
    -0.045403135,
    -0.072,
    0.013297102
  ],
  "CT": [
    0.015692507,
    0.019640334,
    0.041232207,
    0,
    0.0,
    0.02785783,
    0.05687383,
    0.1748351,
    -0.108577974,
    0.018424432,
    0.068804131,
    -0.0086,
    -0.009253344
  ],
  "GA": [
    -0.015326425,
    -0.000473612,
    0.026303393,
    0,
    0.0,
    0,
    -0.12058821,
    0.04786808,
    -0.039598722,
    -0.013355767,
    0.036976505,
    -0.0714,
    -0.022117792
  ],
  "GC": [
    -0.008938635,
    -0.02234771,
    0.02612862,
    0,
    1.8e-15,
    0,
    0.03592721,
    -0.08329603,
    0.095519987,
    0.063964234,
    0.041290001,
    -0.0532,
    -0.031887997
  ],
  "GG": [
    0.00506995,
    0.010606765,
    -0.039558916,
    -0.044062832,
    0.0,
    0,
    0.03770482,
    0.14672315,
    0.049224694,
    0.046869673,
    0.061370459,
    -0.0323,
    -0.002909972
  ],
  "GT": [
    0.011026739,
    0.00235329,
    0.055641554,
    0,
    0.0,
    0,
    -0.03902255,
    0.135601,
    0.060115731,
    0.079379173,
    0.103596682,
    -0.0432,
    -0.03805112
  ],
  "TA": [
    0.015878317,
    0.002939182,
    0.016805845,
    0,
    0.0,
    0,
    -0.03057776,
    -0.08951474,
    0.043641921,
    -0.002714079,
    0.008931228,
    0.0627,
    0.034444806
  ],
  "TC": [
    -0.022119476,
    -0.020515622,
    0.028231483,
    0,
    0.0,
    0,
    0.10451626,
    -0.12514098,
    0.068869986,
    0.009395615,
    -0.051668893,
    0.0443,
    -0.009542745
  ],
  "TG": [
    0.009728738,
    0.015238746,
    -0.040777529,
    0.052261172,
    0.0,
    0,
    0.09233641,
    -0.04319589,
    0.143892551,
    0.063370269,
    -0.02844665,
    0.0325,
    0.032088368
  ],
  "TT": [
    0.00472374,
    -0.003331569,
    0.06683977,
    0,
    0.0,
    0,
    -0.02119269,
    0.09665211,
    0.150923932,
    0.04770594,
    0.057774192,
    0.0493,
    0.006159874
  ]
}