{
  "A": [
    -0.002354787,
    0.003294872,
    0.006780463,
    0.0,
    0.0,
    -0.01114242,
    0.01506308,
    0.07217545,
    0.07568231,
    -0.043834023,
    -0.12996776,
    -0.03597764,
    -0.07797353,
    -0.067145423,
    -0.001961368,
    0.000131249
  ],
  "C": [
    0.004994686,
    -0.006945926,
    -0.018221328,
    0.018770769,
    -1.47e-15,
    0.00623508,
    0.05518087,
    0.08449527,
    0.06051392,
    0.101195572,
    0.07935141,
    -0.10888559,
    0.01620083,
    0.023277155,
    -0.031108229,
    0.011287499
  ],
  "G": [
    -0.009785106,
    -0.000962357,
    0.007479555,
    -0.009842844,
    0.0,
    -0.0285429,
    -0.06796898,
    -0.09867123,
    -0.07455191,
    -0.023284051,
    0.06047636,
    0.06222209,
    0.04648892,
    0.053950661,
    -0.053136271,
    -0.01013757
  ],
  "T": [
    0.014523727,
    0.005043385,
    -0.006490964,
    0.0,
    0.0,
    0.05924024,
    0.06116798,
    0.05436943,
    0.01077339,
    0.001273785,
    -0.07412014,
    0.11244672,
    0.01139138,
    -0.008432221,
    0.065214638,
    0.004101607
  ]
}