{
  "AA": [
    1.013561294,
    0.989309514,
    1.0,
    1.0,
    1.0,
    1.023765231,
    0.81997956,
    0.683617522,
    0.971639075,
    1.462681415,
    1.408009334,
    1.096245976,
    1.37276876,
    1.192720542,
    1.038852177
  ],
  "AC": [
    1.009896451,
    1.032761675,
    0.913043381,
    1.0,
    1.0,
    0.843396362,
    0.683566739,
    0.635262644,
    0.595291152,
    0.885492395,
    1.511866354,
    1.203999326,
    1.113834059,
    1.261164597,
    0.921395394
  ],
  "AG": [
    1.000942255,
    0.964429786,
    1.018670617,
    1.0,
    1.0,
    1.186366167,
    1.179143021,
    1.015206573,
    0.835694149,
    0.96216705,
    1.204096161,
    0.924277022,
    0.994906994,
    1.275558952,
    1.044829897
  ],
  "AT": [
    0.996428594,
    1.010611927,
    1.0,
    1.0,
    1.0,
    0.886429611,
    0.902651247,
    0.745308259,
    0.77489067,
    1.272588995,
    1.090278878,
    1.072615678,
    1.29062632,
    0.984014923,
    0.982975867
  ],
  "CA": [
    0.972840646,
    1.00144043,
    1.0,
    1.0,
    1.027814582,
    0.950417861,
    0.718642517,
    0.584539735,
    0.940431715,
    1.03099928,
    0.889117137,
    1.562032345,
    1.162515472,
    0.962195816,
    1.071497303
  ],
  "CC": [
    0.996252294,
    1.073070601,
    0.979504588,
    0.953152414,
    0.984438578,
    0.908123175,
    0.740700025,
    0.795241199,
    0.65254031,
    0.463459803,
    1.0158601,
    1.039541861,
    0.833092581,
    0.971023313,
    1.021061642
  ],
  "CG": [
    1.00703743,
    1.005497542,
    1.080056505,
    1.0,
    1.071235469,
    1.121030246,
    1.090070518,
    0.98038133,
    0.894331132,
    0.620119916,
    0.79801112,
    1.114775673,
    0.782208147,
    1.157686853,
    1.157244048
  ],
  "CT": [
    0.967122673,
    1.005411224,
    1.0,
    1.0,
    0.852155846,
    0.84666394,
    0.68541207,
    0.696819321,
    0.795551595,
    0.888991053,
    0.483590245,
    1.369487708,
    1.011993013,
    0.782766877,
    1.019775947
  ],
  "GA": [
    1.015965773,
    0.970368532,
    1.0,
    1.0,
    1.0,
    1.060046744,
    1.012568265,
    1.165262949,
    1.384646731,
    1.494856839,
    0.912576527,
    1.039420767,
    1.060580282,
    0.853706234,
    1.111534895
  ],
  "GC": [
    1.050589219,
    1.051940314,
    0.964210365,
    1.024564238,
    1.0,
    0.894276144,
    0.907336522,
    0.999521627,
    0.869427898,
    0.902978971,
    1.21522523,
    0.80103988,
    0.848807923,
    0.952613471,
    1.149413383
  ],
  "GG": [
    1.021427408,
    0.988346621,
    0.990855047,
    1.0,
    1.0,
    1.265541507,
    1.442954022,
    1.417620124,
    1.266932802,
    0.874627001,
    0.550896328,
    0.855301386,
    0.870455271,
    0.885265551,
    1.093370223
  ],
  "GT": [
    1.010613234,
    1.021180237,
    1.0,
    1.0,
    1.0,
    0.904030205,
    1.010712969,
    1.244235322,
    1.185588531,
    1.252045957,
    0.637512029,
    0.774971689,
    0.82802004,
    0.720969079,
    1.171708049
  ],
  "TA": [
    0.942018214,
    0.96993321,
    1.0,
    1.0,
    1.0,
    0.793523471,
    0.67449128,
    0.640987437,
    1.040044196,
    1.244837426,
    1.330816612,
    0.859522861,
    1.055104356,
    0.98490024,
    0.821998415
  ],
  "TC": [
    1.000010862,
    1.018339054,
    0.962504382,
    1.0,
    1.0,
    0.766380487,
    0.646386608,
    0.712535098,
    0.696517854,
    0.746328191,
    1.40140672,
    0.831486702,
    1.017450648,
    1.156869517,
    0.827786535
  ],
  "TG": [
    0.964754986,
    0.967746222,
    1.041719751,
    1.0,
    1.0,
    1.006595589,
    1.084266023,
    1.062219737,
    1.024606121,
    0.875371057,
    1.172838746,
    0.617121381,
    0.851523017,
    1.136488152,
    0.842731284
  ],
  "TT": [
    0.955806073,
    1.031038437,
    1.0,
    1.0,
    1.0,
    0.695230307,
    0.698089877,
    0.845974603,
    1.013034961,
    1.22210592,
    0.810302582,
    0.550132431,
    0.932727831,
    0.850984014,
    0.851903888
  ]
}