{
  "AA": [
    -0.00543,
    0.004283488,
    0,
    0,
    0,
    -0.009522305,
    0.072130987,
    0.126768829,
    0.011363718,
    -0.18538821,
    -0.16348208,
    -0.03856405,
    -0.149361809,
    -0.077219692,
    -0.015567376
  ],
  "AC": [
    -0.00397,
    -0.01312702,
    0.03484197,
    0,
    0,
    0.062748291,
    0.126789177,
    0.146143769,
    0.162159634,
    0.04588116,
    -0.20509574,
    -0.0817389,
    -0.045611282,
    -0.104644007,
    0.031495467
  ],
  "AG": [
    -0.000378,
    0.014252352,
    -0.007480984,
    0,
    0,
    -0.074673607,
    -0.071779421,
    -0.006093003,
    0.065834431,
    0.01515899,
    -0.0817777,
    0.03034085,
    0.002040677,
    -0.110411569,
    -0.017962542
  ],
  "AT": [
    0.00143,
    -0.00425201,
    0,
    0,
    0,
    0.045505634,
    0.039005913,
    0.102050449,
    0.090197303,
    -0.10922156,
    -0.03617314,
    -0.02909581,
    -0.116448795,
    0.006404936,
    0.006821267
  ],
  "CA": [
    0.0109,
    -0.000577155,
    0,
    0,
    -0.011144808,
    0.019866681,
    0.112734937,
    0.166467536,
    0.023867952,
    -0.01242086,
    0.04442879,
    -0.22519636,
    -0.065117058,
    0.015147464,
    -0.028647697
  ],
  "CC": [
    0.0015,
    -0.02927809,
    0.008212147,
    0.018770994,
    0.006235185,
    0.036813409,
    0.103896886,
    0.082043208,
    0.139220915,
    0.21498211,
    -0.00635486,
    -0.01584372,
    0.066876833,
    0.011610443,
    -0.008439025
  ],
  "CG": [
    -0.00282,
    -0.002202767,
    -0.032077217,
    0,
    -0.028542785,
    -0.048494666,
    -0.036089654,
    0.007860852,
    0.042339635,
    0.15221119,
    0.08093335,
    -0.04598857,
    0.08726532,
    -0.063182316,
    -0.063004892
  ],
  "CT": [
    0.0132,
    -0.002168181,
    0,
    0,
    0.059238522,
    0.061439031,
    0.126049786,
    0.121479104,
    0.081918838,
    0.04447931,
    0.2069162,
    -0.14804715,
    -0.004805387,
    0.087041447,
    -0.00792387
  ],
  "GA": [
    -0.0064,
    0.011872802,
    0,
    0,
    0,
    -0.024059662,
    -0.00503588,
    -0.066217923,
    -0.154121101,
    -0.19828033,
    0.03502903,
    -0.0157952,
    -0.024273441,
    0.058617309,
    -0.044690048
  ],
  "GC": [
    -0.0203,
    -0.02081156,
    0.01434027,
    -0.009842453,
    0,
    0.042361668,
    0.037128607,
    0.000191676,
    0.052317918,
    0.0388746,
    -0.08623692,
    0.07971978,
    0.060579975,
    0.018986939,
    -0.059867284
  ],
  "GG": [
    -0.00859,
    0.004669302,
    0.00366422,
    0,
    0,
    -0.106397757,
    -0.177483795,
    -0.167332953,
    -0.106955224,
    0.05023473,
    0.17994785,
    0.05797816,
    0.051906268,
    0.045972052,
    -0.037411787
  ],
  "GT": [
    -0.00425,
    -0.008486544,
    0,
    0,
    0,
    0.038453389,
    -0.004292496,
    -0.097860748,
    -0.074362022,
    -0.10099033,
    0.14524248,
    0.09016484,
    0.06890931,
    0.111802725,
    -0.06880036
  ],
  "TA": [
    0.0232,
    0.012047228,
    0,
    0,
    0,
    0.082731471,
    0.130425552,
    0.143849946,
    -0.016044997,
    -0.098102,
    -0.13255233,
    0.05628669,
    -0.022079335,
    0.006050205,
    0.071322068
  ],
  "TC": [
    -4.35e-06,
    -0.007348133,
    0.015023827,
    0,
    0,
    0.093607182,
    0.141686594,
    0.115182071,
    0.121599896,
    0.10164178,
    -0.16083653,
    0.06752028,
    -0.006992164,
    -0.062854824,
    0.069002871
  ],
  "TG": [
    0.0141,
    0.012923515,
    -0.016716362,
    0,
    0,
    -0.002642735,
    -0.033763896,
    -0.024930341,
    -0.009859235,
    0.0499366,
    -0.06925341,
    0.15341265,
    0.059492085,
    -0.054688374,
    0.063014776
  ],
  "TT": [
    0.0177,
    -0.01243655,
    0,
    0,
    0,
    0.122115793,
    0.120970014,
    0.061715236,
    -0.005222877,
    -0.08899389,
    0.07600838,
    0.18025393,
    0.026954761,
    0.059708054,
    0.059339477
  ]
}