{
  "A": [
    1.005876944,
    0.991776846,
    0.983077704,
    1.0,
    1.0,
    1.027808622,
    0.962406416,
    0.819868592,
    0.811116369,
    1.109398477,
    1.324366188,
    1.08979096,
    1.194601928,
    1.167577751,
    1.004895071,
    0.999672436
  ],
  "C": [
    0.987534545,
    1.01733525,
    1.04547576,
    0.953152976,
    1.0,
    0.98443884,
    0.862282704,
    0.789121482,
    0.848972779,
    0.747441812,
    0.801959237,
    1.2717505,
    0.959566884,
    0.941906192,
    1.077638159,
    0.971829298
  ],
  "G": [
    1.024421114,
    1.002401796,
    0.981332949,
    1.024565214,
    1.0,
    1.071235756,
    1.169633138,
    1.246258078,
    1.186062443,
    1.058111018,
    0.849066519,
    0.844709625,
    0.883975581,
    0.86535299,
    1.132614501,
    1.025300774
  ],
  "T": [
    0.963752503,
    0.987413006,
    1.016199781,
    1.0,
    1.0,
    0.852151558,
    0.847340413,
    0.86430785,
    0.973112382,
    0.996820959,
    1.184984855,
    0.719361833,
    0.971570038,
    1.02104466,
    0.837240993,
    0.989763441
  ]
}