{
  "AA": [
    0.009081411,
    0.087778434,
    0.154159324,
    0.09141531,
    0.0029742,
    -0.050968079,
    -0.080101303,
    -0.103107912,
    -0.031777122,
    -0.017510513,
    -0.00331,
    0.007606967
  ],
  "AC": [
    0.035017676,
    0.033503366,
    0.073575187,
    0.07572152,
    -0.006389322,
    -0.060141008,
    -0.05010873,
    -0.058971992,
    -0.049130859,
    0.011343901,
    -0.00819,
    0.000357329
  ],
  "AG": [
    -0.084497637,
    -0.069390977,
    -0.002043154,
    0.01119738,
    -0.023798874,
    -0.013266516,
    -0.022619033,
    -0.054198475,
    -0.092043541,
    0.008640449,
    -0.00526,
    -0.000887778
  ],
  "AT": [
    0.045971299,
    0.030973446,
    0.050978338,
    0.03572171,
    -0.035385509,
    -0.001174494,
    -0.050685047,
    -0.029060379,
    0.024231604,
    -0.013966992,
    -0.00147,
    0.012182348
  ],
  "CA": [
    0.008389612,
    0.092189709,
    0.057132147,
    -0.03544149,
    -0.036685202,
    -0.06395038,
    -0.125153888,
    -0.001004514,
    -0.009623127,
    -0.017279695,
    0.0154,
    -0.006833143
  ],
  "CC": [
    0.012593763,
    -0.002411931,
    -0.040929122,
    0.04824559,
    0.076564814,
    0.014287539,
    0.041989015,
    0.035681438,
    0.002130942,
    0.00874438,
    0.0111,
    -0.000858851
  ],
  "CG": [
    -0.064891784,
    -0.04474141,
    -0.010070678,
    -0.03993763,
    0.030321195,
    0.025332536,
    -0.016425931,
    0.019051606,
    -0.05506201,
    -0.005866804,
    6.1e-05,
    -0.025199587
  ],
  "CT": [
    0.044395592,
    0.027324876,
    -0.003589745,
    0.04495715,
    0.070275125,
    0.09831353,
    -0.008604034,
    0.052594728,
    0.027359893,
    -0.025314094,
    0.0101,
    0.004106841
  ],
  "GA": [
    0.016382139,
    0.030309937,
    -0.045976887,
    -0.09743956,
    -0.09952783,
    -0.048026708,
    -0.079382144,
    -0.015967358,
    -0.004537817,
    -0.04537268,
    0.0104,
    0.000170652
  ],
  "GC": [
    0.009503221,
    -0.064815252,
    -0.070268435,
    -0.04083228,
    -0.050954636,
    -0.055066878,
    0.048826935,
    0.011534141,
    -0.00650564,
    -0.049393756,
    -0.00781,
    -0.009703637
  ],
  "GG": [
    -0.121551835,
    -0.216446123,
    -0.20757596,
    -0.14751025,
    -0.028349851,
    0.031811408,
    -0.001523036,
    0.037665588,
    0.005285288,
    -0.021653404,
    0.0242,
    -0.002963063
  ],
  "GT": [
    0.01184916,
    -0.082920407,
    -0.121300976,
    -0.05610021,
    -0.033219176,
    0.101497182,
    0.060215168,
    0.055946057,
    0.022295787,
    -0.060448133,
    0.00675,
    0.015480354
  ],
  "TA": [
    0.060507082,
    0.098414385,
    0.048197099,
    -0.06980566,
    -0.04116122,
    -0.049054633,
    0.038531065,
    0.012981482,
    0.037555698,
    0.044343643,
    -0.000561,
    0.005326662
  ],
  "TC": [
    0.047997697,
    0.060325751,
    0.029055058,
    0.04234167,
    0.032044778,
    -0.033002797,
    0.067977716,
    0.0050741,
    0.019220529,
    0.045840932,
    -0.0291,
    -0.006319487
  ],
  "TG": [
    -0.028551982,
    -0.061329424,
    -0.067021223,
    -0.07699481,
    0.002964694,
    0.025995407,
    0.122281992,
    0.027539061,
    -0.008035706,
    0.041132195,
    -0.0227,
    -0.003740494
  ],
  "TT": [
    0.075586262,
    0.068103273,
    -0.005930056,
    0.03129569,
    0.090986229,
    0.170092685,
    0.143294716,
    0.081620065,
    0.078419051,
    0.018446183,
    -0.0164,
    0.001870845
  ]
}