{
  "AA": [
    0.976129575,
    0.769274999,
    0.594793293,
    0.759715496,
    0.992182336,
    1.13396924,
    1.210545716,
    1.271018427,
    1.083525943,
    1.046026261,
    1.008705054,
    0.980005141
  ],
  "AC": [
    0.907956283,
    0.911936636,
    0.806608134,
    0.800966513,
    1.016794288,
    1.15808022,
    1.131710447,
    1.155007469,
    1.12914012,
    0.970182635,
    1.021538395,
    0.999060764
  ],
  "AG": [
    1.222101449,
    1.182393699,
    1.005370416,
    0.970567765,
    1.062555174,
    1.034870945,
    1.05945397,
    1.142460313,
    1.241935805,
    0.97728864,
    1.013818227,
    1.002333518
  ],
  "AT": [
    0.879164761,
    0.918586513,
    0.866003794,
    0.906105735,
    1.093010563,
    1.003087149,
    1.133225292,
    1.076385003,
    0.936307398,
    1.036712141,
    1.003869617,
    0.967978783
  ],
  "CA": [
    0.977947963,
    0.757679993,
    0.84982855,
    1.093157709,
    1.096426797,
    1.168093127,
    1.328966121,
    1.002640358,
    1.025294322,
    1.045419558,
    0.959597276,
    1.017960869
  ],
  "CC": [
    0.966897382,
    1.006339744,
    1.107581912,
    0.873186803,
    0.798749921,
    0.962445303,
    0.889632167,
    0.906211589,
    0.994398834,
    0.977015458,
    0.970928762,
    1.002257484
  ],
  "CG": [
    1.170567601,
    1.117602484,
    1.026470707,
    1.104975782,
    0.920300951,
    0.933413606,
    1.043175445,
    0.949922987,
    1.144730109,
    1.015420853,
    0.999839676,
    1.066236939
  ],
  "CT": [
    0.883306496,
    0.928176754,
    1.00943562,
    0.881830445,
    0.815282324,
    0.741583573,
    1.022615643,
    0.861755125,
    0.928084712,
    1.066537919,
    0.973371552,
    0.989205198
  ],
  "GA": [
    0.956939662,
    0.920330542,
    1.120849927,
    1.256119203,
    1.261608206,
    1.126237867,
    1.208655411,
    1.041970089,
    1.01192762,
    1.119261773,
    0.972556246,
    0.999551443
  ],
  "GC": [
    0.97502085,
    1.170366437,
    1.184700091,
    1.107327363,
    1.133933905,
    1.144742904,
    0.871658742,
    0.969682591,
    1.017100029,
    1.129831143,
    1.020539972,
    1.025505941
  ],
  "GG": [
    1.31949815,
    1.568927124,
    1.545611962,
    1.387729663,
    1.074517385,
    0.916383936,
    1.004003289,
    0.900996265,
    0.986107657,
    1.056915821,
    0.936439096,
    1.007788389
  ],
  "GT": [
    0.968854566,
    1.217955711,
    1.318838769,
    1.14745901,
    1.087316372,
    0.733215366,
    0.841724851,
    0.85294618,
    0.941395679,
    1.158887496,
    0.982256655,
    0.959309998
  ],
  "TA": [
    0.840957557,
    0.741318476,
    0.873314262,
    1.18348369,
    1.108191979,
    1.12893976,
    0.898721365,
    0.965878265,
    0.90128511,
    0.883443044,
    1.001473352,
    0.985998907
  ],
  "TC": [
    0.873838388,
    0.841434185,
    0.923628983,
    0.888705216,
    0.915770525,
    1.086747622,
    0.821321048,
    0.986662764,
    0.949478974,
    0.87950743,
    1.07651856,
    1.016610726
  ],
  "TG": [
    1.075048685,
    1.161203963,
    1.176164817,
    1.202380321,
    0.992207323,
    0.931671254,
    0.678582638,
    0.92761377,
    1.021121797,
    0.891884313,
    1.05973048,
    1.009831862
  ],
  "TT": [
    0.801322038,
    0.820991022,
    1.015587111,
    0.917739497,
    0.760843332,
    0.552912565,
    0.623350839,
    0.785462229,
    0.793876072,
    0.951514337,
    1.043144452,
    0.995082498
  ]
}