{
  "A": [
    1.008030101,
    0.943314734,
    0.799853173,
    0.844749208,
    1.035708419,
    1.090382741,
    1.142615407,
    1.169234866,
    1.078282242,
    1.011021726,
    1.011917006,
    0.986792185,
    0.994402905
  ],
  "C": [
    1.00715408,
    0.929613609,
    0.988853888,
    0.988885727,
    0.918529307,
    0.967272725,
    1.087830253,
    0.93478969,
    1.007405758,
    1.02770326,
    0.973780551,
    1.021207444,
    1.00971005
  ],
  "G": [
    1.065371507,
    1.20791067,
    1.270271459,
    1.197324396,
    1.140756853,
    1.006068134,
    0.959657363,
    0.948543333,
    0.993106835,
    1.116898166,
    0.975724792,
    1.000502299,
    1.019160418
  ],
  "T": [
    0.899698541,
    0.887012782,
    0.981241699,
    1.041017047,
    0.945813984,
    0.926528445,
    0.764904194,
    0.917178682,
    0.901870985,
    0.897744716,
    1.039651422,
    1.000014297,
    0.975379382
  ]
}